chart,x,y,Z_ode,Zraw_ode,Z_unwrap,Zraw_unwrap,Z_ref_1e-10,Zraw_ref_1e-10,root_on_line
distributed,0.5810810810810811,1.2702702702702706,1,1.0000559780996379,2,2.000018496370923,2,2.000018496206395,true
neutral,-1.2,-1.2,64,64.32820929495321,63,63.37987939733853,64,64.37987940748127,true
neutral,-1.0054054054054054,-1.2,48,47.943409415685814,63,63.33244839454699,63,63.332448404105136,false
neutral,1.0054054054054056,-1.2,48,47.815796326186124,65,64.83047967514021,65,64.8304796993931,false
neutral,1.0378378378378377,-1.2,64,64.19135195799294,65,64.82751312960767,65,64.82751314411288,false
neutral,-1.1675675675675674,-1.1675675675675674,64,64.37229550032369,63,63.37265451268104,64,64.37265479577732,true
neutral,-1.0054054054054054,-1.1675675675675674,52,52.08168374163608,63,63.33244861281497,63,63.33244862776071,false
neutral,1.0054054054054056,-1.1675675675675674,52,51.78281207269041,65,64.83047975019849,65,64.8304797678592,false
neutral,1.0378378378378377,-1.1675675675675674,64,64.09887465779246,65,64.82751320227769,65,64.82751321185404,false
neutral,1.0702702702702702,-1.1675675675675674,64,64.05308949730673,65,64.82464017124991,65,64.82464018285002,false
neutral,-1.135135135135135,-1.135135135135135,64,64.35836969152666,63,63.36516478467576,64,64.36516479843878,true
neutral,-1.0054054054054054,-1.135135135135135,47,46.57002719579935,63,63.33244883093488,63,63.332448847153564,false
neutral,1.0054054054054056,-1.135135135135135,54,53.5104620051992,65,64.830479825109,65,64.83047983845705,false
neutral,1.0378378378378377,-1.135135135135135,64,64.19577252850522,65,64.82751327479983,65,64.82751328573593,false
neutral,-1.1027027027027028,-1.1027027027027028,64,64.3499049097476,65,65.35740413805782,64,64.35740414643733,true
neutral,-1.0054054054054054,-1.1027027027027028,53,52.51902732169115,63,63.33244904876679,63,63.33244906538959,false
neutral,1.0054054054054056,-1.1027027027027028,50,49.65374320645012,65,64.83047989973178,65,64.83047991709915,false
neutral,-1.0702702702702702,-1.0702702702702702,64,63.947375422580784,65,65.34936733874194,64,64.3493673458963,true
neutral,-1.0054054054054054,-1.0702702702702702,53,53.33584259908012,63,63.33244926591191,63,63.332449284232425,false
neutral,1.0054054054054056,-1.0702702702702702,57,56.67822208669771,65,64.83047997366779,65,64.8304800015041,false
neutral,1.0378378378378377,-1.0702702702702702,64,63.82192926899339,65,64.82751341858187,65,64.82751342999975,false
neutral,-1.0378378378378377,-1.0378378378378377,63,62.54979452819638,65,65.34105018080479,64,64.34105020465054,true
neutral,-1.0054054054054054,-1.0378378378378377,53,53.16795943317792,63,63.33244948060463,63,63.332449501155594,false
neutral,1.0054054054054056,-1.0378378378378377,51,50.827540800466195,65,64.83048004515175,65,64.83048007100663,false
neutral,1.0378378378378377,-1.0378378378378377,64,64.36832472301349,65,64.82751348767752,65,64.82751350686573,false
neutral,-1.0054054054054054,-1.0054054054054054,51,51.22294468087998,-1,NaN,64,64.33244972673846,true
neutral,1.0054054054054056,-1.0054054054054054,59,59.26295643155982,65,64.83048007004362,65,64.83048014038926,false
neutral,1.0378378378378377,-1.0054054054054054,64,63.83840486968824,65,64.82751351018094,65,64.82751357425022,false
neutral,-1.0054054054054054,-0.972972972972973,52,52.229106284651635,64,64.33244993794469,64,64.33244995019328,false
neutral,-0.972972972972973,-0.972972972972973,1,1.323271384559723,2,2.3235643870511002,1,1.3235643753414124,true
neutral,1.0054054054054056,-0.972972972972973,50,50.19137211196163,64,63.830480216075145,64,63.830480226180164,false
neutral,1.0378378378378377,-0.972972972972973,63,62.789660055531044,64,63.82751365382415,64,63.827513656421644,false
neutral,1.0702702702702702,-0.972972972972973,63,63.1068156441549,64,63.824640609066584,64,63.82464060476103,false
neutral,-1.0054054054054054,-0.9405405405405405,54,53.78305716440832,64,64.33245015009541,64,64.33245016476833,false
neutral,-0.9405405405405405,-0.9405405405405405,1,1.314324825170691,2,2.3143943464302716,1,1.314394341132399,true
neutral,1.0054054054054056,-0.9405405405405405,53,52.75447269854593,64,63.8304802850179,64,63.83048029264288,false
neutral,1.0702702702702702,-0.9405405405405405,63,63.3793304702248,64,63.82464067333265,64,63.824640685494,false
neutral,-1.0054054054054054,-0.9081081081081079,53,52.92254915722057,64,64.33245036678065,64,64.33245038602772,false
neutral,-0.9081081081081079,-0.9081081081081079,1,1.3051155390076594,2,2.304941655392782,1,1.3049416521385044,true
neutral,1.0054054054054056,-0.9081081081081079,53,52.51650069694719,64,63.830480358495414,64,63.83048036926359,false
neutral,1.0378378378378377,-0.9081081081081079,63,63.22208599185025,64,63.82751379146756,64,63.82751380640505,false
neutral,-1.0054054054054054,-0.8756756756756757,56,55.763892678581406,64,64.33245058445144,64,64.33245060661923,false
neutral,-0.8756756756756757,-0.8756756756756757,1,1.2940063964267505,2,2.2952104769457184,1,1.2952104746170248,true
neutral,1.0054054054054056,-0.8756756756756757,52,51.635350935582316,64,63.830480432958645,64,63.830480442797196,false
neutral,-1.0378378378378377,-0.8432432432432433,63,62.91143996015997,64,64.34105146004177,64,64.34105147203692,false
neutral,-1.0054054054054054,-0.8432432432432433,54,53.57651453637639,64,64.332450802496,64,64.33245081801559,false
neutral,-0.8432432432432433,-0.8432432432432433,1,1.2850324688388972,0,0.285207304830397,1,1.28520730308127,true
neutral,1.0054054054054056,-0.8432432432432433,52,52.15555491434861,64,63.830480507795905,64,63.83048052059091,false
neutral,-1.0702702702702702,-0.8108108108108107,63,62.877802925626234,64,64.34936898026368,64,64.34936920369023,false
neutral,-1.0054054054054054,-0.8108108108108107,52,52.08664656585344,64,64.33245102072208,64,64.33245104056317,false
neutral,-0.8108108108108107,-0.8108108108108107,1,1.2748808498083701,0,0.27494114576683604,1,1.2749411443500787,true
neutral,1.0054054054054056,-0.8108108108108107,53,52.71552487599946,64,63.83048058281482,64,63.83048059390523,false
neutral,1.0702702702702702,-0.8108108108108107,63,63.353519658357996,64,63.824640952422776,64,63.82464096037965,false
neutral,-1.0054054054054054,-0.7783783783783784,52,52.07421788967112,64,64.33245123904976,64,64.33245125305558,false
neutral,-0.7783783783783784,-0.7783783783783784,1,1.264118115572947,2,2.264423669411785,1,1.2644236683150565,true
neutral,1.0054054054054056,-0.7783783783783784,54,53.74745860698272,64,63.8304806579358,64,63.83048067429913,false
neutral,1.0378378378378377,-0.7783783783783784,63,63.179094546815605,64,63.82751408135454,64,63.827514092931104,false
neutral,-1.0054054054054054,-0.7459459459459458,49,49.23325401142258,64,64.33245145744016,64,64.33245148109496,false
neutral,-0.7459459459459458,-0.7459459459459458,1,1.253758681767805,2,2.2536693124513305,1,1.2536693115940758,true
neutral,1.0054054054054056,-0.7459459459459458,51,50.66348224841157,64,63.830480733119565,64,63.830480742658544,false
neutral,1.0378378378378377,-0.7459459459459458,63,62.66250352436641,64,63.82751415414989,64,63.82751416348544,false
neutral,1.0702702702702702,-0.7459459459459458,63,63.43053673330484,64,63.82464109337409,64,63.82464109870861,false
neutral,-1.0378378378378377,-0.7135135135135133,62,62.14808374806649,64,64.34105230498128,64,64.3410523208237,false
neutral,-1.0054054054054054,-0.7135135135135133,45,45.3311521340043,64,64.33245167587188,64,64.33245169535782,false
neutral,-0.7135135135135133,-0.7135135135135133,1,1.2426167936103356,2,2.24269532523497,1,1.2426953244107197,true
neutral,1.0054054054054056,-0.7135135135135133,51,50.81462653041689,64,63.830480808344994,64,63.830480819678236,false
neutral,-1.0054054054054054,-0.681081081081081,52,51.53515789401781,64,64.33245189433231,64,64.33245191834762,false
neutral,-0.681081081081081,-0.681081081081081,1,1.231655674682023,0,0.23152175058154356,1,1.23152174995237,true
neutral,1.0054054054054056,-0.681081081081081,50,50.25425639811082,64,63.830480883599265,64,63.83048090080748,false
neutral,1.0378378378378377,-0.681081081081081,63,62.66682173280097,64,63.827514299852886,64,63.82751431287409,false
neutral,1.0702702702702702,-0.681081081081081,63,62.76198640268352,64,63.824641234500355,64,63.824641251871526,false
neutral,-1.0054054054054054,-0.6486486486486487,52,52.0066165919619,64,64.33245211281336,64,64.3324521334743,false
neutral,-0.6486486486486487,-0.6486486486486487,1,1.2202934948112032,0,0.22017132646476711,1,1.2201713259347393,true
neutral,1.0054054054054056,-0.6486486486486487,52,52.14457713747708,64,63.83048095887449,64,63.8304809739642,false
neutral,1.0378378378378377,-0.6486486486486487,63,63.16989563068965,64,63.827514372739735,64,63.82751438567009,false
neutral,-1.0378378378378377,-0.6162162162162163,63,63.394371785523596,64,64.34105293909211,64,64.34105294954884,false
neutral,-1.0054054054054054,-0.6162162162162163,52,51.663203277880164,64,64.33245233130978,64,64.33245235335,false
neutral,-0.6162162162162163,-0.6162162162162163,1,1.208673299182077,2,2.2086693073382797,1,1.2086693068525425,true
neutral,1.0054054054054056,-0.6162162162162163,49,48.838862464604205,64,63.830481034165366,64,63.83048104882237,false
neutral,1.0378378378378377,-0.6162162162162163,63,62.527119301307316,64,63.827514445642166,64,63.827514456083875,false
neutral,-1.0054054054054054,-0.5837837837837837,51,51.07399260775826,64,64.33245254981807,64,64.3324525560721,false
neutral,-0.5837837837837837,-0.5837837837837837,1,1.1971234728680387,2,2.197043202798193,1,1.1970432023639856,true
neutral,1.0054054054054056,-0.5837837837837837,49,48.968942073173594,64,63.83048110946821,64,63.830481121784786,false
neutral,1.0378378378378377,-0.5837837837837837,61,61.489298854599355,64,63.8275145185566,64,63.82751452780733,false
neutral,-1.0054054054054054,-0.5513513513513513,52,51.55685573044194,64,64.33245276833541,64,64.3324527846006,false
neutral,-0.5513513513513513,-0.5513513513513513,1,1.1853519905662666,-1,NaN,1,1.185322436486439,true
neutral,1.0054054054054056,-0.5513513513513513,51,50.85083799759212,64,63.830481184780446,64,63.8304811976013,false
neutral,1.0378378378378377,-0.5513513513513513,63,62.66904999124469,64,63.82751459148057,64,63.82751460635026,false
neutral,-1.0378378378378377,-0.518918918918919,63,63.44810935314148,64,64.34105357331518,64,64.34105359211608,false
neutral,-1.0054054054054054,-0.518918918918919,50,50.19055524579722,64,64.33245298686006,64,64.33245299845677,false
neutral,-0.518918918918919,-0.518918918918919,1,1.1738869202248174,0,0.17353793612994006,1,1.1735379357948812,true
neutral,1.0054054054054056,-0.518918918918919,55,55.38135675280721,64,63.83048126010024,64,63.83048127305603,false
neutral,1.0378378378378377,-0.518918918918919,63,63.25054970784236,64,63.82751466441192,64,63.827514675571244,false
neutral,1.0702702702702702,-0.518918918918919,63,63.433105396263656,64,63.82464158761765,64,63.82464159445844,false
neutral,-1.0054054054054054,-0.4864864864864864,49,48.91238543691818,64,64.33245320539065,64,64.33245322451732,false
neutral,-0.4864864864864864,-0.4864864864864864,1,1.1619266426191788,0,0.16172165950218642,1,1.1617216592013326,true
neutral,1.0054054054054056,-0.4864864864864864,52,52.19152540579846,64,63.83048133542607,64,63.83048134905887,false
neutral,1.0378378378378377,-0.4864864864864864,63,63.22335888978464,64,63.827514737349354,64,63.827514752956255,false
neutral,-1.0378378378378377,-0.4540540540540542,63,62.830236114802204,64,64.34105399616301,64,64.34105401348964,false
neutral,-1.0054054054054054,-0.4540540540540542,51,50.645854916940955,64,64.332453423926,64,64.3324534439229,false
neutral,-0.4540540540540542,-0.4540540540540542,1,1.1499296831922547,0,0.1499060869050468,1,1.1499060866358202,true
neutral,1.0054054054054056,-0.4540540540540542,56,55.798784095313685,64,63.83048141075704,64,63.83048142194628,false
neutral,1.0702702702702702,-0.4540540540540542,63,63.35655649169595,64,63.82464172892086,64,63.824641736892765,false
neutral,-1.0054054054054054,-0.42162162162162153,51,50.96447499640425,64,64.33245364246525,64,64.33245365690078,false
neutral,-0.42162162162162153,-0.42162162162162153,1,1.1381763808028642,2,2.138123686664937,1,1.1381236864273014,true
neutral,1.0054054054054056,-0.42162162162162153,52,51.54476227813961,64,63.83048148609207,64,63.830481498419346,false
neutral,1.0702702702702702,-0.42162162162162153,65,64.96207998467864,64,63.82464179957929,64,63.82464180729583,false
neutral,-1.0054054054054054,-0.3891891891891892,51,51.07170859271302,64,64.33245386100785,64,64.33245387634126,false
neutral,-0.3891891891891892,-0.3891891891891892,1,1.126424812056407,2,2.1264063834278377,1,1.126406383224557,true
neutral,1.0054054054054056,-0.3891891891891892,51,50.896997686578956,64,63.83048156143073,64,63.83048157463065,false
neutral,1.0378378378378377,-0.3891891891891892,63,63.114125836717875,64,63.82751495618878,64,63.82751497348961,false
neutral,1.0702702702702702,-0.3891891891891892,63,63.20085103059006,64,63.82464187024105,64,63.82464187898737,false
neutral,-1.0054054054054054,-0.3567567567567568,54,54.23256541044218,64,64.33245407955323,64,64.33245409498363,false
neutral,-0.3567567567567568,-0.3567567567567568,1,1.1148900112793196,2,2.114785048150862,1,1.114785047977,true
neutral,1.0054054054054056,-0.3567567567567568,50,49.94297268470342,64,63.830481636772376,64,63.83048164392615,false
neutral,1.0378378378378377,-0.3567567567567568,61,61.31602669051746,64,63.82751502914198,64,63.827515041916,false
neutral,1.0702702702702702,-0.3567567567567568,63,63.481855770425874,64,63.824641940905956,64,63.82464194864069,false
neutral,-1.0054054054054054,-0.32432432432432423,52,51.92877156614399,64,64.33245429810084,64,64.33245431052708,false
neutral,-0.32432432432432423,-0.32432432432432423,1,1.103406392992441,0,0.10328903013271407,1,1.1032890299451548,true
neutral,1.0054054054054056,-0.32432432432432423,49,48.72185340235667,64,63.830481712116566,64,63.830481723192754,false
neutral,-1.0054054054054054,-0.2918918918918918,53,52.881007303327344,64,64.33245451665053,64,64.33245453272372,false
neutral,-0.972972972972973,-0.2918918918918918,3,3.017304707948762,2,2.3235691154282154,2,2.323569114547765,false
neutral,-0.2918918918918918,-0.2918918918918918,1,1.0919686767492585,2,2.0919457479589805,1,1.0919457478231827,true
neutral,1.0054054054054056,-0.2918918918918918,55,54.92044789510336,64,63.830481787463036,64,63.83048179932969,false
neutral,1.0702702702702702,-0.2918918918918918,63,63.35028188617263,64,63.82464208224309,64,63.82464208634215,false
neutral,-1.0378378378378377,-0.2594594594594595,63,63.4721947506295,64,64.34105526478449,64,64.34105528226792,false
neutral,-1.0054054054054054,-0.2594594594594595,57,56.756663470420825,64,64.33245473520196,64,64.33245475321276,false
neutral,-0.2594594594594595,-0.2594594594594595,1,1.0807832562020454,2,2.080780352091741,1,1.0807803519782753,true
neutral,1.0054054054054056,-0.2594594594594595,49,49.3936098717718,64,63.83048186281146,64,63.830481881526794,false
neutral,1.0378378378378377,-0.2594594594594595,63,62.584395033527855,64,63.82751524801575,64,63.827515263301734,false
neutral,-1.0378378378378377,-0.22702702702702693,63,62.973311341718315,64,64.34105547622835,64,64.34105549259041,false
neutral,-1.0054054054054054,-0.22702702702702693,56,55.582316629652,64,64.33245495375485,64,64.33245497223028,false
neutral,-0.22702702702702693,-0.22702702702702693,1,1.0698819813092144,0,0.06981546707409758,1,1.0698154669785178,true
neutral,0.8756756756756758,-0.22702702702702693,1,0.8433946682971623,0,-0.15663131235900618,0,-0.15663131272930286,true
neutral,1.0054054054054056,-0.22702702702702693,53,52.512393654429886,64,63.83048193816153,64,63.83048195160577,false
neutral,-1.0054054054054054,-0.19459459459459472,49,49.12041490894376,64,64.33245517230893,64,64.33245518557295,false
neutral,-0.19459459459459472,-0.19459459459459472,1,1.0590601165444715,0,0.059071016433280055,1,1.0590710163537231,true
neutral,1.0054054054054056,-0.19459459459459472,53,53.06807215117056,64,63.83048201351317,64,63.8304820494963,false
neutral,1.0378378378378377,-0.19459459459459472,62,61.87754266212618,64,63.827515393940736,64,63.827515413841375,false
neutral,1.0702702702702702,-0.19459459459459472,63,63.32199799191321,64,63.824642294262894,64,63.824642299960416,false
neutral,-1.0054054054054054,-0.16216216216216206,53,53.168752183721644,64,64.3324553908642,64,64.33245540874677,false
neutral,-0.16216216216216206,-0.16216216216216206,1,1.0486271048173466,0,0.048564128795440364,1,1.048564128733442,true
neutral,1.0054054054054056,-0.16216216216216206,54,54.10520825982721,64,63.830482088866205,64,63.83048210083642,false
neutral,1.0378378378378377,-0.16216216216216206,63,63.180122680772506,64,63.8275154669052,64,63.827515483593466,false
neutral,-1.0054054054054054,-0.12972972972972974,51,51.46688452263884,64,64.33245560942038,64,64.33245562241626,false
neutral,-0.12972972972972974,-0.12972972972972974,1,1.0383404260269584,0,0.03830911982371332,1,1.0383091197778491,true
neutral,1.0054054054054056,-0.12972972972972974,50,50.481707015563686,64,63.83048216422034,64,63.83048217298419,false
neutral,1.0378378378378377,-0.12972972972972974,63,63.236117916304586,64,63.82751553987103,64,63.82751556185597,false
neutral,1.1027027027027028,-0.12972972972972974,63,63.202532137860885,64,63.82185894461169,64,63.82185894921538,false
neutral,-1.0054054054054054,-0.0972972972972973,53,52.95206953557987,64,64.33245582797744,64,64.33245584424606,false
neutral,-0.0972972972972973,-0.0972972972972973,1,1.0283313725872822,0,0.028317541586793782,1,1.0283175415530517,true
neutral,1.0054054054054056,-0.0972972972972973,52,51.98309363583312,64,63.830482239575616,64,63.830482255667526,false
neutral,-1.0054054054054054,-0.06486486486486476,51,51.131758750777735,64,64.33245604653524,64,64.33245606401235,false
neutral,-0.06486486486486476,-0.06486486486486476,1,1.018595781954819,2,2.018598288957004,1,1.0185982889401188,true
neutral,1.0054054054054056,-0.06486486486486476,51,50.709064687213385,64,63.830482314931814,64,63.83048232741102,false
neutral,-1.0054054054054054,-0.03243243243243232,51,50.98727079601605,64,64.33245626509363,64,64.33245627279354,false
neutral,-0.03243243243243232,-0.03243243243243232,1,1.009156191791407,0,0.009157751605552433,1,1.0091577515960932,true
neutral,1.0054054054054056,-0.03243243243243232,49,48.672953352025964,64,63.83048239028892,64,63.83048240545034,false
neutral,1.0378378378378377,-0.03243243243243232,63,63.06968086762788,64,63.827515758774226,64,63.82751577361106,false
neutral,-1.0378378378378377,0.0,63,63.3649661856427,64,64.34105695636276,64,64.34105697129577,false
neutral,-1.0054054054054054,0.0,53,52.98016765890235,64,64.33245648365258,64,64.33245649990643,false
neutral,0.0,0.0,1,1.0,0,0.0,1,1.0,true
neutral,1.0054054054054056,0.0,57,56.50743036297938,64,63.83048246564684,64,63.830482479725994,false
neutral,1.1027027027027028,0.0,63,63.296481988363574,64,63.821859218558686,64,63.82185922400599,false
neutral,-1.0054054054054054,0.03243243243243232,52,52.13370157689512,64,64.33245670221217,64,64.33245671711254,false
neutral,0.03243243243243232,0.03243243243243232,1,0.9911266569210965,0,-0.008873005651180321,1,0.9911269943593176,true
neutral,1.0054054054054056,0.03243243243243232,48,47.9061960659019,64,63.83048254100544,64,63.83048255761245,false
neutral,1.0378378378378377,0.03243243243243232,63,63.117817535802146,64,63.82751590471392,64,63.82751592211904,false
neutral,-1.0054054054054054,0.06486486486486465,50,50.32099452712921,64,64.33245692077205,64,64.33245693322627,false
neutral,0.06486486486486465,0.06486486486486465,1,0.9825364020763931,2,1.982538806489416,1,0.9825388065136638,true
neutral,1.0054054054054056,0.06486486486486465,55,54.60262839690844,64,63.83048261636478,64,63.830482633550574,false
neutral,1.0378378378378377,0.06486486486486465,63,63.21243146420021,64,63.82751597768478,64,63.827515994241196,false
neutral,-1.0054054054054054,0.09729729729729741,49,48.522876939052466,64,64.33245713933229,64,64.33245715019177,false
neutral,0.09729729729729741,0.09729729729729741,1,0.9742570686928651,0,-0.025766153910191436,1,0.974233846117927,true
neutral,1.0054054054054056,0.09729729729729741,51,50.65127662232061,64,63.83048269172464,64,63.83048270685131,false
neutral,-1.0054054054054054,0.12972972972972974,50,50.496537848096594,64,64.3324573578929,64,64.33245737217715,false
neutral,0.12972972972972974,0.12972972972972974,1,0.9662200251771065,0,-0.033790915938225696,1,0.9662090841019491,true
neutral,1.0054054054054056,0.12972972972972974,49,49.289383095113294,64,63.830482767085236,64,63.83048278141857,false
neutral,1.0378378378378377,0.12972972972972974,63,63.11318933134759,64,63.827516123628314,64,63.82751613867627,false
neutral,1.0702702702702702,0.12972972972972974,63,63.246204034719334,64,63.82464300106666,64,63.82464301017515,false
neutral,-1.0054054054054054,0.16216216216216206,52,52.010584948254674,64,64.33245757645382,64,64.33245759110997,false
neutral,0.16216216216216206,0.16216216216216206,1,0.9585101486840694,2,1.958460267627641,1,0.9584602676730026,true
neutral,1.0054054054054056,0.16216216216216206,53,52.59211805512577,64,63.83048284244618,64,63.8304828587406,false
neutral,1.0378378378378377,0.16216216216216206,63,62.62308146290398,64,63.82751619660091,64,63.82751621111589,false
neutral,-1.0054054054054054,0.19459459459459438,55,55.05659562739086,64,64.33245779501496,64,64.33245781189427,false
neutral,0.19459459459459438,0.19459459459459438,1,0.9510007746090972,2,1.9509821229430249,1,0.950982122998347,true
neutral,1.0054054054054056,0.19459459459459438,50,49.81922154483822,64,63.83048291780776,64,63.830482932905326,false
neutral,1.0702702702702702,0.19459459459459438,63,63.36912092264696,64,63.824643142435505,64,63.82464315208469,false
neutral,-1.0054054054054054,0.22702702702702715,56,55.7407596934055,64,64.33245801357636,64,64.33245802623372,false
neutral,0.22702702702702715,0.22702702702702715,1,0.9438425183415461,0,-0.05623145751317837,1,0.9437685425392954,true
neutral,1.0054054054054056,0.22702702702702715,56,56.46254093534698,64,63.830482993169745,64,63.830483009115234,false
neutral,1.0378378378378377,0.22702702702702715,63,62.52631578084005,64,63.82751634254746,64,63.827516356647834,false
neutral,-1.0054054054054054,0.2594594594594595,51,50.92772770984489,64,64.33245823213784,64,64.33245843359862,false
neutral,0.2594594594594595,0.2594594594594595,1,0.9368258038353301,0,-0.063187244449048,1,0.9368127556088696,true
neutral,1.0054054054054056,0.2594594594594595,52,51.67764232649961,64,63.830483068532125,64,63.83048308811137,false
neutral,1.0378378378378377,0.2594594594594595,63,63.310159704454435,64,63.82751641552136,64,63.82751642847258,false
neutral,-1.0054054054054054,0.2918918918918918,49,49.022582132569056,64,64.33245845069958,64,64.33245846165825,false
neutral,0.2918918918918918,0.2918918918918918,1,0.930138568589204,0,-0.06989251891706805,1,0.9301074811562242,true
neutral,1.0054054054054056,0.2918918918918918,50,49.86512438327861,64,63.830483143894774,64,63.83048315697714,false
neutral,1.0378378378378377,0.2918918918918918,63,63.2215328105856,64,63.82751648849567,64,63.82751650411684,false
neutral,1.0702702702702702,0.2918918918918918,63,63.35610927033354,64,63.82464335449196,64,63.82464336252173,false
neutral,-1.0054054054054054,0.3243243243243242,56,55.86478126772063,64,64.33245866926137,64,64.33245868329107,false
neutral,0.3243243243243242,0.3243243243243242,1,0.9237187823447564,2,1.923645062858666,1,0.9236450629113818,true
neutral,1.0054054054054056,0.3243243243243242,49,49.10527437414891,64,63.83048321925806,64,63.83048323524849,false
neutral,1.0378378378378377,0.3243243243243242,63,63.12605354111612,64,63.82751656147033,64,63.827516578028025,false
neutral,-1.0378378378378377,0.35675675675675683,62,62.341880416015215,64,64.34105928233409,64,64.34105929606767,false
neutral,-1.0054054054054054,0.35675675675675683,57,56.90844181066412,64,64.33245888782345,64,64.33245890723026,false
neutral,0.35675675675675683,0.35675675675675683,1,0.9175140521933376,0,-0.08258241249289533,1,0.9174175875979748,true
neutral,1.0054054054054056,0.35675675675675683,50,49.50232342563017,64,63.83048329462148,64,63.8304833157591,false
neutral,-1.0054054054054054,0.3891891891891892,52,52.299667311216794,64,64.33245910638536,64,64.33245912147297,false
neutral,0.3891891891891892,0.3891891891891892,1,0.9115126425775731,0,-0.08858301370507249,1,0.9114169863893594,true
neutral,1.0054054054054056,0.3891891891891892,54,53.824450849544164,64,63.83048336998531,64,63.83048338473653,false
neutral,-1.0054054054054054,0.42162162162162153,51,51.273410069738496,64,64.33245932494751,64,64.33245933833815,false
neutral,-0.972972972972973,0.42162162162162153,5,4.9034935412258225,4,4.323574080523684,4,4.3235740834818435,false
neutral,0.42162162162162153,0.42162162162162153,1,0.9055756928274176,2,1.9056351218335914,1,0.9056351219236634,true
neutral,1.0054054054054056,0.42162162162162153,52,51.78204456029099,64,63.830483445349465,64,63.83048345714319,false
neutral,1.0378378378378377,0.42162162162162153,63,63.23858054026364,64,63.82751678039643,64,63.82751679999248,false
neutral,-1.0054054054054054,0.4540540540540539,54,54.01088399478403,64,64.33245954350976,64,64.33245955618638,false
neutral,0.4540540540540539,0.4540540540540539,1,0.9000176551395987,0,-0.09993613898177967,1,0.9000638611096781,true
neutral,1.0054054054054056,0.4540540540540539,51,50.664013031118664,64,63.83048352071388,64,63.83048366594775,false
neutral,1.0378378378378377,0.4540540540540539,63,63.48583644977945,64,63.82751685337239,64,63.82751686784028,false
neutral,-1.0054054054054054,0.48648648648648657,51,51.06990640660161,64,64.33245976207192,64,64.33245978095727,false
neutral,0.48648648648648657,0.48648648648648657,1,0.8947716132781977,2,1.894695135571288,1,0.8946951357716864,true
neutral,1.0054054054054056,0.48648648648648657,51,50.6714056050646,64,63.83048359607863,64,63.830483621626406,false
neutral,1.0378378378378377,0.48648648648648657,63,63.10173893533418,64,63.82751692634863,64,63.82751694090121,false
neutral,1.1027027027027028,0.48648648648648657,63,63.289451898820886,64,63.82186024594131,64,63.82186025499534,false
neutral,-1.0054054054054054,0.518918918918919,58,58.451258014336574,64,64.33245998063413,64,64.33245999165032,false
neutral,0.518918918918919,0.518918918918919,1,0.8898975828463618,2,1.8895209915649713,1,0.8895209916835147,true
neutral,1.0054054054054056,0.518918918918919,52,51.59251432291318,64,63.83048367144363,64,63.83048368998646,false
neutral,1.0378378378378377,0.518918918918919,63,63.364212472913366,64,63.827516999325134,64,63.82751701292342,false
neutral,1.1027027027027028,0.518918918918919,63,63.491132941447454,64,63.82186031443626,64,63.821860315861876,false
neutral,-1.0054054054054054,0.5513513513513513,52,51.5968505364416,64,64.33246019919636,64,64.33246022020535,false
neutral,0.5513513513513513,0.5513513513513513,1,0.8847582751583362,0,-0.11546637074811095,1,0.8845336293908084,true
neutral,1.0054054054054056,0.5513513513513513,55,55.37655588235451,64,63.83048374680886,64,63.830483775110054,false
neutral,1.0378378378378377,0.5513513513513513,63,63.15847787971707,64,63.82751707230195,64,63.827517219472206,false
neutral,-1.0054054054054054,0.5837837837837836,52,52.148832800338596,64,64.33246041775863,64,64.33246043315242,false
neutral,0.5837837837837836,0.5837837837837836,1,0.8798803256188602,2,1.8797254344593344,1,0.8797254345893596,true
neutral,1.0054054054054056,0.5837837837837836,55,55.337999017872775,64,63.83048382217425,64,63.8304838407718,false
neutral,1.0378378378378377,0.5837837837837836,63,63.303489505515536,64,63.82751714527879,64,63.827517162840685,false
neutral,1.0702702702702702,0.5837837837837836,63,63.38421338659062,64,63.8246439906793,64,63.824643994509536,false
neutral,-1.0378378378378377,0.6162162162162164,63,63.460727980777186,64,64.34106097395933,64,64.34106098446432,false
neutral,-1.0054054054054054,0.6162162162162164,59,58.616661717708276,64,64.33246063632089,64,64.33246064682454,false
neutral,0.6162162162162164,0.6162162162162164,1,0.8745532536520093,0,-0.12491099729144994,1,0.8750890028546725,true
neutral,1.0054054054054056,0.6162162162162164,53,52.62953992968887,64,63.83048389754007,64,63.83048391509707,false
neutral,-1.0378378378378377,0.6486486486486487,63,63.48944079380294,64,64.3410611854124,64,64.34106119631645,false
neutral,-1.0054054054054054,0.6486486486486487,50,50.16481870226969,64,64.33246085488307,64,64.33246086974616,false
neutral,0.6486486486486487,0.6486486486486487,1,0.8707179610887149,0,-0.12938284288315227,1,0.8706171572987067,true
neutral,1.0054054054054056,0.6486486486486487,58,57.669468988530284,64,63.83048397290599,64,63.8304839857781,false
neutral,1.0378378378378377,0.6486486486486487,63,62.79747340637835,64,63.82751729123353,64,63.827517306930844,false
neutral,1.0702702702702702,0.6486486486486487,63,63.3624938400245,64,63.82464413205715,64,63.82464413790976,false
neutral,-1.0378378378378377,0.681081081081081,63,62.92228278135004,64,64.34106139686563,64,64.34106140865754,false
neutral,-1.0054054054054054,0.681081081081081,51,50.9607897027628,64,64.33246107344529,64,64.33246109033631,false
neutral,0.681081081081081,0.681081081081081,1,0.8663669630457659,0,-0.1336970389667127,1,0.8663029611936943,true
neutral,1.0054054054054056,0.681081081081081,55,54.62800446046632,64,63.83048404827214,64,63.83048406232754,false
neutral,1.0378378378378377,0.681081081081081,62,61.68996208085305,64,63.82751736421119,64,63.82751737863853,false
neutral,-1.0054054054054054,0.7135135135135133,53,53.461086159981356,64,64.33246129200742,64,64.33246130546728,false
neutral,0.7135135135135133,0.7135135135135133,1,0.8618599986681823,2,1.8621397262525292,1,0.8621397263565718,true
neutral,1.0054054054054056,0.7135135135135133,53,53.46898926706704,64,63.83048412363844,64,63.830484145725016,false
neutral,1.0702702702702702,0.7135135135135133,63,63.02225551867968,64,63.82464427343574,64,63.824644277130616,false
neutral,-1.0378378378378377,0.7459459459459461,63,63.24125191203293,64,64.34106181977177,64,64.34106183538267,false
neutral,-1.0054054054054054,0.7459459459459461,55,55.192382320034845,64,64.33246151056946,64,64.33246151986052,false
neutral,0.7459459459459461,0.7459459459459461,1,0.8582000305388131,2,1.8581210175500602,1,0.8581210177696903,true
neutral,1.0054054054054056,0.7459459459459461,52,52.22296591136307,64,63.83048419900498,64,63.830484216165985,false
neutral,1.0702702702702702,0.7459459459459461,63,63.35944788163616,64,63.824644344125396,64,63.82464435125629,false
neutral,1.1027027027027028,0.7459459459459461,63,63.46968771388198,64,63.821860793907376,64,63.82186079555792,false
neutral,-1.0054054054054054,0.7783783783783784,52,51.954874762938445,64,64.33246172913152,64,64.33246174184382,false
neutral,0.7783783783783784,0.7783783783783784,1,0.8541920853514159,0,-0.14575934581301153,1,0.8542406542132537,true
neutral,1.0054054054054056,0.7783783783783784,52,51.70177531092412,64,63.83048427437169,64,63.83048428156102,false
neutral,1.0378378378378377,0.7783783783783784,63,63.448186894683055,64,63.827517583145216,64,63.82751759795391,false
neutral,1.0702702702702702,0.7783783783783784,63,63.36797123228591,64,63.82464441481512,64,63.8246444160497,false
neutral,-1.0054054054054054,0.8108108108108107,56,56.10483508358553,64,64.33246194769356,64,64.33246196229294,false
neutral,0.8108108108108107,0.8108108108108107,1,0.8504374472337346,0,-0.14950729105465754,1,0.850492709043621,true
neutral,1.0054054054054056,0.8108108108108107,51,50.92685665452344,64,63.83048434973862,64,63.83048436743619,false
neutral,1.1027027027027028,0.8108108108108107,63,63.478165881971385,64,63.821860930900826,64,63.82186092859652,false
neutral,-1.0378378378378377,0.8432432432432432,63,63.291319619559,64,64.34106245413074,64,64.34106247090699,false
neutral,-1.0054054054054054,0.8432432432432432,56,56.207223128519736,64,64.33246216625548,64,64.33246217642106,false
neutral,0.8432432432432432,0.8432432432432432,1,0.846864747848677,2,1.8468715051758169,1,0.8468715052876241,true
neutral,1.0054054054054056,0.8432432432432432,54,54.18424188680525,64,63.830484425105645,64,63.83048443876885,false
neutral,-1.0054054054054054,0.8756756756756758,54,53.94050378039708,64,64.33246238481732,64,64.33246240661886,false
neutral,0.8756756756756758,0.8756756756756758,1,0.8432933589873067,0,-0.1566283877307293,1,0.8433716123194691,true
neutral,1.0054054054054056,0.8756756756756758,49,48.69969253829687,64,63.83048450047286,64,63.83048452812711,false
neutral,1.0378378378378377,0.8756756756756758,62,62.40482751752543,64,63.827517802080905,64,63.827517818971174,false
neutral,1.0702702702702702,0.8756756756756758,63,63.279027160702746,64,63.8246446268854,64,63.824644633543706,false
neutral,-1.0054054054054054,0.908108108108108,52,52.13417666493451,64,64.3324626033791,64,64.33246262185855,false
neutral,0.908108108108108,0.908108108108108,1,0.8400458933325512,0,-0.16001216009927433,1,0.8399878399318781,true
neutral,1.0054054054054056,0.908108108108108,51,51.42882129087756,64,63.8304845758402,64,63.83048460127463,false
neutral,1.0378378378378377,0.908108108108108,61,61.03837695823321,64,63.82751787505981,64,63.82751788723755,false
neutral,1.1027027027027028,0.908108108108108,63,63.48597505290243,64,63.8218611363922,64,63.821861140157054,false
neutral,-1.0378378378378377,0.9405405405405405,63,63.04570338429899,64,64.34106308848897,64,64.34106309994502,false
neutral,-1.0054054054054054,0.9405405405405405,53,52.97384309502737,64,64.33246282194074,64,64.33246283197072,false
neutral,0.9405405405405405,0.9405405405405405,1,0.8366634008907015,0,-0.16328476866029829,1,0.8367152312116631,true
neutral,1.0054054054054056,0.9405405405405405,52,52.48268363130458,64,63.83048465120787,64,63.830484664832305,false
neutral,-1.0054054054054054,0.9729729729729729,54,53.526729410819115,64,64.33246304050252,64,64.33246305112952,false
neutral,0.9729729729729729,0.9729729729729729,1,0.8335219520325998,0,-0.16645094392716087,1,0.8335490559751929,true
neutral,1.0054054054054056,0.9729729729729729,53,53.405105263334036,64,63.83048472657563,64,63.83048474867086,false
neutral,-1.0378378378378377,1.0054054054054056,63,63.34172550827697,64,64.34106351139408,64,64.34106352746352,false
neutral,-1.0054054054054054,1.0054054054054056,52,51.59327812911597,64,64.33246325906394,64,64.33246327286557,false
neutral,1.0054054054054056,1.0054054054054056,48,47.54333698783341,66,65.83048480194346,65,64.83048481287342,true
neutral,1.0378378378378377,1.0054054054054056,63,62.85539748598295,64,63.82751809399738,64,63.82751810828261,false
neutral,-1.0378378378378377,1.0378378378378377,63,63.0855018177296,64,64.3410637228465,64,64.34106373532202,false
neutral,-1.0054054054054054,1.0378378378378377,56,56.48835517369577,64,64.3324634776254,64,64.33246349221724,false
neutral,1.0054054054054056,1.0378378378378377,54,53.709884113965764,66,65.83048487731145,66,65.83048489878222,false
neutral,1.0378378378378377,1.0378378378378377,64,63.98713861513217,66,65.82751816697684,65,64.82751817908454,true
neutral,1.0702702702702702,1.0378378378378377,63,63.31825269262005,64,63.82464498033912,64,63.82464498178038,false
neutral,-1.0054054054054054,1.0702702702702702,54,54.4534793865709,64,64.33246369618672,64,64.33246371515213,false
neutral,1.0054054054054056,1.0702702702702702,54,53.52986826912497,64,63.830484952679626,64,63.8304849768567,false
neutral,-1.0054054054054054,1.1027027027027028,52,51.90932918140415,64,64.33246391474796,64,64.3324639331898,false
neutral,1.0054054054054056,1.1027027027027028,52,52.35997440835619,64,63.83048502804778,64,63.83048503808578,false
neutral,1.0378378378378377,1.1027027027027028,65,65.06943564264752,66,65.82751831293625,66,65.82751832152647,false
neutral,1.1027027027027028,1.1027027027027028,65,64.68628064572701,66,65.82186154737913,65,64.8218615546653,true
neutral,1.1351351351351353,1.1027027027027028,63,63.494110920821825,64,63.81916386793531,64,63.81916386966632,false
neutral,-1.0054054054054054,1.1351351351351353,54,54.12973118969494,64,64.33246413330907,64,64.33246414277338,false
neutral,1.0054054054054056,1.1351351351351353,55,54.66621294025651,64,63.83048510341629,64,63.83048511516116,false
neutral,1.1351351351351353,1.1351351351351353,65,64.8309024662102,66,65.81916393433119,65,64.81916406638062,true
neutral,-1.0378378378378377,1.1675675675675674,63,63.425595347773815,64,64.3410645686551,64,64.34106457836529,false
neutral,-1.0054054054054054,1.1675675675675674,51,51.10424799625897,64,64.33246435187004,64,64.33246436620868,false
neutral,1.0054054054054056,1.1675675675675674,50,50.09688969331488,64,63.83048517878483,64,63.83048518862537,false
neutral,1.1675675675675674,1.1675675675675674,65,64.9089115049175,64,63.816548666940285,65,64.8165486698,true
neutral,-1.0054054054054054,1.2,49,49.11633726686265,64,64.33246457043097,64,64.33246458290532,false
neutral,1.0054054054054056,1.2,54,54.3534964333228,64,63.83048525415348,64,63.83048527091841,false
neutral,1.0378378378378377,1.2,65,64.85264343122304,66,65.8275185318764,66,65.82751854514751,false
neutral,1.2,1.2,65,64.82037088238165,64,63.814012368875055,65,64.8140123757549,true
neutral_hg,-1.0054054054054054,-1.0,41,40.63462567536301,49,49.336297955766014,49,49.336297965356174,false
neutral_hg,1.0054054054054056,-1.0,40,40.33341394133339,51,50.83447596523036,51,50.83447598296406,false
neutral_hg,-1.0054054054054054,-0.8513513513513513,37,36.72136759017149,49,49.336298929216376,49,49.336298937795206,false
neutral_hg,1.0054054054054056,-0.8513513513513513,40,40.38551971265813,51,50.83447632034463,51,50.8344763348082,false
neutral_hg,1.0378378378378377,-0.8513513513513513,58,57.99816314677829,59,58.831424203617935,59,58.83142421734572,false
neutral_hg,-1.0054054054054054,-0.7027027027027027,41,40.78289336424542,49,49.33629990254548,49,49.336299913491196,false
neutral_hg,1.0054054054054056,-0.7027027027027027,43,42.55119774995174,51,50.8344766753426,51,50.834476683803615,false
neutral_hg,-1.0054054054054054,-0.554054054054054,38,37.87116905111967,49,49.33630087565873,49,49.336300884934936,false
neutral_hg,1.0054054054054056,-0.554054054054054,42,41.553269484501335,51,50.83447703012976,51,50.83447704112346,false
neutral_hg,-1.0054054054054054,-0.4054054054054054,42,41.79096582985793,49,49.336301848322705,49,49.33630186266119,false
neutral_hg,1.0054054054054056,-0.4054054054054054,41,41.47043600840437,49,48.83447738447251,49,48.83447739913159,false
neutral_hg,1.0378378378378377,-0.4054054054054054,58,57.63637123269373,59,58.83142523395906,59,58.83142524714577,false
neutral_hg,-1.0702702702702702,-0.2567567567567568,58,58.42144543829939,59,59.352747873291314,59,59.35274788262572,false
neutral_hg,-1.0054054054054054,-0.2567567567567568,40,39.7173433762182,49,49.33630281976359,49,49.33630283721149,false
neutral_hg,1.0054054054054056,-0.2567567567567568,42,41.637679464183776,49,48.83447773759707,49,48.83447775606094,false
neutral_hg,-1.0054054054054054,-0.108108108108108,43,43.074758603264435,49,49.3363037849504,49,49.33630380734129,false
neutral_hg,1.0054054054054056,-0.108108108108108,42,41.62065792355233,49,48.83447808447259,49,48.83447811280498,false
neutral_hg,-1.0378378378378377,0.04054054054054068,57,57.39233433883369,58,58.344664529565485,58,58.344664499063455,false
neutral_hg,-1.0054054054054054,0.04054054054054068,42,41.767395655052226,48,48.33630481263686,48,48.33630478244785,false
neutral_hg,1.0054054054054056,0.04054054054054068,40,39.54814675413377,48,47.8344784938527,48,47.83447846342111,false
neutral_hg,-1.0378378378378377,0.18918918918918926,57,56.97174286591313,58,58.344665440822254,58,58.34466543963728,false
neutral_hg,-1.0054054054054054,0.18918918918918926,40,39.847702382941726,48,48.33630575549385,48,48.33630575819959,false
neutral_hg,1.0054054054054056,0.18918918918918926,39,38.702515303979176,48,47.8344788184083,48,47.83447881812861,false
neutral_hg,-1.2,0.33783783783783783,61,60.51944770315868,60,60.38242978186806,60,60.382429780634446,false
neutral_hg,-1.0054054054054054,0.33783783783783783,42,41.767945487212714,48,48.33630672549148,48,48.336306733494325,false
neutral_hg,1.0054054054054056,0.33783783783783783,40,40.03622133339222,48,47.834479170109475,48,47.83447917474554,false
neutral_hg,-1.0378378378378377,0.4864864864864864,57,56.9851397762042,58,58.34466731987541,58,58.344667324875935,false
neutral_hg,-1.0054054054054054,0.4864864864864864,40,39.71451666766995,48,48.336307697747536,48,48.33630770511695,false
neutral_hg,1.0054054054054056,0.4864864864864864,37,37.487710216114095,48,47.83447952407401,48,47.8344795316149,false
neutral_hg,1.0702702702702702,0.4864864864864864,59,59.435407054603175,60,59.8284713197652,60,59.8284713297539,false
neutral_hg,-1.0054054054054054,0.6351351351351353,40,39.7170923657739,48,48.33630867067373,48,48.33630868098479,false
neutral_hg,1.0054054054054056,0.6351351351351353,41,41.24239174033268,48,47.834479878713616,48,47.83447988579891,false
neutral_hg,1.0378378378378377,0.6351351351351353,57,57.44004194931039,58,57.83142764936217,58,57.8314276540721,false
neutral_hg,-1.0054054054054054,0.7837837837837839,42,41.82170413677863,48,48.336309643886736,48,48.336309652633396,false
neutral_hg,1.0054054054054056,0.7837837837837839,37,37.27975299496007,48,47.834480233645074,48,47.834480239774805,false
neutral_hg,1.0378378378378377,0.7837837837837839,57,57.24165519885192,58,57.83142799303083,58,57.83142800121599,false
neutral_hg,1.0702702702702702,0.7837837837837839,59,59.38271046613223,60,59.82847198522232,60,59.82847198654667,false
neutral_hg,-1.0378378378378377,0.9324324324324325,57,57.44804699333576,58,58.34467014457501,58,58.34467014981512,false
neutral_hg,-1.0054054054054054,0.9324324324324325,40,39.84918500521192,48,48.336310617247534,48,48.33631062868313,false
neutral_hg,1.0054054054054056,0.9324324324324325,41,40.97292173456215,48,47.83448058872928,48,47.83448059531556,false
neutral_hg,1.0702702702702702,0.9324324324324325,59,59.49192272572514,60,59.828472318249425,60,59.82847232637704,false
neutral_hg,-1.0378378378378377,1.0810810810810814,57,56.58688132045487,58,58.34467108642118,58,58.34467109240239,false
neutral_hg,-1.0054054054054054,1.0810810810810814,43,42.72678784130397,48,48.336311590693846,48,48.336311596773534,false
neutral_hg,1.0054054054054056,1.0810810810810814,38,37.55343367806172,48,47.834480943903834,48,47.83448094929646,false
neutral_hg,-1.0054054054054054,1.2297297297297298,40,39.80219042680651,48,48.3363125641932,48,48.336312569571305,false
neutral_hg,1.0054054054054056,1.2297297297297298,39,39.3850565312694,48,47.83448129913642,48,47.83448130720815,false
neutral_hg,1.0702702702702702,1.2297297297297298,59,59.42539783689933,60,59.82847298454216,60,59.828472994498625,false
neutral_hg,-1.0378378378378377,1.3783783783783785,57,57.252239805890035,58,58.34467297025456,58,58.34467297530483,false
neutral_hg,-1.0054054054054054,1.3783783783783785,39,38.600808296133245,48,48.336313537727335,48,48.33631354680445,false
neutral_hg,1.0054054054054056,1.3783783783783785,39,39.414951249082534,48,47.83448165440877,48,47.83448165930906,false
neutral_hg,1.0378378378378377,1.3783783783783785,57,57.26943785118048,58,57.83142936874292,58,57.83142937815534,false
neutral_hg,-1.0054054054054054,1.5270270270270272,41,40.99648091181248,48,48.336314511285,48,48.336314517666665,false
neutral_hg,1.0054054054054056,1.5270270270270272,42,42.32681185941141,48,47.83448200970959,48,47.834482017492,false
neutral_hg,1.0378378378378377,1.5270270270270272,57,57.132566828912246,58,57.8314297127806,58,57.8314297195142,false
neutral_hg,-1.0054054054054054,1.6756756756756757,41,40.761424433264025,48,48.336315484859036,48,48.33631549675575,false
neutral_hg,1.0054054054054056,1.6756756756756757,39,39.12120734618786,48,47.834482365031654,48,47.83448237181071,false
neutral_hg,-1.0054054054054054,1.8243243243243243,42,42.19320829952029,48,48.33631645844439,48,48.33631646463896,false
neutral_hg,1.0054054054054056,1.8243243243243243,41,40.72561032083039,48,47.83448272037014,48,47.834482735156705,false
neutral_hg,1.0378378378378377,1.8243243243243243,57,57.412145351908585,58,57.83143040091491,58,57.83143041711885,false
neutral_hg,1.1027027027027028,1.8243243243243243,59,59.47530923653864,60,59.825610476143,60,59.82561047577887,false
neutral_hg,-1.0054054054054054,1.9729729729729728,41,41.441189194583735,50,50.33631743203785,50,50.33631744351692,false
neutral_hg,1.0054054054054056,1.9729729729729728,38,38.24836468213865,48,47.83448307572157,48,47.83448308066913,false
neutral_hg,1.1027027027027028,1.9729729729729728,59,59.46184085299341,60,59.8256107990888,60,59.825610811269,false
neutral_hg,-1.0378378378378377,2.1216216216216215,57,57.362690671612675,58,58.34467768016421,58,58.34467769206597,false
neutral_hg,-1.0054054054054054,2.1216216216216215,42,42.24049632115437,50,50.33631840563687,50,50.336318413354604,false
neutral_hg,1.0054054054054056,2.1216216216216215,40,40.38264267659999,48,47.83448343108357,48,47.834483440222655,false
neutral_hg,-1.0054054054054054,2.2702702702702706,42,41.9997133405454,50,50.33631937923958,50,50.33631938576254,false
neutral_hg,1.0054054054054056,2.2702702702702706,40,40.21816923551073,48,47.834483786454236,48,47.83448379945604,false
neutral_hg,1.0378378378378377,2.2702702702702706,57,57.021097588372584,58,57.83143143320917,58,57.831431445650225,false
neutral_hg,-1.0054054054054054,2.4189189189189184,46,45.823073201834404,50,50.33632035284482,50,50.33632036247917,false
neutral_hg,1.0054054054054056,2.4189189189189184,41,41.31037154218999,48,47.83448414183233,48,47.83448414878276,false
neutral_hg,1.0378378378378377,2.4189189189189184,57,56.53369114891239,58,57.83143177732388,58,57.83143178677975,false
neutral_hg,-1.0054054054054054,2.5675675675675675,43,42.649093448909646,50,50.336321326451305,50,50.33632133316181,false
neutral_hg,1.0054054054054056,2.5675675675675675,44,43.827037445705976,48,47.83448449721662,48,47.834484507516954,false
neutral_hg,1.0378378378378377,2.5675675675675675,57,56.61230882147106,58,57.831432121444706,58,57.83143213054921,false
neutral_hg,-1.0054054054054054,2.716216216216216,41,40.72027841962552,50,50.33632230005841,50,50.336322313925976,false
neutral_hg,1.0054054054054056,2.716216216216216,43,43.447085715062904,48,47.83448485260647,48,47.83448486153831,false
neutral_hg,-1.0702702702702702,2.864864864864865,59,59.29295571536219,60,60.35276700665889,60,60.35276701060523,false
neutral_hg,-1.0054054054054054,2.864864864864865,42,41.666698179577146,50,50.33632327366537,50,50.33632328088538,false
neutral_hg,1.0054054054054056,2.864864864864865,36,36.24582733083175,48,47.83448520800118,48,47.83448522008619,false
neutral_hg,1.0378378378378377,2.864864864864865,57,57.073712258178155,58,57.83143280970222,58,57.831432817081335,false
neutral_hg,-1.0054054054054054,3.0135135135135136,42,41.57244030830144,50,50.33632424727168,50,50.33632425506936,false
neutral_hg,1.0054054054054056,3.0135135135135136,44,44.00610284031345,46,45.83448556340013,46,45.83448556920155,false
neutral_hg,1.0378378378378377,3.0135135135135136,57,57.45592161941267,58,57.831433153837594,58,57.83143315836747,false
neutral_hg,1.0702702702702702,3.0135135135135136,59,59.33596487945192,60,59.82847698410972,60,59.82847699173461,false
neutral_hg,-1.0054054054054054,3.1621621621621627,40,40.079318427769635,50,50.33632522087696,50,50.33632523133198,false
neutral_hg,1.0054054054054056,3.1621621621621627,40,40.19960417592377,46,45.834485918803026,46,45.8344859260599,false
neutral_hg,-1.0054054054054054,3.3108108108108105,43,42.75678731761991,50,50.33632619448077,50,50.3363262022823,false
neutral_hg,1.0054054054054056,3.3108108108108105,40,40.20099123332973,46,45.834486274209475,46,45.83448627946906,false
neutral_hg,-1.0054054054054054,3.4594594594594597,41,41.41979116387818,50,50.33632716808299,50,50.33632717525739,false
neutral_hg,1.0054054054054056,3.4594594594594597,39,39.13712875524109,46,45.83448662961925,46,45.83448663811418,false
neutral_hg,-1.0054054054054054,3.6081081081081083,42,41.887231232454425,50,50.33632814168323,50,50.3363281545888,false
neutral_hg,1.0054054054054056,3.6081081081081083,41,41.03479128883426,46,45.83448698503191,46,45.83448699216627,false
neutral_hg,1.0702702702702702,3.6081081081081083,59,59.356188168351125,60,59.82847831750594,60,59.82847832926268,false
neutral_hg,-1.0054054054054054,3.756756756756757,43,42.79953728098021,50,50.33632911528129,50,50.33632912609011,false
neutral_hg,1.0054054054054056,3.756756756756757,40,40.11743999513055,46,45.834487340447446,46,45.83448734547083,false
neutral_hg,1.0378378378378377,3.756756756756757,57,56.85956405328352,58,57.83143487456601,58,57.83143488202898,false
neutral_hg,-1.0054054054054054,3.9054054054054057,45,45.045934728951856,50,50.336330088877126,50,50.33633009037443,false
neutral_hg,1.0054054054054056,3.9054054054054057,37,37.20588424579389,46,45.8344876958656,46,45.834487706723756,false
neutral_hg,1.0378378378378377,3.9054054054054057,57,57.08156398726687,58,57.83143521872029,58,57.83143522595946,false
neutral_hg,-1.0054054054054054,4.054054054054054,42,41.883611531262936,50,50.3363310624705,50,50.33633107144478,false
neutral_hg,1.0054054054054056,4.054054054054054,36,36.38390782861376,46,45.8344880512863,46,45.83448805891311,false
neutral_hg,1.0378378378378377,4.054054054054054,56,56.454464761567245,58,57.831435562877026,58,57.83143557316967,false
neutral_hg,-1.0054054054054054,4.202702702702703,44,43.786496077872776,50,50.33633203606129,50,50.33633204435443,false
neutral_hg,1.0054054054054056,4.202702702702703,34,34.22318739436567,46,45.83448840670937,46,45.83448841264991,false
neutral_hg,1.0378378378378377,4.202702702702703,57,57.04968162549604,58,57.831435907036,58,57.831435915926804,false
neutral_hg,1.0702702702702702,4.202702702702703,59,59.36779943679561,60,59.82847965094625,60,59.82847965814875,false
neutral_hg,-1.0054054054054054,4.351351351351352,42,41.72700593563825,50,50.33633300964939,50,50.33633302072409,false
neutral_hg,1.0054054054054056,4.351351351351352,41,41.00112689106194,46,45.83448876213471,46,45.83448876833002,false
neutral_hg,1.0378378378378377,4.351351351351352,57,57.14600309097118,58,57.83143625119724,58,57.83143626342144,false
neutral_hg,-1.0054054054054054,4.5,41,40.7239717211756,50,50.33633398323465,50,50.336333990064034,false
neutral_hg,1.0054054054054056,4.5,35,34.692178740263664,46,45.834489117562185,46,45.83448912485207,false
neutral_hg,-1.0054054054054054,4.648648648648648,44,43.77666791044955,50,50.33633495681708,50,50.336334965223585,false
neutral_hg,1.0054054054054056,4.648648648648648,40,40.30777275030909,46,45.8344894729918,46,45.834489477413705,false
neutral_hg,1.0702702702702702,4.648648648648648,59,59.47161967126825,60,59.82848065104959,60,59.82848066104534,false
neutral_hg,-1.0054054054054054,4.797297297297297,47,46.648483295534646,52,52.33633593039665,52,52.33633593771467,false
neutral_hg,1.0054054054054056,4.797297297297297,43,43.04627146521939,46,45.8344898284234,46,45.8344898351929,false
neutral_hg,1.0702702702702702,4.797297297297297,59,59.32462472069849,60,59.82848098442134,60,59.82848099394308,false
neutral_hg,-1.0054054054054054,4.945945945945946,40,40.24593125916275,52,52.336336903973205,52,52.33633690730901,false
neutral_hg,1.0054054054054056,4.945945945945946,39,38.55321470204051,46,45.83449018385698,46,45.8344901913659,false
neutral_hg,-1.0378378378378377,5.094594594594595,59,59.29186330922451,60,60.34469652008184,60,60.34469653089967,false
neutral_hg,-1.0054054054054054,5.094594594594595,41,41.099775795336356,54,54.336337877546676,54,54.33633788669612,false
neutral_hg,1.0054054054054056,5.094594594594595,37,37.32888136520372,46,45.83449053929244,46,45.834490546431,false
neutral_hg,-1.1675675675675674,5.243243243243243,65,64.52870392157193,64,64.37542600466597,64,64.37542600828982,false
neutral_hg,-1.0378378378378377,5.243243243243243,58,58.4293003053147,60,60.34469746205289,60,60.34469747583844,false
neutral_hg,-1.0054054054054054,5.243243243243243,44,43.85914272791154,54,54.33633885111702,54,54.336338863432005,false
neutral_hg,1.0054054054054056,5.243243243243243,43,42.925233168241945,46,45.83449089472975,46,45.83449090235399,false
neutral_hg,-1.0054054054054054,5.391891891891891,38,38.040701091208895,54,54.33633982468425,54,54.33633983684691,false
neutral_hg,1.0054054054054056,5.391891891891891,35,35.38775989585095,46,45.834491250168895,46,45.83449126027368,false
neutral_hg,-1.0054054054054054,5.540540540540541,44,43.864643553937746,54,54.3363407982483,54,54.33634080972161,false
neutral_hg,1.0054054054054056,5.540540540540541,38,38.24071411875556,46,45.83449160560979,46,45.834491613730265,false
neutral_hg,1.0378378378378377,5.540540540540541,57,57.29712152715172,58,57.83143900455751,58,57.83143901069409,false
neutral_hg,-1.0378378378378377,5.689189189189189,61,61.01556564569993,60,60.3447002879472,60,60.34470029227025,false
neutral_hg,-1.0054054054054054,5.689189189189189,45,44.88910251709034,54,54.33634177180916,54,54.33634177752364,false
neutral_hg,1.0054054054054056,5.689189189189189,34,34.36189988860498,46,45.83449196105237,46,45.83449196780582,false
neutral_hg,1.0702702702702702,5.689189189189189,59,59.443356118129145,60,59.82848298468873,60,59.828482989396,false
neutral_hg,-1.0378378378378377,5.837837837837838,61,60.98069024100827,62,62.34470122990555,62,62.34470123752115,false
neutral_hg,-1.0054054054054054,5.837837837837838,42,42.039060527692094,54,54.33634274536672,54,54.33634275479155,false
neutral_hg,1.0054054054054056,5.837837837837838,40,40.32044683338877,46,45.834492316496735,46,45.83449232405474,false
neutral_hg,1.0378378378378377,5.837837837837838,57,57.30204830018005,58,57.83143969291521,58,57.831439698593336,false
neutral_hg,-1.0054054054054054,5.986486486486486,44,43.83702148689064,54,54.33634371892107,54,54.33634372676915,false
neutral_hg,1.0054054054054056,5.986486486486486,35,35.323893568861884,46,45.83449267194272,46,45.834492681131465,false
neutral_hg,1.0378378378378377,5.986486486486486,57,56.68087150405725,58,57.83144003709656,58,57.831440055207125,false
neutral_hg,1.0702702702702702,5.986486486486486,57,57.3347691421595,58,57.828483651457695,58,57.828483656657035,false
neutral_hg,-1.0378378378378377,6.135135135135135,61,61.46746942800408,62,62.34470311381249,62,62.34470312350251,false
neutral_hg,-1.0054054054054054,6.135135135135135,47,46.90771274695271,54,54.33634469247201,54,54.33634470371889,false
neutral_hg,1.0054054054054056,6.135135135135135,36,36.34096866165234,46,45.83449302739038,46,45.834493033252876,false
neutral_hg,1.0378378378378377,6.135135135135135,57,57.16212180089698,58,57.831440381279364,58,57.831440390005795,false
neutral_hg,-1.1027027027027028,6.283783783783784,63,63.28346176933581,62,62.36060073931121,62,62.36060075054042,false
neutral_hg,-1.0054054054054054,6.283783783783784,43,42.9503415949553,54,54.33634566601969,54,54.33634567185231,false
neutral_hg,1.0054054054054056,6.283783783783784,38,37.72927718239172,46,45.83449338283964,46,45.834493387567655,false
neutral_hg,1.0378378378378377,6.283783783783784,56,56.49915508091893,58,57.831440725463814,58,57.831440915058366,false
neutral_hg,-1.0054054054054054,6.432432432432432,49,48.556537099112994,54,54.33634663956401,54,54.33634664676658,false
neutral_hg,1.0054054054054056,6.432432432432432,37,37.15294630701711,46,45.834493738290504,46,45.8344937444663,false
neutral_hg,1.0378378378378377,6.432432432432432,54,54.175437765168894,56,55.8314410696498,56,55.83144107673852,false
neutral_hg,-1.0378378378378377,6.581081081081081,61,61.028423479054794,62,62.34470593964812,62,62.34470594810831,false
neutral_hg,-1.0054054054054054,6.581081081081081,45,44.83790532468023,54,54.33634761310492,54,54.33634762117023,false
neutral_hg,1.0054054054054056,6.581081081081081,37,36.62347442611601,46,45.83449409374299,46,45.834494101295576,false
neutral_hg,-1.0054054054054054,6.72972972972973,45,44.68736906593294,54,54.336348586642515,54,54.336348601410904,false
neutral_hg,1.0054054054054056,6.72972972972973,39,39.029785101434726,46,45.83449444919698,46,45.834494457250656,false
neutral_hg,-1.0378378378378377,6.878378378378379,61,60.940802361014484,62,62.34470782352181,62,62.34470783298103,false
neutral_hg,-1.0054054054054054,6.878378378378379,46,45.8936225237042,54,54.336349560176664,54,54.33634956827335,false
neutral_hg,1.0054054054054056,6.878378378378379,39,39.340553398489135,44,43.83449480465255,44,43.834494813980314,false
neutral_hg,1.0378378378378377,6.878378378378379,55,55.21671645893936,56,55.83144210221694,56,55.83144211456428,false
neutral_hg,-1.0054054054054054,7.027027027027027,47,46.87150959386878,54,54.3363505337074,54,54.33635054011934,false
neutral_hg,1.0054054054054056,7.027027027027027,37,37.0332954324978,44,43.83449516010967,44,43.83449516715655,false
neutral_hg,1.0378378378378377,7.027027027027027,55,55.28549813702342,56,55.83144244640891,56,55.83144245608597,false
neutral_hg,1.0702702702702702,7.027027027027027,56,56.3756565441497,58,57.82848598519633,58,57.82848598898562,false
neutral_hg,-1.0054054054054054,7.1756756756756745,44,43.91751678944533,56,56.33635150723468,56,56.33635152003702,false
neutral_hg,1.0054054054054056,7.1756756756756745,37,37.1664659348702,44,43.834495515568314,44,43.834495521207415,false
neutral_hg,1.0702702702702702,7.1756756756756745,57,57.08043492017523,58,57.828486318593356,58,57.82848633580251,false
neutral_hg,-1.0054054054054054,7.3243243243243255,43,42.97465076378622,56,56.33635248075863,56,56.336352493750375,false
neutral_hg,1.0054054054054056,7.3243243243243255,36,36.22867365827589,44,43.834495871028444,44,43.83449587783405,false
neutral_hg,1.0702702702702702,7.3243243243243255,57,57.320482506762396,58,57.82848665199176,58,57.82848666111103,false
neutral_hg,-1.0054054054054054,7.472972972972973,51,51.125254941643014,56,56.33635345427903,56,56.336353467841754,false
neutral_hg,1.0054054054054056,7.472972972972973,36,36.128762754282945,44,43.83449622649004,44,43.83449623446595,false
neutral_hg,-1.0054054054054054,7.621621621621621,46,45.84293619503659,56,56.33635442779598,56,56.336354444317706,false
neutral_hg,1.0054054054054056,7.621621621621621,36,36.3327137790797,44,43.834496581953154,44,43.83449658756025,false
neutral_hg,1.0378378378378377,7.621621621621621,55,55.361723968258836,56,55.83144382319147,56,55.83144383291236,false
neutral_hg,-1.0054054054054054,7.77027027027027,44,44.39069755345587,56,56.336355401309355,56,56.336355412718106,false
neutral_hg,1.0054054054054056,7.77027027027027,36,36.31443833449816,44,43.83449693741775,44,43.834496942843266,false
neutral_hg,-1.0054054054054054,7.918918918918919,45,45.25791849976362,56,56.3363563748194,56,56.33635638484272,false
neutral_hg,1.0054054054054056,7.918918918918919,40,40.225122509225535,44,43.83449729288384,44,43.834497303705284,false
neutral_hg,-1.0054054054054054,8.067567567567568,46,45.7967546928994,56,56.33635734832594,56,56.33635735762079,false
neutral_hg,1.0054054054054056,8.067567567567568,36,36.15672626051317,44,43.83449764835135,44,43.834497654987054,false
neutral_hg,1.0378378378378377,8.067567567567568,55,55.09399169771727,56,55.83144485579345,56,55.83144485989805,false
neutral_hg,1.0702702702702702,8.067567567567568,57,57.241924140020096,58,57.82848831900448,58,57.8284883228773,false
neutral_hg,-1.0054054054054054,8.216216216216218,43,42.94295490859838,56,56.336358321828904,56,56.336358336024205,false
neutral_hg,1.0054054054054056,8.216216216216218,34,34.24628065021022,44,43.83449800382033,44,43.834498012518836,false
neutral_hg,-1.0054054054054054,8.364864864864863,52,51.688721491764504,56,56.33635929532839,56,56.336359306029266,false
neutral_hg,1.0054054054054056,8.364864864864863,40,40.25150686196212,44,43.83449835929074,44,43.83449836405996,false
neutral_hg,-1.0054054054054054,8.513513513513514,51,50.63559621308389,56,56.33636026882442,56,56.33636028314355,false
neutral_hg,1.0054054054054056,8.513513513513514,36,35.54385633986001,44,43.83449871476258,44,43.83449872181677,false
neutral_hg,1.0378378378378377,8.513513513513514,55,55.12918484192583,56,55.831445888407956,56,55.831445898410514,false
neutral_hg,-1.0054054054054054,8.662162162162163,43,43.45601454423748,56,56.33636124231683,56,56.336361254728274,false
neutral_hg,-0.9405405405405405,8.662162162162163,3,2.5459138140674913,2,2.3188150783439925,2,2.318815077864338,false
neutral_hg,1.0054054054054056,8.662162162162163,39,39.13457282389322,46,45.83449907023589,46,45.83449907786627,false
neutral_hg,-1.0054054054054054,8.81081081081081,44,43.775565844045644,56,56.33636221580581,56,56.33636222943097,false
neutral_hg,1.0054054054054056,8.81081081081081,40,40.36281612851203,46,45.8344994257106,46,45.83449943284722,false
neutral_hg,1.0378378378378377,8.81081081081081,57,57.17183282511018,58,57.83144657682451,58,57.83144658647597,false
neutral_hg,-1.0054054054054054,8.95945945945946,46,45.88045895862741,58,58.336363189291156,58,58.33636320174927,false
neutral_hg,1.0054054054054056,8.95945945945946,38,38.25477277386926,46,45.83449978118675,46,45.834499786332906,false
neutral_hg,1.0378378378378377,8.95945945945946,57,57.46046613441332,58,57.83144692103485,58,57.831446925772035,false
neutral_hg,-1.0378378378378377,9.108108108108109,60,60.49880504808224,62,62.34472195213629,62,62.344721964591145,false
neutral_hg,-1.0054054054054054,9.108108108108109,45,44.845231300258924,58,58.33636416277302,58,58.3363641733925,false
neutral_hg,1.0054054054054056,9.108108108108109,40,39.85502678424943,46,45.83450013666433,46,45.834500142414186,false
neutral_hg,-1.0378378378378377,9.256756756756758,61,61.01814211996012,62,62.34472289401603,62,62.34472290514273,false
neutral_hg,-1.0054054054054054,9.256756756756758,44,44.12328714121258,58,58.336365136251416,58,58.336365348757056,false
neutral_hg,1.0054054054054056,9.256756756756758,37,37.358265657338634,46,45.83450049214326,46,45.83450049805861,false
neutral_hg,-1.0378378378378377,9.405405405405405,63,62.81030562162213,64,64.3447238358923,64,64.34472385830097,false
neutral_hg,-1.0054054054054054,9.405405405405405,47,46.9699378270199,58,58.336366109726185,58,58.336366125665094,false
neutral_hg,1.0054054054054056,9.405405405405405,36,36.244407511021414,46,45.83450084762365,46,45.83450085295209,false
neutral_hg,1.0378378378378377,9.405405405405405,57,56.990572289736896,58,57.83144795367405,58,57.83144796406582,false
neutral_hg,-1.0702702702702702,9.554054054054054,63,63.25799541812621,64,64.35280798658216,64,64.35280799072052,false
neutral_hg,-1.0378378378378377,9.554054054054054,63,63.4603570204977,64,64.34472477776502,64,64.34472479449636,false
neutral_hg,-1.0054054054054054,9.554054054054054,45,45.300351956530655,58,58.3363670831974,58,58.33636709763344,false
neutral_hg,1.0054054054054056,9.554054054054054,39,39.28075755480229,46,45.8345012031054,46,45.83450120876418,false
neutral_hg,-1.0054054054054054,9.702702702702704,49,48.64898127278374,58,58.336368056665165,58,58.33636807427151,false
neutral_hg,1.0054054054054056,9.702702702702704,40,40.253941101701656,46,45.834501558588606,46,45.83450156602303,false
neutral_hg,1.0702702702702702,9.702702702702704,59,59.462996880421755,60,59.82849198654988,60,59.828491997404164,false
neutral_hg,-1.0054054054054054,9.85135135135135,46,45.800035350582554,58,58.33636903012922,58,58.336369043631436,false
neutral_hg,1.0054054054054056,9.85135135135135,39,39.22258509880727,46,45.83450191407319,46,45.83450191776572,false
neutral_hg,1.0378378378378377,9.85135135135135,56,56.422388283058886,58,57.83144898632526,58,57.831448991736146,false
neutral_hg,-1.0054054054054054,10.0,48,47.90492163122408,58,58.336370003589835,58,58.33637001414166,false
neutral_hg,1.0054054054054056,10.0,37,36.70423546902672,46,45.834502269559096,46,45.83450227291069,false
pda,-0.9986486486486487,-1.15,159,159.3980338428059,160,160.0829853482056,160,160.08298512546463,false
pda,-0.9648648648648649,-1.15,159,159.1825647595049,160,160.0829850810376,160,160.08298509846097,false
pda,-0.8635135135135136,-1.15,159,159.27221083977048,160,160.08298508682378,160,160.0829853889052,false
pda,-0.795945945945946,-1.15,159,159.16967743055267,160,160.08298509513637,160,160.08298509113106,false
pda,-0.6945945945945946,-1.15,159,159.44982073360987,160,160.0829851083742,160,160.08298510979296,false
pda,-0.6608108108108108,-1.15,159,159.46591016487827,160,160.08298511286935,160,160.08298512760635,false
pda,-0.5932432432432433,-1.15,159,159.15986993387244,160,160.0829851219216,160,160.08298514235096,false
pda,-0.32297297297297317,-1.15,159,158.7973490837923,160,160.08298515850421,160,160.08298515632052,false
pda,-0.2891891891891893,-1.15,159,159.47496343742034,160,160.08298516309702,160,160.08298521054434,false
pda,-0.2216216216216218,-1.15,159,159.41690007206628,160,160.0829851722897,160,160.08298528155947,false
pda,-0.15405405405405403,-1.15,159,159.08023773172312,160,160.08298518148987,160,160.08298517988317,false
pda,-0.018918918918918948,-1.15,159,158.83845845990064,160,160.08298519990646,160,160.0829851887787,false
pda,0.014864864864864713,-1.15,159,159.25063548673955,160,160.08298520451314,160,160.08298519041543,false
pda,0.08243243243243248,-1.15,159,159.42278338984582,160,160.0829852137288,160,160.08298525823713,false
pda,0.3189189189189187,-1.15,159,159.44230576666757,160,160.0829852460031,160,160.082985531907,false
pda,0.4878378378378377,-1.15,159,159.2249015314995,160,160.08298526906879,160,160.08298528367206,false
pda,0.5891891891891889,-1.15,158,158.45465132697964,160,160.0829852829112,160,160.0829853302152,false
pda,0.6905405405405405,-1.15,159,159.28526086199804,160,160.08298529675565,160,160.08298529697606,false
pda,0.7581081081081078,-1.15,159,159.03886108757195,160,160.08298530598643,160,160.08298534565654,false
pda,0.8256756756756756,-1.15,159,159.48115126578162,160,160.0829853152178,160,160.08298557718726,false
pda,0.9608108108108108,-1.15,159,159.29383426371615,160,160.08298533368196,160,160.08298559214714,false
pda,0.9945945945945945,-1.15,159,159.48322893931172,160,160.08298533829822,160,160.0829853709433,false
pda,1.0283783783783782,-1.15,159,159.42635959726246,160,160.0829853429146,160,160.08298534958521,false
pda,1.1297297297297295,-1.15,159,159.3595854358222,160,160.08298535676457,160,160.08298540292506,false
pda,1.3324324324324326,-1.15,159,159.4677110514763,160,160.08298538446687,160,160.08298540582226,false
pda,1.4,-1.15,159,159.47950383900456,160,160.08298539370156,160,160.08298541956427,false
pda,-1.1,-1.118918918918919,160,160.44028571071863,161,161.08190687679573,161,161.08190693031284,false
pda,-1.0662162162162163,-1.118918918918919,160,159.9354218859363,161,161.0819068796036,161,161.08190697887935,false
pda,-1.0324324324324325,-1.118918918918919,160,160.04382458655138,161,161.0819068783515,161,161.08190691096667,false
pda,-0.9986486486486487,-1.118918918918919,159,159.49931123344163,160,160.08190717754474,160,160.0819069882006,false
pda,-0.9648648648648649,-1.118918918918919,159,158.79207549006858,160,160.08190691051388,160,160.08190701012796,false
pda,-0.9310810810810811,-1.118918918918919,159,158.59184836911535,160,160.0819069099414,160,160.08190717282966,false
pda,-0.8972972972972975,-1.118918918918919,159,159.22950159366044,160,160.08190691287518,160,160.08190699944512,false
pda,-0.8635135135135136,-1.118918918918919,159,158.9808213459047,160,160.08190691671132,160,160.08190691560975,false
pda,-0.8297297297297298,-1.118918918918919,159,159.28071976356355,160,160.08190692091267,160,160.08190700039802,false
pda,-0.795945945945946,-1.118918918918919,158,157.64880230636894,160,160.08190692529783,160,160.0819069806693,false
pda,-0.7621621621621624,-1.118918918918919,159,159.34669703362556,160,160.08190692978886,160,160.0819070066379,false
pda,-0.7283783783783784,-1.118918918918919,158,158.48539438619443,160,160.0819069343455,160,160.08190696057457,false
pda,-0.6945945945945946,-1.118918918918919,159,159.2993804229931,160,160.0819069389468,160,160.08190697627705,false
pda,-0.6608108108108108,-1.118918918918919,159,158.77469770745503,160,160.08190694357896,160,160.08190707682735,false
pda,-0.6270270270270271,-1.118918918918919,159,159.28406146862923,160,160.08190694823372,160,160.08190698056043,false
pda,-0.5932432432432433,-1.118918918918919,159,159.3315195936579,160,160.0819069529054,160,160.08190700679884,false
pda,-0.49189189189189203,-1.118918918918919,159,159.38336710463594,160,160.081906966988,160,160.08190704076225,false
pda,-0.45810810810810815,-1.118918918918919,159,159.1672710185239,160,160.0819069716978,160,160.08190694580358,false
pda,-0.4243243243243243,-1.118918918918919,159,158.88242983507462,160,160.08190697641308,160,160.08190703649998,false
pda,-0.3567567567567567,-1.118918918918919,159,158.5465681842689,160,160.08190698585668,160,160.0819069872492,false
pda,-0.32297297297297317,-1.118918918918919,159,158.96234702562444,160,160.08190699058375,160,160.0819070500615,false
pda,-0.2891891891891893,-1.118918918918919,159,158.9208307303083,160,160.08190699531386,160,160.0819069596136,false
pda,-0.25540540540540557,-1.118918918918919,159,159.1469041784447,160,160.0819070000457,160,160.08190731233935,false
pda,-0.1878378378378378,-1.118918918918919,159,159.00708780474292,160,160.08190700951658,160,160.08190702900572,false
pda,-0.15405405405405403,-1.118918918918919,158,158.11339076877238,160,160.0819070142545,160,160.0819070043275,false
pda,-0.12027027027027037,-1.118918918918919,159,159.34658601163017,160,160.08190701899383,160,160.08190727355912,false
pda,-0.08648648648648649,-1.118918918918919,159,158.81054317497365,160,160.0819070237345,160,160.08190705349978,false
pda,-0.05270270270270283,-1.118918918918919,159,158.93762806327712,160,160.08190702847625,160,160.08190737621177,false
pda,0.014864864864864713,-1.118918918918919,159,159.0308818235527,160,160.08190703796285,160,160.08190708750078,false
pda,0.048648648648648596,-1.118918918918919,159,159.24437677780693,160,160.08190704270737,160,160.08190745718417,false
pda,0.08243243243243248,-1.118918918918919,159,158.86702909609613,160,160.08190704745266,160,160.08190708190287,false
pda,0.1499999999999999,-1.118918918918919,159,159.00598757526325,160,160.0819070569454,160,160.0819070938893,false
pda,0.21756756756756734,-1.118918918918919,159,159.09510955744554,160,160.08190706644012,160,160.08190710309583,false
pda,0.3189189189189187,-1.118918918918919,159,158.86096506547966,160,160.08190708068622,160,160.08190705052544,false
pda,0.35270270270270254,-1.118918918918919,159,158.54525788745593,160,160.08190708543557,160,160.08190717689288,false
pda,0.38648648648648654,-1.118918918918919,159,159.3343266886795,160,160.08190709018538,160,160.08190711668587,false
pda,0.4202702702702702,-1.118918918918919,159,158.71652548363144,160,160.08190709493553,160,160.08190713385906,false
pda,0.45405405405405386,-1.118918918918919,159,159.04691918498054,160,160.0819070996859,160,160.08190712756814,false
pda,0.4878378378378377,-1.118918918918919,159,158.82415024129637,160,160.08190710443665,160,160.08190710564088,false
pda,0.5216216216216216,-1.118918918918919,159,158.60827764575964,160,160.0819071091876,160,160.08190717540435,false
pda,0.5554054054054054,-1.118918918918919,159,159.23768376432,160,160.08190711393883,160,160.08190714967296,false
pda,0.5891891891891889,-1.118918918918919,159,159.03507548961528,160,160.08190711869034,160,160.08190719169966,false
pda,0.6229729729729728,-1.118918918918919,159,158.8973438290741,160,160.08190712344188,160,160.08190740033518,false
pda,0.7243243243243243,-1.118918918918919,158,158.22930025751688,160,160.0819071376981,160,160.08190737524066,false
pda,0.791891891891892,-1.118918918918919,159,158.70809104914417,160,160.0819071472029,160,160.0819071422022,false
pda,0.8256756756756756,-1.118918918918919,159,159.0815817225724,160,160.08190715195593,160,160.08190727687008,false
pda,0.8594594594594593,-1.118918918918919,159,158.6887365821079,160,160.08190715670872,160,160.08190729079192,false
pda,0.927027027027027,-1.118918918918919,159,159.3622224035133,160,160.08190716621448,160,160.08190729510798,false
pda,0.9608108108108108,-1.118918918918919,159,158.8478388935425,160,160.08190717096798,160,160.0819072420562,false
pda,0.9945945945945945,-1.118918918918919,159,159.2762223710192,160,160.08190717572143,160,160.0819072569706,false
pda,1.0283783783783782,-1.118918918918919,159,158.51500248068604,160,160.081907180475,160,160.0819072771812,false
pda,1.0621621621621622,-1.118918918918919,159,158.79838329970303,160,160.08190718522846,160,160.08190732884933,false
pda,1.0959459459459457,-1.118918918918919,159,159.16722723910362,160,160.08190718998225,160,160.08190719864618,false
pda,1.1297297297297295,-1.118918918918919,159,159.18061202418343,160,160.08190719473598,160,160.0819072463713,false
pda,1.1972972972972973,-1.118918918918919,158,158.47168503198355,160,160.0819072042438,160,160.08190730999252,false
pda,1.231081081081081,-1.118918918918919,159,159.11293299177973,160,160.0819072089979,160,160.0819072523365,false
pda,1.2648648648648648,-1.118918918918919,158,157.93316397016426,160,160.0819072137518,160,160.0819073274093,false
pda,1.2986486486486484,-1.118918918918919,159,159.10750590023088,160,160.08190721850596,160,160.0819072112717,false
pda,1.3324324324324326,-1.118918918918919,159,159.074464283467,160,160.08190722326006,160,160.08190724355768,false
pda,1.3662162162162161,-1.118918918918919,159,159.2828767170386,160,160.08190722801473,160,160.08190727525766,false
pda,1.4,-1.118918918918919,159,159.21062238578935,160,160.08190723276903,160,160.081907258756,false
pda,-1.1,-1.0878378378378377,160,160.1565429336318,161,161.08079650011283,161,161.08079657413174,false
pda,-1.0662162162162163,-1.0878378378378377,160,159.54307689290562,161,161.08079650306397,161,161.08079652536304,false
pda,-1.0324324324324325,-1.0878378378378377,160,160.39734286015874,161,161.0807965019547,161,161.08079657251307,false
pda,-0.9986486486486487,-1.0878378378378377,159,159.03920288947901,160,160.08079680129114,160,160.08079652829608,false
pda,-0.9648648648648649,-1.0878378378378377,159,159.25965123737194,160,160.08079653440308,160,160.08079652880681,false
pda,-0.9310810810810811,-1.0878378378378377,159,158.7890205459173,160,160.08079653397385,160,160.08079655045444,false
pda,-0.8972972972972975,-1.0878378378378377,159,158.8894247419003,160,160.08079653705047,160,160.08079658160636,false
pda,-0.8635135135135136,-1.0878378378378377,158,158.04764730034432,160,160.08079654102977,160,160.08079674445372,false
pda,-0.8297297297297298,-1.0878378378378377,157,157.12909281499645,160,160.08079654537423,160,160.08079653294055,false
pda,-0.795945945945946,-1.0878378378378377,159,159.10956246988823,160,160.0807965499026,160,160.08079657869595,false
pda,-0.7621621621621624,-1.0878378378378377,158,157.60226039865572,160,160.08079655453636,160,160.0807966555259,false
pda,-0.7283783783783784,-1.0878378378378377,159,158.63061967129067,160,160.08079655923657,160,160.0807970485519,false
pda,-0.6945945945945946,-1.0878378378378377,158,157.59394895191866,160,160.08079656398053,160,160.08079658583125,false
pda,-0.6608108108108108,-1.0878378378378377,158,158.38860937386787,160,160.08079656875594,160,160.0807966043993,false
pda,-0.6270270270270271,-1.0878378378378377,158,157.80572377045897,160,160.08079657355376,160,160.08079658712415,false
pda,-0.5932432432432433,-1.0878378378378377,157,156.6336203585037,160,160.08079657836836,160,160.0807966314957,false
pda,-0.5594594594594595,-1.0878378378378377,159,158.69087118608124,160,160.08079658319608,160,160.08079661839992,false
pda,-0.5256756756756757,-1.0878378378378377,159,159.2307313973437,160,160.08079658803425,160,160.080796599736,false
pda,-0.49189189189189203,-1.0878378378378377,159,158.54136258807335,160,160.08079659288046,160,160.08079663537836,false
pda,-0.45810810810810815,-1.0878378378378377,158,157.96503549933163,160,160.0807965977333,160,160.08079660856703,false
pda,-0.4243243243243243,-1.0878378378378377,158,157.95762715997452,160,160.08079660259185,160,160.0807966226973,false
pda,-0.39054054054054066,-1.0878378378378377,159,159.1216374813178,160,160.0807966074549,160,160.0807966006918,false
pda,-0.3567567567567567,-1.0878378378378377,158,157.74866503448817,160,160.08079661232154,160,160.08079661673642,false
pda,-0.32297297297297317,-1.0878378378378377,157,157.29362471481278,160,160.08079661719174,160,160.08079692212064,false
pda,-0.2891891891891893,-1.0878378378378377,159,158.9023621691947,160,160.08079662206478,160,160.0807967474287,false
pda,-0.25540540540540557,-1.0878378378378377,157,157.28502811318103,160,160.08079662694007,160,160.0807966737689,false
pda,-0.2216216216216218,-1.0878378378378377,158,157.96169324837862,160,160.08079663181735,160,160.08079668558761,false
pda,-0.1878378378378378,-1.0878378378378377,158,157.88592273345296,160,160.08079663669696,160,160.08079667755138,false
pda,-0.15405405405405403,-1.0878378378378377,159,159.11602316256804,160,160.08079664157788,160,160.08079695200618,false
pda,-0.12027027027027037,-1.0878378378378377,158,158.3206459647477,160,160.08079664646044,160,160.08079661333238,false
pda,-0.08648648648648649,-1.0878378378378377,159,158.55990250165567,160,160.08079665134412,160,160.08079672603606,false
pda,-0.05270270270270283,-1.0878378378378377,157,157.02314243474584,160,160.08079665622907,160,160.0807969191831,false
pda,-0.018918918918918948,-1.0878378378378377,159,158.7451841606266,160,160.08079666111476,160,160.08079670121586,false
pda,0.014864864864864713,-1.0878378378378377,159,158.9338167104149,160,160.08079666600162,160,160.08079668334506,false
pda,0.048648648648648596,-1.0878378378378377,158,158.37723249856035,160,160.0807966708895,160,160.08079687569165,false
pda,0.08243243243243248,-1.0878378378378377,159,158.90840066000416,160,160.0807966757776,160,160.08079671597613,false
pda,0.11621621621621625,-1.0878378378378377,158,157.910552728321,160,160.08079668066674,160,160.0807967040983,false
pda,0.18378378378378357,-1.0878378378378377,158,158.4775387894652,160,160.08079669044673,160,160.0807967514265,false
pda,0.21756756756756734,-1.0878378378378377,159,159.1879080620844,160,160.0807966953375,160,160.08079667484915,false
pda,0.25135135135135134,-1.0878378378378377,159,159.16850415234916,160,160.08079670022892,160,160.08079669290095,false
pda,0.28513513513513505,-1.0878378378378377,158,158.1654250377116,160,160.0807967051206,160,160.08079674135558,false
pda,0.3189189189189187,-1.0878378378378377,159,159.03488364208795,160,160.08079671001272,160,160.08079684146202,false
pda,0.35270270270270254,-1.0878378378378377,158,158.19686146209847,160,160.08079671490535,160,160.08079697662552,false
pda,0.38648648648648654,-1.0878378378378377,157,157.47261712495694,160,160.08079671979823,160,160.08079675438782,false
pda,0.4202702702702702,-1.0878378378378377,159,158.6946333250751,160,160.08079672469128,160,160.08079722139198,false
pda,0.45405405405405386,-1.0878378378378377,158,158.42552911098798,160,160.08079672958485,160,160.0807967527249,false
pda,0.4878378378378377,-1.0878378378378377,157,156.76105634099002,160,160.08079673447867,160,160.08079673131448,false
pda,0.5216216216216216,-1.0878378378378377,159,158.53853255607157,160,160.08079673937286,160,160.08079678144986,false
pda,0.5554054054054054,-1.0878378378378377,159,159.2856578913342,160,160.08079674426716,160,160.08079674254196,false
pda,0.5891891891891889,-1.0878378378378377,158,158.49472332643867,160,160.08079674916155,160,160.08079678165052,false
pda,0.6229729729729728,-1.0878378378378377,159,159.26058074475108,160,160.08079675405628,160,160.08079683745802,false
pda,0.6567567567567567,-1.0878378378378377,159,159.33193824231088,160,160.0807967589513,160,160.08079705190184,false
pda,0.6905405405405405,-1.0878378378378377,159,158.94061733452628,160,160.08079676384662,160,160.08079675551713,false
pda,0.7243243243243243,-1.0878378378378377,158,157.7485351918082,160,160.08079676874186,160,160.0807967862098,false
pda,0.7581081081081078,-1.0878378378378377,159,158.6110011032406,160,160.0807967736374,160,160.08079680981893,false
pda,0.791891891891892,-1.0878378378378377,159,159.32254211531026,160,160.08079677853306,160,160.08079680304957,false
pda,0.8256756756756756,-1.0878378378378377,159,158.70623456641442,160,160.08079678342875,160,160.08079708844187,false
pda,0.8594594594594593,-1.0878378378378377,158,158.27764440029318,160,160.0807967883247,160,160.0807968119897,false
pda,0.8932432432432431,-1.0878378378378377,159,158.52814356623043,160,160.0807967932208,160,160.08079684975468,false
pda,0.927027027027027,-1.0878378378378377,156,155.8469264164272,160,160.08079679811706,160,160.08079679740715,false
pda,0.9608108108108108,-1.0878378378378377,158,158.47644106063404,160,160.0807968030133,160,160.0807968225937,false
pda,0.9945945945945945,-1.0878378378378377,158,157.7876756462015,160,160.08079680791,160,160.08079732991374,false
pda,1.0283783783783782,-1.0878378378378377,159,159.05323314001578,160,160.08079681280634,160,160.08079684618735,false
pda,1.0621621621621622,-1.0878378378378377,159,158.7364439959188,160,160.0807968177029,160,160.0807968288907,false
pda,1.0959459459459457,-1.0878378378378377,159,159.22814639561338,160,160.08079682259967,160,160.08079687600903,false
pda,1.1297297297297295,-1.0878378378378377,158,158.1082396295929,160,160.0807968274966,160,160.08079687776967,false
pda,1.1635135135135135,-1.0878378378378377,159,158.80818522682216,160,160.08079683239353,160,160.08079685749536,false
pda,1.1972972972972973,-1.0878378378378377,159,158.52043993625506,160,160.08079683729048,160,160.08079683095332,false
pda,1.231081081081081,-1.0878378378378377,159,159.38675028478463,160,160.0807968421879,160,160.08079684857182,false
pda,1.2648648648648648,-1.0878378378378377,158,158.46070671685436,160,160.0807968470848,160,160.08079684582492,false
pda,1.2986486486486484,-1.0878378378378377,158,158.2550300212052,160,160.0807968519821,160,160.08079688519115,false
pda,1.3324324324324326,-1.0878378378378377,158,157.648743074507,160,160.08079685687943,160,160.08079687704722,false
pda,1.3662162162162161,-1.0878378378378377,159,158.85572064363527,160,160.08079686177675,160,160.0807968823125,false
pda,1.4,-1.0878378378378377,159,158.83159312910652,160,160.08079686667438,160,160.0807969037959,false
pda,-1.1,-1.0567567567567566,155,154.9148381780878,159,159.07965248121585,159,159.07965257207175,false
pda,-1.0662162162162163,-1.0567567567567566,156,155.51348231901298,161,161.07965248431645,161,161.07965253964892,false
pda,-1.0324324324324325,-1.0567567567567566,158,158.36353125329293,161,161.07965248335657,161,161.07965255662558,false
pda,-0.9986486486486487,-1.0567567567567566,157,156.5788662344575,160,160.07965278284252,160,160.0796525378304,false
pda,-0.9648648648648649,-1.0567567567567566,157,156.57239844111666,160,160.07965251610412,160,160.07965266357377,false
pda,-0.9310810810810811,-1.0567567567567566,156,156.15694816243786,160,160.07965251582436,160,160.07965281597663,false
pda,-0.8972972972972975,-1.0567567567567566,157,156.8927852377313,160,160.07965251905043,160,160.07965261390126,false
pda,-0.8635135135135136,-1.0567567567567566,155,155.36022505334108,160,160.0796525231793,160,160.0796525573288,false
pda,-0.8297297297297298,-1.0567567567567566,154,153.86504730292648,160,160.07965252767318,160,160.0796525704536,false
pda,-0.795945945945946,-1.0567567567567566,158,157.50464031119046,160,160.07965253235128,160,160.07965258859875,false
pda,-0.7621621621621624,-1.0567567567567566,159,158.64977988608968,160,160.0796525371345,160,160.07965256913332,false
pda,-0.7283783783783784,-1.0567567567567566,158,157.82648954717394,160,160.07965254198402,160,160.07965258353815,false
pda,-0.6945945945945946,-1.0567567567567566,155,155.02358977382372,160,160.0796525468777,160,160.07965260355363,false
pda,-0.6608108108108108,-1.0567567567567566,157,156.90431561486932,160,160.07965255180264,160,160.07965259376275,false
pda,-0.6270270270270271,-1.0567567567567566,157,156.7068806169914,160,160.07965255674998,160,160.079652609396,false
pda,-0.5932432432432433,-1.0567567567567566,156,156.27429276066903,160,160.07965256171394,160,160.07965260284334,false
pda,-0.5594594594594595,-1.0567567567567566,157,156.9282668011311,160,160.07965256669124,160,160.07965254588373,false
pda,-0.5256756756756757,-1.0567567567567566,157,156.73306395809058,160,160.07965257167865,160,160.0796526729665,false
pda,-0.49189189189189203,-1.0567567567567566,156,156.12552391571492,160,160.0796525766747,160,160.07965269037828,false
pda,-0.45810810810810815,-1.0567567567567566,157,157.0843630639965,160,160.07965258167715,160,160.07965259490123,false
pda,-0.4243243243243243,-1.0567567567567566,157,157.3022672012188,160,160.0796525866851,160,160.0796526131019,false
pda,-0.39054054054054066,-1.0567567567567566,154,154.08058971920633,160,160.07965259169742,160,160.0796526176499,false
pda,-0.3567567567567567,-1.0567567567567566,155,155.29947532140253,160,160.07965259671394,160,160.0796526014151,false
pda,-0.32297297297297317,-1.0567567567567566,158,157.67712442910235,160,160.07965260173333,160,160.07965267836707,false
pda,-0.2891891891891893,-1.0567567567567566,157,157.00514778747268,160,160.07965260675607,160,160.0796527228171,false
pda,-0.25540540540540557,-1.0567567567567566,157,157.32902651512592,160,160.0796526117809,160,160.0796526327535,false
pda,-0.2216216216216218,-1.0567567567567566,158,157.6124267196264,160,160.07965261680795,160,160.07965292666478,false
pda,-0.1878378378378378,-1.0567567567567566,156,156.43300415499593,160,160.07965262183689,160,160.07965268052484,false
pda,-0.15405405405405403,-1.0567567567567566,156,155.96379471051577,160,160.07965262686722,160,160.07965266527916,false
pda,-0.12027027027027037,-1.0567567567567566,158,157.582110022946,160,160.07965263189902,160,160.07965268899812,false
pda,-0.08648648648648649,-1.0567567567567566,156,155.9725727755584,160,160.07965263693245,160,160.07965295507262,false
pda,-0.05270270270270283,-1.0567567567567566,155,155.00211131429037,160,160.0796526419668,160,160.07965267748318,false
pda,-0.018918918918918948,-1.0567567567567566,157,157.2775462662912,160,160.07965264700218,160,160.07965266904793,false
pda,0.014864864864864713,-1.0567567567567566,156,156.20667603126955,160,160.0796526520386,160,160.07965271330835,false
pda,0.048648648648648596,-1.0567567567567566,157,156.55598077915172,160,160.07965265707583,160,160.07965263196655,false
pda,0.08243243243243248,-1.0567567567567566,157,156.94773327792004,160,160.07965266211352,160,160.07965277666716,false
pda,0.11621621621621625,-1.0567567567567566,154,153.86603351061808,160,160.07965266715223,160,160.07965269917125,false
pda,0.1499999999999999,-1.0567567567567566,156,155.9596307804492,160,160.0796526721915,160,160.0796527533707,false
pda,0.18378378378378357,-1.0567567567567566,155,155.3389914065545,160,160.07965267723114,160,160.07965275532206,false
pda,0.21756756756756734,-1.0567567567567566,156,156.40035440705148,160,160.07965268227156,160,160.0796527865086,false
pda,0.25135135135135134,-1.0567567567567566,158,157.8061046752336,160,160.07965268731226,160,160.0796527264896,false
pda,0.28513513513513505,-1.0567567567567566,156,155.54559596008679,160,160.07965269235348,160,160.0796527912493,false
pda,0.3189189189189187,-1.0567567567567566,158,157.6310251555944,160,160.07965269739526,160,160.07965274445328,false
pda,0.35270270270270254,-1.0567567567567566,157,157.1131864031864,160,160.07965270243727,160,160.0796528070912,false
pda,0.38648648648648654,-1.0567567567567566,158,157.8300750509892,160,160.07965270747943,160,160.07965269767928,false
pda,0.4202702702702702,-1.0567567567567566,158,157.59072118938062,160,160.07965271252255,160,160.07965277495225,false
pda,0.45405405405405386,-1.0567567567567566,156,156.45630242448124,160,160.07965271756558,160,160.0796530604963,false
pda,0.4878378378378377,-1.0567567567567566,153,153.16693341892818,160,160.07965272260867,160,160.07965299410816,false
pda,0.5216216216216216,-1.0567567567567566,156,156.40435191045242,160,160.07965272765227,160,160.07965277858665,false
pda,0.5554054054054054,-1.0567567567567566,158,157.55820755587717,160,160.0796527326963,160,160.07965277196394,false
pda,0.5891891891891889,-1.0567567567567566,157,157.25326630597155,160,160.07965273774036,160,160.0796527928429,false
pda,0.6229729729729728,-1.0567567567567566,156,156.08119664330698,160,160.07965274278445,160,160.07965277578174,false
pda,0.6567567567567567,-1.0567567567567566,155,155.3337767484508,160,160.079652747829,160,160.0796528016939,false
pda,0.6905405405405405,-1.0567567567567566,156,155.8680296273133,160,160.07965275287373,160,160.07965276993474,false
pda,0.7243243243243243,-1.0567567567567566,155,155.1137452774763,160,160.07965275791864,160,160.07965279786455,false
pda,0.7581081081081078,-1.0567567567567566,157,156.80922631265693,160,160.0796527629634,160,160.07965274202448,false
pda,0.791891891891892,-1.0567567567567566,156,155.94481228977628,160,160.07965276800866,160,160.07965284995888,false
pda,0.8256756756756756,-1.0567567567567566,157,157.40778408681075,160,160.0796527730541,160,160.079653055483,false
pda,0.8594594594594593,-1.0567567567567566,156,155.53319548622994,160,160.0796527780994,160,160.07965289150133,false
pda,0.8932432432432431,-1.0567567567567566,156,156.40440512017435,160,160.07965278314504,160,160.07965283291458,false
pda,0.927027027027027,-1.0567567567567566,156,156.051948885928,160,160.079652788191,160,160.07965281433394,false
pda,0.9608108108108108,-1.0567567567567566,155,155.33994114285724,160,160.07965279323653,160,160.0796528165212,false
pda,0.9945945945945945,-1.0567567567567566,157,156.9841817688928,160,160.07965279828247,160,160.0796528422577,false
pda,1.0283783783783782,-1.0567567567567566,156,156.499536313619,160,160.0796528033287,160,160.07965283130926,false
pda,1.0621621621621622,-1.0567567567567566,155,155.20798103655702,160,160.0796528083744,160,160.07965283846048,false
pda,1.0959459459459457,-1.0567567567567566,156,156.4271527525471,160,160.07965281342106,160,160.0796528858683,false
pda,1.1297297297297295,-1.0567567567567566,154,154.0322292138871,160,160.07965281846762,160,160.07965285566598,false
pda,1.1635135135135135,-1.0567567567567566,155,154.59432499887126,160,160.07965282351375,160,160.07965294070652,false
pda,1.1972972972972973,-1.0567567567567566,157,157.07230155260655,160,160.0796528285604,160,160.07965288756455,false
pda,1.231081081081081,-1.0567567567567566,157,157.14760324742184,160,160.07965283360718,160,160.07965292115995,false
pda,1.2648648648648648,-1.0567567567567566,155,155.12724201346353,160,160.0796528386536,160,160.07965324742005,false
pda,1.2986486486486484,-1.0567567567567566,153,153.31428037001922,160,160.07965284370044,160,160.07965300480313,false
pda,1.3324324324324326,-1.0567567567567566,155,155.08926451400419,160,160.0796528487476,160,160.0796531387517,false
pda,1.3662162162162161,-1.0567567567567566,155,154.63036284546786,160,160.07965285379424,160,160.07965287327698,false
pda,1.4,-1.0567567567567566,157,156.81062100968063,160,160.07965285884148,160,160.07965310670073,false
pda,-1.1,-1.0256756756756755,149,148.6344953113685,159,159.07847329859374,159,159.07847333768757,false
pda,-1.0662162162162163,-1.0256756756756755,146,145.50392110654766,159,159.07847330185047,159,159.0784734075058,false
pda,-1.0324324324324325,-1.0256756756756755,149,149.27506700158474,159,159.07847330104704,159,159.07847334133402,false
pda,-0.9986486486486487,-1.0256756756756755,152,152.27966048443923,160,160.07847360068948,160,160.0784733710037,false
pda,-0.9648648648648649,-1.0256756756756755,151,151.3844654913655,160,160.07847333410723,160,160.0784735157413,false
pda,-0.9310810810810811,-1.0256756756756755,148,148.1520040506326,160,160.07847333398394,160,160.07847348777082,false
pda,-0.8972972972972975,-1.0256756756756755,148,148.27315121968905,160,160.07847333736655,160,160.07847338324373,false
pda,-0.8635135135135136,-1.0256756756756755,144,143.95734283799808,160,160.07847334165143,160,160.07847340974155,false
pda,-0.8297297297297298,-1.0256756756756755,148,147.67069658161788,160,160.07847334630173,160,160.07847340724138,false
pda,-0.795945945945946,-1.0256756756756755,150,150.02006500739893,160,160.07847335113604,160,160.07847346890392,false
pda,-0.7621621621621624,-1.0256756756756755,150,149.63735266929118,160,160.07847335607573,160,160.07847337352987,false
pda,-0.7283783783783784,-1.0256756756756755,150,150.2097975443643,160,160.0784733610814,160,160.07847342515484,false
pda,-0.6945945945945946,-1.0256756756756755,145,145.31851373729071,160,160.07847336613165,160,160.07847345311177,false
pda,-0.6608108108108108,-1.0256756756756755,140,139.95991541595967,160,160.07847337121285,160,160.07847342853952,false
pda,-0.6270270270270271,-1.0256756756756755,153,153.0956225599352,160,160.07847337631637,160,160.07847345173218,false
pda,-0.5932432432432433,-1.0256756756756755,149,149.38550369075915,160,160.07847338143682,160,160.07847343986174,false
pda,-0.5594594594594595,-1.0256756756756755,150,149.83128983265556,160,160.07847338657047,160,160.07847342539904,false
pda,-0.5256756756756757,-1.0256756756756755,146,146.3365229940701,160,160.0784733917143,160,160.07847344711783,false
pda,-0.49189189189189203,-1.0256756756756755,145,144.6999456661443,160,160.0784733968664,160,160.0784734581243,false
pda,-0.45810810810810815,-1.0256756756756755,148,147.89797434906026,160,160.07847340202514,160,160.07847348754643,false
pda,-0.4243243243243243,-1.0256756756756755,148,148.4937562001348,160,160.0784734071894,160,160.07847345978732,false
pda,-0.39054054054054066,-1.0256756756756755,147,146.80474525712827,160,160.0784734123581,160,160.07847354633412,false
pda,-0.3567567567567567,-1.0256756756756755,148,147.8876428078774,160,160.078473417531,160,160.07847345805274,false
pda,-0.32297297297297317,-1.0256756756756755,144,143.6703036396945,160,160.0784734227069,160,160.0784734829069,false
pda,-0.2891891891891893,-1.0256756756756755,144,144.47540227723903,160,160.07847342788568,160,160.07847347829056,false
pda,-0.25540540540540557,-1.0256756756756755,147,147.06878952870792,160,160.078473433067,160,160.07847353164476,false
pda,-0.2216216216216218,-1.0256756756756755,145,145.37609952295753,160,160.07847343825003,160,160.078473704516,false
pda,-0.1878378378378378,-1.0256756756756755,146,146.2159214565877,160,160.0784734434354,160,160.0784735566992,false
pda,-0.15405405405405403,-1.0256756756756755,146,145.54304981996674,160,160.07847344862208,160,160.07847355698777,false
pda,-0.12027027027027037,-1.0256756756756755,148,147.8127121499575,160,160.07847345381043,160,160.07847349933758,false
pda,-0.08648648648648649,-1.0256756756756755,146,145.84761424716885,160,160.07847345900004,160,160.0784737204491,false
pda,-0.05270270270270283,-1.0256756756756755,148,147.63929433274856,160,160.07847346419067,160,160.07847354201354,false
pda,-0.018918918918918948,-1.0256756756756755,145,145.47670167354346,160,160.07847346938237,160,160.0784735883637,false
pda,0.014864864864864713,-1.0256756756756755,149,148.919068489529,160,160.07847347457496,160,160.07847354201695,false
pda,0.048648648648648596,-1.0256756756756755,149,149.11600334333897,160,160.07847347976863,160,160.07847354185594,false
pda,0.08243243243243248,-1.0256756756756755,148,147.8013370746472,160,160.07847348496273,160,160.07847356692497,false
pda,0.11621621621621625,-1.0256756756756755,147,146.83090140397977,160,160.0784734901576,160,160.0784735254607,false
pda,0.1499999999999999,-1.0256756756756755,148,147.7904913903142,160,160.0784734953533,160,160.07847359189358,false
pda,0.18378378378378357,-1.0256756756756755,148,147.55494955184386,160,160.0784735005494,160,160.07847356219202,false
pda,0.21756756756756734,-1.0256756756756755,150,150.31099342609855,160,160.07847350574616,160,160.07847357563546,false
pda,0.25135135135135134,-1.0256756756756755,147,147.49962041928046,160,160.07847351094307,160,160.07847358493487,false
pda,0.28513513513513505,-1.0256756756756755,147,147.38995067850922,160,160.07847351614075,160,160.07847355569547,false
pda,0.3189189189189187,-1.0256756756756755,150,150.37360193667018,160,160.07847352133885,160,160.07847357348138,false
pda,0.35270270270270254,-1.0256756756756755,146,145.69627295025202,160,160.07847352653712,160,160.07847384980474,false
pda,0.38648648648648654,-1.0256756756756755,144,143.96096282784276,160,160.07847353173597,160,160.0784736300333,false
pda,0.4202702702702702,-1.0256756756756755,145,144.5078858516951,160,160.07847353693495,160,160.07847358964227,false
pda,0.45405405405405386,-1.0256756756756755,150,149.90142707232079,160,160.07847354213413,160,160.07847361130734,false
pda,0.4878378378378377,-1.0256756756756755,146,145.58321958676515,160,160.07847354733374,160,160.0784736118498,false
pda,0.5216216216216216,-1.0256756756756755,151,150.88853111107767,160,160.07847355253375,160,160.07847369405047,false
pda,0.5554054054054054,-1.0256756756756755,146,145.78966238458148,160,160.07847355773387,160,160.0784736069843,false
pda,0.5891891891891889,-1.0256756756756755,152,151.70075350932254,160,160.07847356293414,160,160.07847366125154,false
pda,0.6229729729729728,-1.0256756756756755,146,145.62278037606015,160,160.0784735681348,160,160.0784736439687,false
pda,0.6567567567567567,-1.0256756756756755,150,150.00021189908787,160,160.07847357333554,160,160.07847363884895,false
pda,0.6905405405405405,-1.0256756756756755,143,142.87442748055787,160,160.0784735785365,160,160.07847369662068,false
pda,0.7243243243243243,-1.0256756756756755,147,147.0777498738215,160,160.0784735837377,160,160.07847386786847,false
pda,0.7581081081081078,-1.0256756756756755,150,149.66908693541592,160,160.07847358893903,160,160.0784736311249,false
pda,0.791891891891892,-1.0256756756756755,151,151.4278649159277,160,160.07847359414055,160,160.07847363731327,false
pda,0.8256756756756756,-1.0256756756756755,144,144.4928035666173,160,160.07847359934217,160,160.07847364854646,false
pda,0.8594594594594593,-1.0256756756756755,144,144.38327410940707,160,160.07847360454406,160,160.0784736375159,false
pda,0.8932432432432431,-1.0256756756756755,144,144.1846444476401,160,160.0784736097458,160,160.07847371436262,false
pda,0.927027027027027,-1.0256756756756755,151,150.915412412259,160,160.07847361494808,160,160.07847367336248,false
pda,0.9608108108108108,-1.0256756756756755,148,148.01189100281368,160,160.0784736201501,160,160.07847366493002,false
pda,0.9945945945945945,-1.0256756756756755,143,143.25514825108112,160,160.0784736253525,160,160.07847372176323,false
pda,1.0283783783783782,-1.0256756756756755,145,145.45727387514935,160,160.07847363055478,160,160.078473686537,false
pda,1.0621621621621622,-1.0256756756756755,144,144.45745512319652,160,160.07847363575743,160,160.07847368412803,false
pda,1.0959459459459457,-1.0256756756756755,148,147.9846281566553,160,160.07847364095994,160,160.07847383380934,false
pda,1.1297297297297295,-1.0256756756756755,146,146.42379957554007,160,160.07847364616268,160,160.0784737066122,false
pda,1.1635135135135135,-1.0256756756756755,139,139.34973161961065,160,160.07847365136536,160,160.07847369148948,false
pda,1.1972972972972973,-1.0256756756756755,146,146.4750147417516,160,160.07847365656806,160,160.07847409913884,false
pda,1.231081081081081,-1.0256756756756755,147,147.10346545356796,160,160.07847366177123,160,160.07847371918126,false
pda,1.2648648648648648,-1.0256756756756755,145,144.69718771925952,160,160.07847366697393,160,160.07847375030815,false
pda,1.2986486486486484,-1.0256756756756755,147,147.4820957627008,160,160.0784736721774,160,160.07847380808025,false
pda,1.3324324324324326,-1.0256756756756755,148,147.760372972578,160,160.07847367738046,160,160.0784737423191,false
pda,1.3662162162162161,-1.0256756756756755,143,142.72053469911916,160,160.07847368258385,160,160.07847374301784,false
pda,1.4,-1.0256756756756755,147,146.78625926596888,160,160.078473687787,160,160.07847373766086,false
pda,-1.0662162162162163,-0.9945945945945945,2,1.8082894779237684,1,1.077257343030978,1,1.0772573478743626,false
pda,-1.0324324324324325,-0.9945945945945945,2,1.7788089260267568,1,1.0772573423912348,1,1.07725735322752,false
pda,-0.8972972972972975,-0.9945945945945945,3,3.0233899747098474,2,2.0772573793645583,2,2.0772573730547004,false
pda,-0.795945945945946,-0.9945945945945945,3,3.031864994924621,2,2.0772573936247674,2,2.0772573893514203,false
pda,-0.7621621621621624,-0.9945945945945945,5,4.8416857411972885,4,4.077257398728033,4,4.077257394274996,false
pda,-0.7283783783783784,-0.9945945945945945,5,4.862026058392949,4,4.077257403897447,4,4.07725739957949,false
pda,-0.6945945945945946,-0.9945945945945945,6,6.386641784882662,4,4.077257409111047,4,4.077257405032811,false
pda,-0.6608108108108108,-0.9945945945945945,5,4.910407327512845,4,4.077257414355641,4,4.0772574119127585,false
pda,-0.6270270270270271,-0.9945945945945945,5,5.046875516166568,4,4.077257419622777,4,4.07725741635079,false
pda,-0.5594594594594595,-0.9945945945945945,7,6.774595169761097,4,4.077257430204016,4,4.077257427454612,false
pda,-0.5256756756756757,-0.9945945945945945,6,5.930424309281116,4,4.077257435511422,4,4.0772574334121785,false
pda,-0.49189189189189203,-0.9945945945945945,5,4.981351410322418,4,4.07725744082704,4,4.0772574374979,false
pda,-0.45810810810810815,-0.9945945945945945,5,4.885737935086259,4,4.077257446149318,4,4.077257442903326,false
pda,-0.4243243243243243,-0.9945945945945945,8,7.892701267250936,4,4.077257451477106,4,4.077257449387549,false
pda,-0.39054054054054066,-0.9945945945945945,5,4.926480822047077,4,4.077257456809483,4,4.077257455589352,false
pda,-0.3567567567567567,-0.9945945945945945,7,6.9578185299107735,4,4.077257462145721,4,4.077257459911969,false
pda,-0.32297297297297317,-0.9945945945945945,6,5.932589264767883,4,4.0772574674852535,4,4.077257464649079,false
pda,-0.2891891891891893,-0.9945945945945945,6,5.954891545237123,4,4.077257472827579,4,4.077257470712621,false
pda,-0.25540540540540557,-0.9945945945945945,12,11.70405445179041,4,4.077257478172356,4,4.077257474662887,false
pda,-0.2216216216216218,-0.9945945945945945,9,9.463984513532527,4,4.077257483519238,4,4.077257480760585,false
pda,-0.1878378378378378,-0.9945945945945945,7,6.950054397836272,4,4.077257488867976,4,4.077257485815954,false
pda,-0.15405405405405403,-0.9945945945945945,7,6.51134891897079,4,4.077257494218342,4,4.0772574911946755,false
pda,-0.12027027027027037,-0.9945945945945945,12,12.005121552115892,6,6.077257499570145,6,6.077257497667124,false
pda,-0.08648648648648649,-0.9945945945945945,24,23.633334430794648,6,6.077257504923237,6,6.077257503738002,false
pda,-0.05270270270270283,-0.9945945945945945,8,7.624460616520488,6,6.077257510277463,6,6.077257509674461,false
pda,-0.018918918918918948,-0.9945945945945945,7,7.005268611764393,6,6.077257515632718,6,6.077257513751425,false
pda,0.014864864864864713,-0.9945945945945945,10,9.849173112428426,6,6.077257520988914,6,6.077257517717215,false
pda,0.08243243243243248,-0.9945945945945945,9,8.895081296296699,6,6.077257531703714,6,6.077257531082686,false
pda,0.11621621621621625,-0.9945945945945945,11,10.75367941791745,6,6.07725753706216,6,6.077257534697687,false
pda,0.1499999999999999,-0.9945945945945945,10,9.78195446759998,6,6.0772575424212505,6,6.07725754080423,false
pda,0.18378378378378357,-0.9945945945945945,16,16.319062827247077,6,6.077257547780916,6,6.07725754514809,false
pda,0.21756756756756734,-0.9945945945945945,11,10.772093224087659,6,6.077257553141106,6,6.077257550825887,false
pda,0.25135135135135134,-0.9945945945945945,8,7.842692739844492,6,6.0772575585017865,6,6.077257556980459,false
pda,0.28513513513513505,-0.9945945945945945,10,9.84736940183055,6,6.077257563862887,6,6.077257563639874,false
pda,0.3189189189189187,-0.9945945945945945,8,7.877680698413827,6,6.077257569224429,6,6.07725756820446,false
pda,0.35270270270270254,-0.9945945945945945,11,10.68818426503822,6,6.077257574586325,6,6.077257572155897,false
pda,0.38648648648648654,-0.9945945945945945,9,8.880304220000355,6,6.077257579948593,6,6.077257575779716,false
pda,0.4202702702702702,-0.9945945945945945,16,16.402469641217856,6,6.077257585311156,6,6.0772575867723635,false
pda,0.45405405405405386,-0.9945945945945945,7,7.023060010972212,6,6.077257590674059,6,6.077257587774531,false
pda,0.4878378378378377,-0.9945945945945945,16,15.722962266236689,6,6.0772575960372315,6,6.077257593906247,false
pda,0.5216216216216216,-0.9945945945945945,9,9.434315161391797,6,6.077257601400678,6,6.07725759973187,false
pda,0.5554054054054054,-0.9945945945945945,13,13.465556324602556,6,6.077257606764341,6,6.0772576059416314,false
pda,0.5891891891891889,-0.9945945945945945,21,21.1334133351588,6,6.077257612128242,6,6.077257610939171,false
pda,0.6229729729729728,-0.9945945945945945,11,11.016312337955714,6,6.077257617492378,6,6.077257613066365,false
pda,0.6567567567567567,-0.9945945945945945,9,8.838753164741235,6,6.0772576228567035,6,6.077257622336739,false
pda,0.6905405405405405,-0.9945945945945945,10,9.961980034054578,6,6.077257628221226,6,6.077257627913317,false
pda,0.7243243243243243,-0.9945945945945945,10,9.825366878999006,6,6.07725763358595,6,6.0772576317938825,false
pda,0.7581081081081078,-0.9945945945945945,7,7.078581690697537,6,6.077257638950802,6,6.077257637038405,false
pda,0.791891891891892,-0.9945945945945945,23,23.081552152275947,6,6.077257644315836,6,6.0772576421436755,false
pda,0.8256756756756756,-0.9945945945945945,16,16.107348414841475,6,6.077257649681025,6,6.077257646487273,false
pda,0.8594594594594593,-0.9945945945945945,8,8.006155293581514,6,6.077257655046346,6,6.077257652682727,false
pda,0.8932432432432431,-0.9945945945945945,12,12.472551924074736,6,6.0772576604118145,6,6.077257659642516,false
pda,0.927027027027027,-0.9945945945945945,15,15.41050875035674,8,8.077257665777402,8,8.077257656903946,false
pda,0.9608108108108108,-0.9945945945945945,7,7.0673625174350265,8,8.077257671143101,8,8.077257662496702,false
pda,1.0283783783783782,-0.9945945945945945,21,21.02918086007508,8,8.077257681874865,8,8.077257672793127,false
pda,1.0621621621621622,-0.9945945945945945,16,16.334284315120293,8,8.0772576872409,8,8.077257678287806,false
pda,1.0959459459459457,-0.9945945945945945,13,12.822453894343727,8,8.077257692607027,8,8.07725768434523,false
pda,1.1297297297297295,-0.9945945945945945,14,13.976316586899816,8,8.077257697973259,8,8.077257689471846,false
pda,1.1635135135135135,-0.9945945945945945,21,20.650033631749857,8,8.077257703339587,8,8.077257695560988,false
pda,1.1972972972972973,-0.9945945945945945,20,19.57374975926772,8,8.077257708706002,8,8.077257700997583,false
pda,1.231081081081081,-0.9945945945945945,10,9.860890593967632,8,8.077257714072484,8,8.077257705197319,false
pda,1.2648648648648648,-0.9945945945945945,22,22.45480388550422,8,8.077257719439046,8,8.07725771062346,false
pda,1.2986486486486484,-0.9945945945945945,27,26.999020235670958,8,8.07725772480569,8,8.077257714866898,false
pda,1.3324324324324326,-0.9945945945945945,16,15.632937183712444,8,8.077257730172398,8,8.077257721082702,false
pda,1.3662162162162161,-0.9945945945945945,17,17.252167479512607,8,8.077257735539177,8,8.077257725344374,false
pda,1.4,-0.9945945945945945,17,17.362828858043017,8,8.07725774090601,8,8.077257732911278,false
pda,0.45405405405405386,-0.9635135135135133,3,3.0725576681323195,2,2.0760031526883305,2,2.076003151413916,false
pda,1.3662162162162161,-0.9635135135135133,5,4.586784680583332,4,4.076003302175865,4,4.076003302083681,false
pda,0.25135135135135134,0.9635135135135137,1,1.4900586911714955,2,1.601310846645303,2,1.601310845300023,false
pda,-1.1,0.9945945945945946,12,12.230200094694556,7,6.581003880382882,7,6.581003881913363,false
pda,-1.0662162162162163,0.9945945945945946,22,22.475678059232095,7,6.581003965513846,7,6.581003970019667,false
pda,-1.0324324324324325,0.9945945945945946,18,17.76597973185301,7,6.581004046584751,7,6.581004055221738,false
pda,-0.9986486486486487,0.9945945945945946,12,12.063451726426612,6,5.5810044281012265,6,5.581004145685675,false
pda,-0.9648648648648649,0.9945945945945946,7,7.387765743870341,6,5.581004243393395,6,5.581004232269597,false
pda,-0.8972972972972975,0.9945945945945946,9,9.051651918733793,6,5.581004410400783,6,5.581004406973102,false
pda,-0.8635135135135136,0.9945945945945946,7,7.064194882954648,6,5.58100449656006,6,5.58100449393571,false
pda,-0.8297297297297298,0.9945945945945946,13,13.063639669794942,6,5.581004583084663,6,5.581004579014736,false
pda,-0.795945945945946,0.9945945945945946,8,8.294157148671957,6,5.58100466979315,6,5.581004666459955,false
pda,-0.7283783783783784,0.9945945945945946,7,7.475151468572363,6,5.581004843487302,6,5.581004841817806,false
pda,-0.6945945945945946,0.9945945945945946,24,23.910939966879177,6,5.581004930411679,6,5.581004925231175,false
pda,-0.6608108108108108,0.9945945945945946,8,7.547967821137358,6,5.5810050173670485,6,5.581005016250281,false
pda,-0.6270270270270271,0.9945945945945946,7,7.099016899022587,6,5.581005104344983,6,5.581005102876961,false
pda,-0.5594594594594595,0.9945945945945946,8,7.58308073851813,6,5.581005278347849,6,5.58100527608551,false
pda,-0.49189189189189203,0.9945945945945946,8,7.592537042821692,6,5.581005452392542,6,5.581005450028652,false
pda,-0.39054054054054066,0.9945945945945946,7,6.535566093448066,6,5.58100571350757,6,5.5810057109164015,false
pda,-0.32297297297297317,0.9945945945945946,10,10.228336281465038,4,3.581005887605113,4,3.5810058851593345,false
pda,-0.2891891891891893,0.9945945945945946,13,12.9737433618408,4,3.5810059746583502,4,3.58100597165528,false
pda,-0.25540540540540557,0.9945945945945946,6,6.405286804273389,4,3.5810060617140627,4,3.581006060122337,false
pda,-0.2216216216216218,0.9945945945945946,6,6.449619761444482,4,3.581006148771867,4,3.5810061458606905,false
pda,-0.1878378378378378,0.9945945945945946,7,7.0288058505536855,4,3.5810062358315506,4,3.581006234062918,false
pda,-0.15405405405405403,0.9945945945945946,5,5.288810325613656,4,3.581006322892889,4,3.581006319783775,false
pda,-0.12027027027027037,0.9945945945945946,5,4.611412966242753,4,3.581006409955647,4,3.5810064074310626,false
pda,-0.08648648648648649,0.9945945945945946,6,5.514049329339172,4,3.5810064970197275,4,3.581006494300952,false
pda,-0.05270270270270283,0.9945945945945946,6,5.540815219093538,4,3.5810065840849603,4,3.5810065815675385,false
pda,0.014864864864864713,0.9945945945945946,6,6.34391085132575,4,3.58100675821843,4,3.581006756039789,false
pda,0.048648648648648596,0.9945945945945946,6,6.33256962762166,4,3.581006845286473,4,3.581006841508268,false
pda,0.08243243243243248,0.9945945945945946,6,6.450057983991385,4,3.581006932355303,4,3.5810069300221508,false
pda,0.11621621621621625,0.9945945945945946,17,17.038718692928576,4,3.5810070194248156,4,3.5810070188679415,false
pda,0.1499999999999999,0.9945945945945946,5,5.458484557681343,4,3.5810071064949565,4,3.581007103313131,false
pda,0.21756756756756734,0.9945945945945946,5,5.446019807614832,4,3.5810072806369937,4,3.581007277493677,false
pda,0.25135135135135134,0.9945945945945946,7,7.224401743307902,4,3.5810073677087617,4,3.5810073641095923,false
pda,0.28513513513513505,0.9945945945945946,6,6.0996895796297,4,3.581007454780992,4,3.5810074524857423,false
pda,0.38648648648648654,0.9945945945945946,5,5.447566802146827,4,3.5810077160000953,4,3.5810077129040914,false
pda,0.45405405405405386,0.9945945945945946,6,6.436985778562239,4,3.5810078901478946,4,3.5810078879656655,false
pda,0.4878378378378377,0.9945945945945946,5,4.5200974570984425,4,3.5810079772222596,4,3.5810079731273663,false
pda,0.5216216216216216,0.9945945945945946,3,2.579206429692827,2,1.5810080642968924,2,1.581008061383462,false
pda,0.5891891891891889,0.9945945945945946,4,3.5188407469038343,2,1.581008238446919,2,1.5810082358089268,false
pda,0.6229729729729728,0.9945945945945946,3,2.516341364690714,2,1.5810083255222867,2,1.5810083227439564,false
pda,0.8256756756756756,0.9945945945945946,3,2.5084167862701445,2,1.5810088479785922,2,1.5810088453634141,false
pda,1.0621621621621622,0.9945945945945946,1,0.5298682214382695,0,-0.4189905424820479,0,-0.41899054371088007,false
pda,1.4,0.9945945945945946,3,3.2902481803330184,2,1.5810103282976313,2,1.5810103256397228,false
pda,-1.1,1.0256756756756755,148,147.85778995769326,161,160.56129449139442,161,160.5612945549541,false
pda,-1.0662162162162163,1.0256756756756755,151,150.99826411569404,161,160.5612945736663,161,160.56129462299444,false
pda,-1.0324324324324325,1.0256756756756755,151,150.56233268436873,161,160.56129465187786,161,160.5612947548786,false
pda,-0.9986486486486487,1.0256756756756755,143,143.41991185036343,160,159.56129503053504,160,159.5612948124908,false
pda,-0.9648648648648649,1.0256756756756755,146,146.15680010085913,160,159.561294842968,160,159.56129487388202,false
pda,-0.9310810810810811,1.0256756756756755,147,147.38764884352938,160,159.56129492185946,160,159.56129496935284,false
pda,-0.8972972972972975,1.0256756756756755,146,145.91541727949988,160,159.56129500425698,160,159.5612950954686,false
pda,-0.8635135135135136,1.0256756756756755,143,142.68081358705328,160,159.56129508755723,160,159.5612951914878,false
pda,-0.8297297297297298,1.0256756756756755,150,149.84580294157985,160,159.5612951712224,160,159.5612952369322,false
pda,-0.795945945945946,1.0256756756756755,147,146.86176407731574,160,159.56129525507188,160,159.5612953167217,false
pda,-0.7621621621621624,1.0256756756756755,144,144.3487364134919,160,159.56129533902666,160,159.5612954165418,false
pda,-0.7283783783783784,1.0256756756756755,148,147.7455121377478,160,159.56129542304745,160,159.5612957615377,false
pda,-0.6945945945945946,1.0256756756756755,148,147.5601599543875,160,159.5612955071126,160,159.56129556838667,false
pda,-0.6608108108108108,1.0256756756756755,148,147.74331323397317,160,159.56129559120888,160,159.56129586305545,false
pda,-0.6270270270270271,1.0256756756756755,145,144.54966170340117,160,159.56129567532764,160,159.56129581351212,false
pda,-0.5932432432432433,1.0256756756756755,148,147.60391787046643,160,159.56129575946326,160,159.5612957920728,false
pda,-0.5594594594594595,1.0256756756756755,146,145.6019917861079,160,159.56129584361193,160,159.56129618323484,false
pda,-0.5256756756756757,1.0256756756756755,141,140.81606749397628,160,159.5612959277709,160,159.5612960212402,false
pda,-0.49189189189189203,1.0256756756756755,144,144.4661592439607,160,159.5612960119384,160,159.56129608632534,false
pda,-0.45810810810810815,1.0256756756756755,145,144.85546256559277,160,159.56129609611233,160,159.56129614443685,false
pda,-0.4243243243243243,1.0256756756756755,147,147.00695726124064,160,159.5612961802919,160,159.56129626542648,false
pda,-0.39054054054054066,1.0256756756756755,150,149.83793832471218,160,159.5612962644757,160,159.5612963239525,false
pda,-0.3567567567567567,1.0256756756756755,141,141.29312635238844,160,159.56129634866377,160,159.5612964184469,false
pda,-0.32297297297297317,1.0256756756756755,141,141.4425092147147,160,159.56129643285493,160,159.5612965023667,false
pda,-0.2891891891891893,1.0256756756756755,144,143.6119143995976,160,159.56129651704876,160,159.5612965545398,false
pda,-0.25540540540540557,1.0256756756756755,145,145.19404529137896,160,159.5612966012455,160,159.56129665917143,false
pda,-0.2216216216216218,1.0256756756756755,145,145.25748979745063,160,159.56129668544415,160,159.56129675000213,false
pda,-0.1878378378378378,1.0256756756756755,151,150.7741918824286,160,159.56129676964466,160,159.56129712160708,false
pda,-0.15405405405405403,1.0256756756756755,146,146.30189273776136,160,159.561296853847,160,159.56129719624954,false
pda,-0.12027027027027037,1.0256756756756755,143,142.80203859043183,160,159.56129693805033,160,159.56129702144872,false
pda,-0.08648648648648649,1.0256756756756755,147,146.71641690459654,160,159.5612970222554,160,159.56129707836578,false
pda,-0.05270270270270283,1.0256756756756755,143,142.58224197281197,160,159.56129710646155,160,159.56129717357018,false
pda,-0.018918918918918948,1.0256756756756755,146,145.50995192634852,160,159.5612971906685,160,159.56129732932416,false
pda,0.014864864864864713,1.0256756756756755,146,146.20223930713277,160,159.5612972748766,160,159.56129734017443,false
pda,0.048648648648648596,1.0256756756756755,146,145.66971386929978,160,159.56129735908553,160,159.56129753099597,false
pda,0.08243243243243248,1.0256756756756755,150,149.7723767555632,160,159.5612974432951,160,159.56129750701,false
pda,0.11621621621621625,1.0256756756756755,147,147.1771189417413,160,159.56129752750536,160,159.5612975772379,false
pda,0.1499999999999999,1.0256756756756755,144,143.96862873502764,160,159.56129761171644,160,159.56129767493832,false
pda,0.18378378378378357,1.0256756756756755,144,144.0179736944032,160,159.5612976959282,160,159.56129775749966,false
pda,0.21756756756756734,1.0256756756756755,144,144.0630936873658,160,159.5612977801402,160,159.56129795163537,false
pda,0.25135135135135134,1.0256756756756755,146,145.94140712677657,160,159.56129786435275,160,159.5612979324896,false
pda,0.28513513513513505,1.0256756756756755,145,145.3288946038796,160,159.56129794856582,160,159.561298059154,false
pda,0.3189189189189187,1.0256756756756755,143,143.3849401791674,160,159.56129803277966,160,159.56129814344732,false
pda,0.35270270270270254,1.0256756756756755,148,148.11335590801318,160,159.56129811699364,160,159.5612982907721,false
pda,0.38648648648648654,1.0256756756756755,146,145.5358490001639,160,159.56129820120736,160,159.561298261429,false
pda,0.4202702702702702,1.0256756756756755,150,149.73823715026737,160,159.5612982854222,160,159.5612985719575,false
pda,0.45405405405405386,1.0256756756756755,146,146.4809484593032,160,159.5612983696371,160,159.56129848628416,false
pda,0.4878378378378377,1.0256756756756755,145,144.80234598720293,160,159.56129845385232,160,159.56129852253144,false
pda,0.5216216216216216,1.0256756756756755,146,146.12774960728572,160,159.5612985380679,160,159.56129863275112,false
pda,0.5554054054054054,1.0256756756756755,142,142.38208655545833,160,159.56129862228337,160,159.5612986703486,false
pda,0.5891891891891889,1.0256756756756755,152,151.55324033170498,160,159.56129870649957,160,159.56129885922027,false
pda,0.6229729729729728,1.0256756756756755,147,146.93449188654927,160,159.5612987907158,160,159.56129884961763,false
pda,0.6567567567567567,1.0256756756756755,146,145.96764530144105,160,159.56129887493242,160,159.56129891682963,false
pda,0.6905405405405405,1.0256756756756755,143,142.67551831615523,160,159.56129895914927,160,159.56129903110443,false
pda,0.7243243243243243,1.0256756756756755,147,146.7897121859563,160,159.56129904336595,160,159.56129923169686,false
pda,0.7581081081081078,1.0256756756756755,146,146.26522605071705,160,159.56129912758303,160,159.56129917779788,false
pda,0.791891891891892,1.0256756756756755,143,143.4669301192645,160,159.5612992118001,160,159.56129929845173,false
pda,0.8256756756756756,1.0256756756756755,147,147.35592313122666,160,159.5612992960176,160,159.56129937129887,false
pda,0.8594594594594593,1.0256756756756755,147,147.41106434434374,160,159.5612993802351,160,159.56129943826295,false
pda,0.8932432432432431,1.0256756756756755,147,147.07557581553618,160,159.56129946445273,160,159.56129953278543,false
pda,0.927027027027027,1.0256756756756755,148,147.60515561683235,160,159.56129954867032,160,159.56129961015375,false
pda,0.9608108108108108,1.0256756756756755,147,147.08026955292198,160,159.5612996328885,160,159.5612999802251,false
pda,0.9945945945945945,1.0256756756756755,143,142.74548937252936,160,159.5612997171067,160,159.56129976845799,false
pda,1.0283783783783782,1.0256756756756755,147,146.78719939573702,160,159.5612998013249,160,159.56129984566496,false
pda,1.0621621621621622,1.0256756756756755,153,153.43106346432162,160,159.56129988554312,160,159.56129993421268,false
pda,1.0959459459459457,1.0256756756756755,149,148.8828927138648,160,159.56129996976156,160,159.56130001988612,false
pda,1.1297297297297295,1.0256756756756755,146,145.8055408912074,160,159.56130005398026,160,159.5613001240402,false
pda,1.1635135135135135,1.0256756756756755,147,147.11694712278324,160,159.5613001381989,160,159.56130022614664,false
pda,1.1972972972972973,1.0256756756756755,148,147.99707463504805,160,159.56130022241777,160,159.56130027585203,false
pda,1.231081081081081,1.0256756756756755,147,147.39993623722543,160,159.56130030663655,160,159.5613003672844,false
pda,1.2648648648648648,1.0256756756756755,145,145.21344537292842,158,157.56130039085545,158,157.561300434491,false
pda,1.2986486486486484,1.0256756756756755,142,142.20146052354463,158,157.56130047507443,158,157.56130051549522,false
pda,1.3324324324324326,1.0256756756756755,145,144.8712589589371,158,157.56130055929364,158,157.56130059379205,false
pda,1.3662162162162161,1.0256756756756755,143,142.7685049476991,158,157.5613006435129,158,157.56130069989413,false
pda,1.4,1.0256756756756755,145,144.57041236334948,160,159.56130072773234,160,159.5613007973538,false
pda,-1.1,1.0567567567567564,155,154.66608319100848,161,160.54229705953637,161,160.54229710326362,false
pda,-1.0662162162162163,1.0567567567567564,158,158.25574639934615,161,160.54229713849716,161,160.5422974357146,false
pda,-1.0324324324324325,1.0567567567567564,157,157.13462953944997,161,160.5422972133979,161,160.5422973044475,false
pda,-0.9986486486486487,1.0567567567567564,156,156.2562959872184,160,159.5422975887442,160,159.54229733765567,false
pda,-0.9648648648648649,1.0567567567567564,156,156.2955811756018,160,159.5422973978661,160,159.54229741925494,false
pda,-0.9310810810810811,1.0567567567567564,157,157.47652180959685,160,159.54229747344675,160,159.54229748182718,false
pda,-0.8972972972972975,1.0567567567567564,154,153.88979313154817,160,159.54229755253337,160,159.5422975929983,false
pda,-0.8635135135135136,1.0567567567567564,155,154.6586453987854,160,159.54229763252252,160,159.54229767887549,false
pda,-0.8297297297297298,1.0567567567567564,155,155.4730847066538,160,159.542297712877,160,159.54229780888434,false
pda,-0.795945945945946,1.0567567567567564,157,157.0617944726093,160,159.5422977934153,160,159.54229780652983,false
pda,-0.7621621621621624,1.0567567567567564,158,157.6114513850454,160,159.54229787405916,160,159.54229788565306,false
pda,-0.7283783783783784,1.0567567567567564,155,155.46306944875323,160,159.54229795476923,160,159.5422979653318,false
pda,-0.6945945945945946,1.0567567567567564,158,157.64995671002623,160,159.5422980355236,160,159.5422980651785,false
pda,-0.6608108108108108,1.0567567567567564,155,154.8856544342826,160,159.54229811630896,160,159.54229811401416,false
pda,-0.6270270270270271,1.0567567567567564,153,152.68689368739007,160,159.5422981971166,160,159.54229822498226,false
pda,-0.5932432432432433,1.0567567567567564,156,155.6824184467788,160,159.54229827794123,160,159.54229836265537,false
pda,-0.5594594594594595,1.0567567567567564,155,155.39464171451274,160,159.54229835877948,160,159.54229841596893,false
pda,-0.5256756756756757,1.0567567567567564,155,155.20289207583832,160,159.5422984396272,160,159.54229848965505,false
pda,-0.49189189189189203,1.0567567567567564,156,156.1563360930521,160,159.54229852048383,160,159.54229859411078,false
pda,-0.45810810810810815,1.0567567567567564,155,155.09175987350218,160,159.54229860134689,160,159.54229865410363,false
pda,-0.4243243243243243,1.0567567567567564,156,155.73001581575056,160,159.5422986822154,160,159.5422987192995,false
pda,-0.39054054054054066,1.0567567567567564,156,155.60462145828333,160,159.54229876308872,160,159.5422988607016,false
pda,-0.3567567567567567,1.0567567567567564,156,155.6386348347838,160,159.5422988439657,160,159.54229918645046,false
pda,-0.32297297297297317,1.0567567567567564,154,154.49219422139436,160,159.54229892484605,160,159.54229918770346,false
pda,-0.2891891891891893,1.0567567567567564,157,156.61864756381922,160,159.54229900572912,160,159.54229903774745,false
pda,-0.25540540540540557,1.0567567567567564,156,155.82686064627256,160,159.5422990866147,160,159.54229911980676,false
pda,-0.2216216216216218,1.0567567567567564,156,155.91705418379686,160,159.54229916750262,160,159.5422992062933,false
pda,-0.1878378378378378,1.0567567567567564,154,154.00045177634735,160,159.5422992483923,160,159.54229933398898,false
pda,-0.15405405405405403,1.0567567567567564,154,154.05315567932567,160,159.54229932928357,160,159.54229935690728,false
pda,-0.12027027027027037,1.0567567567567564,156,156.1238985979054,160,159.5422994101761,160,159.54229942081082,false
pda,-0.08648648648648649,1.0567567567567564,157,156.77100017142456,160,159.54229949107025,160,159.54229952303876,false
pda,-0.05270270270270283,1.0567567567567564,158,158.01068460831667,160,159.54229957196534,160,159.5422996004265,false
pda,-0.018918918918918948,1.0567567567567564,157,157.4839090169397,160,159.5422996528617,160,159.54230015192695,false
pda,0.014864864864864713,1.0567567567567564,154,154.3846314941093,160,159.54229973375877,160,159.5422998175195,false
pda,0.048648648648648596,1.0567567567567564,155,154.93767477498497,160,159.54229981465656,160,159.54229985097479,false
pda,0.08243243243243248,1.0567567567567564,154,154.43022822863023,160,159.5422998955556,160,159.5422999105745,false
pda,0.11621621621621625,1.0567567567567564,154,153.88850603437515,160,159.54229997645504,160,159.54229999390176,false
pda,0.1499999999999999,1.0567567567567564,157,156.69343724949704,160,159.54230005735513,160,159.5423003654655,false
pda,0.18378378378378357,1.0567567567567564,155,155.49263809020522,160,159.5423001382559,160,159.54230017983826,false
pda,0.21756756756756734,1.0567567567567564,153,153.23480620817787,160,159.54230021915714,160,159.54230048649822,false
pda,0.25135135135135134,1.0567567567567564,156,156.4834956379791,160,159.542300300059,160,159.5423003346136,false
pda,0.28513513513513505,1.0567567567567564,156,155.59935593061945,160,159.54230038096117,160,159.54230050200982,false
pda,0.3189189189189187,1.0567567567567564,157,157.20318362727005,160,159.5423004618639,160,159.54230044823822,false
pda,0.35270270270270254,1.0567567567567564,156,156.02133307373782,160,159.54230054276687,160,159.54230053059848,false
pda,0.38648648648648654,1.0567567567567564,155,155.47284276271446,160,159.54230062367037,160,159.54230076428252,false
pda,0.4202702702702702,1.0567567567567564,154,154.33419617132486,160,159.54230070457402,160,159.5423007637225,false
pda,0.45405405405405386,1.0567567567567564,156,155.90689736801744,160,159.54230078547843,160,159.5423008496059,false
pda,0.4878378378378377,1.0567567567567564,155,155.13347957863763,160,159.54230086638253,160,159.54230091099345,false
pda,0.5216216216216216,1.0567567567567564,155,155.16065092829137,160,159.54230094728737,160,159.54230100572005,false
pda,0.5554054054054054,1.0567567567567564,155,155.1450857914994,160,159.54230102819227,160,159.54230107572593,false
pda,0.5891891891891889,1.0567567567567564,157,156.82747716265624,160,159.54230110909737,160,159.54230120037184,false
pda,0.6229729729729728,1.0567567567567564,155,154.50458530416267,160,159.54230119000252,160,159.54230128116504,false
pda,0.6567567567567567,1.0567567567567564,155,155.23185504511028,160,159.54230127090833,160,159.54230162788718,false
pda,0.6905405405405405,1.0567567567567564,157,157.44974554986774,160,159.54230135181436,160,159.54230136639924,false
pda,0.7243243243243243,1.0567567567567564,155,155.04706933830252,160,159.54230143272005,160,159.54230143646512,false
pda,0.7581081081081078,1.0567567567567564,157,157.35813309259763,160,159.54230151362648,160,159.54230163358596,false
pda,0.791891891891892,1.0567567567567564,156,155.67676361715243,160,159.54230159453283,160,159.54230173635318,false
pda,0.8256756756756756,1.0567567567567564,156,156.22100246341623,160,159.54230167543943,160,159.54230173661384,false
pda,0.8594594594594593,1.0567567567567564,154,154.34507019350423,160,159.542301756346,160,159.54230182158904,false
pda,0.8932432432432431,1.0567567567567564,157,156.9243528716656,160,159.54230183725298,160,159.54230218539658,false
pda,0.927027027027027,1.0567567567567564,157,156.70161761272175,160,159.5423019181599,160,159.54230207176315,false
pda,0.9608108108108108,1.0567567567567564,157,157.49211607434242,160,159.54230199906704,160,159.54230235983997,false
pda,0.9945945945945945,1.0567567567567564,154,154.46854143347218,160,159.5423020799744,160,159.54230213304746,false
pda,1.0283783783783782,1.0567567567567564,157,156.7720136679094,160,159.5423021608818,160,159.54230223651587,false
pda,1.0621621621621622,1.0567567567567564,158,157.52229025428696,160,159.5423022417893,160,159.5423022529565,false
pda,1.0959459459459457,1.0567567567567564,155,155.4094791672021,160,159.54230232269686,160,159.54230237407458,false
pda,1.1297297297297295,1.0567567567567564,155,154.90321119386277,160,159.54230240360462,160,159.5423024701578,false
pda,1.1635135135135135,1.0567567567567564,157,156.82379454011974,160,159.54230248451245,160,159.5423025353529,false
pda,1.1972972972972973,1.0567567567567564,155,154.9685613575152,160,159.54230256542053,160,159.5423026226393,false
pda,1.231081081081081,1.0567567567567564,155,155.08028633466003,160,159.54230264632847,160,159.54230295898415,false
pda,1.2648648648648648,1.0567567567567564,153,153.3842543289255,160,159.5423027272366,160,159.5423030337178,false
pda,1.2986486486486484,1.0567567567567564,156,156.10275595339323,160,159.54230280814488,160,159.54230293910575,false
pda,1.3324324324324326,1.0567567567567564,154,154.3706725660567,160,159.54230288905322,160,159.5423029336444,false
pda,1.3662162162162161,1.0567567567567564,157,156.6006129923321,160,159.54230296996164,160,159.54230300462143,false
pda,1.4,1.0567567567567564,154,154.29391772394783,160,159.54230305087012,160,159.54230319772205,false
pda,-1.1,1.0878378378378377,158,158.24030061902798,161,160.52410112132313,161,160.52410116323637,false
pda,-1.0662162162162163,1.0878378378378377,160,159.57948341596313,161,160.5241011966458,161,160.52410125276583,false
pda,-1.0324324324324325,1.0878378378378377,160,159.56625515529217,161,160.5241012679084,161,160.5241012884965,false
pda,-0.9986486486486487,1.0878378378378377,157,157.23975931381335,160,159.52410163961693,160,159.52410161678273,false
pda,-0.9648648648648649,1.0878378378378377,158,158.12362074698964,160,159.5241014451008,160,159.5241014793251,false
pda,-0.9310810810810811,1.0878378378378377,159,159.06220205743102,160,159.52410151704342,160,159.52410154701764,false
pda,-0.8972972972972975,1.0878378378378377,158,157.8858131950321,160,159.52410159249175,160,159.52410163770037,false
pda,-0.8635135135135136,1.0878378378378377,156,156.35005650445925,160,159.52410166884306,160,159.5241016915857,false
pda,-0.8297297297297298,1.0878378378378377,158,158.17037458456673,160,159.52410174555934,160,159.52410179356963,false
pda,-0.795945945945946,1.0878378378378377,159,158.55148664893724,160,159.5241018224595,160,159.52410188338385,false
pda,-0.7621621621621624,1.0878378378378377,158,157.6984938726681,160,159.5241018994656,160,159.5241019274539,false
pda,-0.7283783783783784,1.0878378378378377,158,157.98195065997533,160,159.5241019765378,160,159.52410220556888,false
pda,-0.6945945945945946,1.0878378378378377,158,158.46301541973386,160,159.5241020536538,160,159.52410205933174,false
pda,-0.6608108108108108,1.0878378378378377,159,159.26246254186935,160,159.52410213080105,160,159.52410221995996,false
pda,-0.6270270270270271,1.0878378378378377,158,157.98547574358113,160,159.52410220797066,160,159.52410229006023,false
pda,-0.5932432432432433,1.0878378378378377,157,157.39874364771006,160,159.5241022851575,160,159.52410227917593,false
pda,-0.5594594594594595,1.0878378378378377,158,158.32471181145758,160,159.52410236235747,160,159.5241024092586,false
pda,-0.5256756756756757,1.0878378378378377,158,157.85530814058765,160,159.52410243956763,160,159.52410244834928,false
pda,-0.49189189189189203,1.0878378378378377,159,158.7614818901292,160,159.52410251678563,160,159.52410257880098,false
pda,-0.45810810810810815,1.0878378378378377,158,158.32181752000324,160,159.52410259401097,160,159.52410261291203,false
pda,-0.4243243243243243,1.0878378378378377,158,157.84067863589627,160,159.5241026712416,160,159.524102707334,false
pda,-0.39054054054054066,1.0878378378378377,158,157.52618414760846,160,159.52410274847665,160,159.52410277053585,false
pda,-0.3567567567567567,1.0878378378378377,158,158.14967753655625,160,159.52410282571563,160,159.5241028666862,false
pda,-0.32297297297297317,1.0878378378378377,157,157.1429818549902,160,159.5241029029579,160,159.52410293360765,false
pda,-0.2891891891891893,1.0878378378378377,158,157.74558114297574,160,159.52410298020305,160,159.5241030264794,false
pda,-0.25540540540540557,1.0878378378378377,157,157.08135912888218,160,159.52410305745073,160,159.5241030749684,false
pda,-0.2216216216216218,1.0878378378378377,159,158.5388551726793,160,159.5241031347005,160,159.52410316915197,false
pda,-0.1878378378378378,1.0878378378378377,157,157.25297933419398,160,159.52410321195217,160,159.52410339362336,false
pda,-0.15405405405405403,1.0878378378378377,158,158.46108023049788,160,159.52410328920539,160,159.5241033229426,false
pda,-0.12027027027027037,1.0878378378378377,158,158.20568906110103,160,159.52410336646025,160,159.52410339092256,false
pda,-0.08648648648648649,1.0878378378378377,158,158.21740152786833,160,159.52410344371597,160,159.52410346223073,false
pda,-0.05270270270270283,1.0878378378378377,158,158.22732046322514,160,159.52410352097317,160,159.5241035111468,false
pda,-0.018918918918918948,1.0878378378378377,159,158.86889242718186,160,159.52410359823142,160,159.52410360220617,false
pda,0.014864864864864713,1.0878378378378377,158,157.96621595052787,160,159.52410367549075,160,159.52410381038013,false
pda,0.048648648648648596,1.0878378378378377,159,158.5712190948374,160,159.5241037527506,160,159.52410377587833,false
pda,0.08243243243243248,1.0878378378378377,158,158.42286961874655,160,159.52410383001154,160,159.52410384670222,false
pda,0.11621621621621625,1.0878378378378377,158,158.18382445679532,160,159.52410390727294,160,159.52410398120563,false
pda,0.1499999999999999,1.0878378378378377,158,157.61965396406808,160,159.52410398453506,160,159.52410399240512,false
pda,0.18378378378378357,1.0878378378378377,157,157.45911858224085,160,159.52410406179757,160,159.52410410672155,false
pda,0.21756756756756734,1.0878378378378377,159,159.028750450571,160,159.52410413906085,160,159.52410413523316,false
pda,0.25135135135135134,1.0878378378378377,157,157.06897109985374,160,159.52410421632513,160,159.52410426230412,false
pda,0.28513513513513505,1.0878378378378377,158,157.68280301254464,160,159.52410429358895,160,159.52410432868692,false
pda,0.3189189189189187,1.0878378378378377,158,158.10751871438404,160,159.5241043708537,160,159.52410442013274,false
pda,0.35270270270270254,1.0878378378378377,159,159.05713781845952,160,159.52410444811895,160,159.52410443637157,false
pda,0.38648648648648654,1.0878378378378377,158,157.63589144090025,160,159.52410452538427,160,159.5241045748446,false
pda,0.4202702702702702,1.0878378378378377,158,157.82467772981158,160,159.52410460264997,160,159.5241048362544,false
pda,0.45405405405405386,1.0878378378378377,158,157.8622078102441,160,159.52410467991618,160,159.5241047099309,false
pda,0.4878378378378377,1.0878378378378377,158,157.92467557197332,160,159.52410475718256,160,159.5241047985912,false
pda,0.5216216216216216,1.0878378378378377,159,158.52301109515014,160,159.524104834449,160,159.52410488349867,false
pda,0.5554054054054054,1.0878378378378377,158,158.42749392324495,160,159.52410491171605,160,159.52410518449773,false
pda,0.5891891891891889,1.0878378378378377,158,157.67206450514658,160,159.52410498898308,160,159.5241050231142,false
pda,0.6229729729729728,1.0878378378378377,156,156.2253153883088,160,159.52410506625066,160,159.5241050633844,false
pda,0.6567567567567567,1.0878378378378377,158,158.0322476039494,160,159.52410514351809,160,159.52410512267716,false
pda,0.6905405405405405,1.0878378378378377,157,157.1723250433855,160,159.52410522078617,160,159.52410523436347,false
pda,0.7243243243243243,1.0878378378378377,159,158.80469749902116,160,159.5241052980541,160,159.52410530675746,false
pda,0.7581081081081078,1.0878378378378377,157,157.17119125616887,160,159.52410537532236,160,159.52410539788713,false
pda,0.791891891891892,1.0878378378378377,158,157.6906652582655,160,159.52410545259065,160,159.5241054530267,false
pda,0.8256756756756756,1.0878378378378377,159,159.04756129714602,160,159.5241055298593,160,159.52410553056606,false
pda,0.8594594594594593,1.0878378378378377,157,157.4545859892692,160,159.52410560712798,160,159.52410561540617,false
pda,0.8932432432432431,1.0878378378378377,159,158.5912727372113,160,159.52410568439697,160,159.5241057269265,false
pda,0.927027027027027,1.0878378378378377,158,157.50741574046015,160,159.52410576166594,160,159.52410578980547,false
pda,0.9608108108108108,1.0878378378378377,157,157.46685320986916,160,159.52410583893527,160,159.52410587806963,false
pda,0.9945945945945945,1.0878378378378377,159,158.77865469300343,160,159.5241059162045,160,159.52410593990774,false
pda,1.0283783783783782,1.0878378378378377,159,158.60237193475945,160,159.52410599347374,160,159.52410600254785,false
pda,1.0621621621621622,1.0878378378378377,158,157.99027291646877,160,159.52410607074336,160,159.52410607461596,false
pda,1.0959459459459457,1.0878378378378377,159,158.50865212727086,160,159.52410614801306,160,159.52410617516617,false
pda,1.1297297297297295,1.0878378378378377,157,157.00677806763133,160,159.52410622528276,160,159.52410622601403,false
pda,1.1635135135135135,1.0878378378378377,159,159.04600933123825,160,159.52410630255275,160,159.52410636565065,false
pda,1.1972972972972973,1.0878378378378377,159,158.66747075087335,160,159.52410637982265,160,159.5241064453643,false
pda,1.2648648648648648,1.0878378378378377,158,157.7600235795119,160,159.52410653436283,160,159.52410657109365,false
pda,1.2986486486486484,1.0878378378378377,158,158.26241332150119,160,159.5241066116331,160,159.52410663110865,false
pda,1.3324324324324326,1.0878378378378377,158,157.74091106855968,160,159.5241066889037,160,159.52410668784785,false
pda,1.3662162162162161,1.0878378378378377,159,158.6656982990303,160,159.5241067661742,160,159.5241068050856,false
pda,1.4,1.0878378378378377,158,157.76029041809483,160,159.52410684344463,160,159.5241071491414,false
pda,-1.1,1.118918918918919,159,158.8272185792821,161,160.5067680594632,161,160.50676808699572,false
pda,-1.0662162162162163,1.118918918918919,159,159.30439537328186,161,160.5067681309396,161,160.50676823165958,false
pda,-1.0324324324324325,1.118918918918919,159,159.40945301044758,161,160.50676819835616,161,160.50676828189162,false
pda,-0.9986486486486487,1.118918918918919,158,158.36007090158716,160,159.50676856621817,160,159.50676828647926,false
pda,-0.9648648648648649,1.118918918918919,159,158.68184874680705,160,159.5067683678559,160,159.5067683665515,false
pda,-0.9310810810810811,1.118918918918919,159,158.9934495610862,160,159.506768435952,160,159.50676848407969,false
pda,-0.8972972972972975,1.118918918918919,159,158.92041857360948,160,159.50676850755417,160,159.5067685351857,false
pda,-0.8635135135135136,1.118918918918919,159,158.62333754407905,160,159.5067685800591,160,159.5067686143644,false
pda,-0.8297297297297298,1.118918918918919,159,159.39772006745133,160,159.50676865292922,160,159.50676864938802,false
pda,-0.795945945945946,1.118918918918919,159,159.05773445537017,160,159.50676872598314,160,159.5067687452783,false
pda,-0.7621621621621624,1.118918918918919,158,157.94010371898523,160,159.50676879914266,160,159.5067688206468,false
pda,-0.7283783783783784,1.118918918918919,158,158.46745770771335,160,159.50676887236847,160,159.50676891087002,false
pda,-0.6945945945945946,1.118918918918919,159,158.50310657378486,160,159.50676894563827,160,159.50676924111912,false
pda,-0.6608108108108108,1.118918918918919,159,158.81586764239165,160,159.50676901893948,160,159.506769063726,false
pda,-0.6270270270270271,1.118918918918919,159,159.0210962256017,160,159.50676909226308,160,159.50676910713028,false
pda,-0.5932432432432433,1.118918918918919,158,158.19447592324065,160,159.50676916560334,160,159.50676917520366,false
pda,-0.5594594594594595,1.118918918918919,159,158.66795902619057,160,159.50676923895702,160,159.50676930475737,false
pda,-0.5256756756756757,1.118918918918919,159,159.4172181649968,160,159.50676931232093,160,159.5067693302615,false
pda,-0.49189189189189203,1.118918918918919,159,158.69468848385117,160,159.5067693856928,160,159.5067694109756,false
pda,-0.45810810810810815,1.118918918918919,159,158.6961961751715,160,159.50676945907153,160,159.5067694839351,false
pda,-0.4243243243243243,1.118918918918919,158,158.2899257961707,160,159.50676953245588,160,159.50676956110001,false
pda,-0.39054054054054066,1.118918918918919,159,158.50801834940418,160,159.50676960584482,160,159.50676965167247,false
pda,-0.3567567567567567,1.118918918918919,159,159.22410430037868,160,159.50676967923758,160,159.5067699714122,false
pda,-0.32297297297297317,1.118918918918919,158,158.24037755044785,160,159.50676975263372,160,159.50676977534553,false
pda,-0.2891891891891893,1.118918918918919,157,157.36926007809134,160,159.50676982603258,160,159.50676991383153,false
pda,-0.25540540540540557,1.118918918918919,158,157.88563794786305,160,159.50676989943375,160,159.50676997518332,false
pda,-0.2216216216216218,1.118918918918919,159,158.85288334216992,160,159.5067699728372,160,159.50677029034043,false
pda,-0.1878378378378378,1.118918918918919,159,158.85796054816882,160,159.5067700462426,160,159.50677007598725,false
pda,-0.15405405405405403,1.118918918918919,158,158.15316313690045,160,159.5067701196498,160,159.50677014278668,false
pda,-0.12027027027027037,1.118918918918919,159,158.58813713220013,160,159.50677019305797,160,159.5067701955826,false
pda,-0.08648648648648649,1.118918918918919,159,158.6821412191374,160,159.50677026646787,160,159.5067702687119,false
pda,-0.05270270270270283,1.118918918918919,159,158.74461052849762,160,159.5067703398786,160,159.50677036709638,false
pda,-0.018918918918918948,1.118918918918919,159,158.94181987041338,160,159.50677041329055,160,159.50677044423074,false
pda,0.014864864864864713,1.118918918918919,158,158.1980430073314,160,159.5067704867035,160,159.50677058703783,false
pda,0.048648648648648596,1.118918918918919,158,158.23050991257173,160,159.50677056011722,160,159.50677083360216,false
pda,0.08243243243243248,1.118918918918919,159,158.79681076441,160,159.506770633532,160,159.50677070982735,false
pda,0.11621621621621625,1.118918918918919,158,158.08872378662255,160,159.50677070694718,160,159.50677167778315,false
pda,0.1499999999999999,1.118918918918919,158,157.62700030918683,160,159.506770780363,160,159.50677080386967,false
pda,0.18378378378378357,1.118918918918919,159,159.41933792837102,160,159.50677085377944,160,159.50677090005078,false
pda,0.21756756756756734,1.118918918918919,158,158.28319246569401,160,159.50677092719644,160,159.5067710113355,false
pda,0.25135135135135134,1.118918918918919,158,158.49378769386303,160,159.50677100061372,160,159.50677104757685,false
pda,0.28513513513513505,1.118918918918919,158,158.26464723256987,160,159.50677107403203,160,159.50677139953535,false
pda,0.3189189189189187,1.118918918918919,159,158.93715048720307,160,159.5067711474503,160,159.5067712400106,false
pda,0.35270270270270254,1.118918918918919,158,158.49672857073583,160,159.50677122086913,160,159.50677127863622,false
pda,0.38648648648648654,1.118918918918919,159,158.83746410807169,160,159.50677129428828,160,159.50677157872235,false
pda,0.4202702702702702,1.118918918918919,158,158.25461685144032,160,159.50677136770776,160,159.50677140303773,false
pda,0.45405405405405386,1.118918918918919,158,158.49542318250582,160,159.50677144112774,160,159.5067714711685,false
pda,0.4878378378378377,1.118918918918919,159,158.95156049717355,160,159.50677151454767,160,159.50677154745486,false
pda,0.5216216216216216,1.118918918918919,159,158.96891041761663,160,159.50677158796802,160,159.50677171232377,false
pda,0.5554054054054054,1.118918918918919,158,158.32460782496875,160,159.50677166138897,160,159.5067717253573,false
pda,0.5891891891891889,1.118918918918919,159,159.47397485196907,160,159.50677173480966,160,159.50677192087252,false
pda,0.6229729729729728,1.118918918918919,158,157.99697166933902,160,159.5067718082308,160,159.5067718409903,false
pda,0.6567567567567567,1.118918918918919,159,159.40515626400068,160,159.50677188165213,160,159.5067719595532,false
pda,0.6905405405405405,1.118918918918919,159,159.0353981500226,160,159.5067719550738,160,159.5067719793309,false
pda,0.7243243243243243,1.118918918918919,159,159.00182858100902,160,159.50677202849562,160,159.50677208655512,false
pda,0.7581081081081078,1.118918918918919,159,158.74137508714804,160,159.50677210191765,160,159.50677212232634,false
pda,0.791891891891892,1.118918918918919,158,158.445507116369,160,159.50677217533968,160,159.50677226566899,false
pda,0.8256756756756756,1.118918918918919,159,158.50395902361373,160,159.50677224876205,160,159.50677227916492,false
pda,0.8594594594594593,1.118918918918919,159,158.63402565409575,160,159.50677232218462,160,159.50677235563657,false
pda,0.8932432432432431,1.118918918918919,158,157.81127564782497,160,159.50677239560713,160,159.5067724799042,false
pda,0.927027027027027,1.118918918918919,159,158.7448897484126,160,159.50677246903007,160,159.50677247648187,false
pda,0.9608108108108108,1.118918918918919,157,157.19037204226007,160,159.5067725424529,160,159.5067729168865,false
pda,0.9945945945945945,1.118918918918919,159,159.155965788378,160,159.50677261587595,160,159.50677269791493,false
pda,1.0283783783783782,1.118918918918919,158,158.06476757558468,160,159.50677268929903,160,159.50677275859044,false
pda,1.0621621621621622,1.118918918918919,159,158.68636457190362,160,159.50677276272248,160,159.50677279471904,false
pda,1.0959459459459457,1.118918918918919,158,158.40914092444217,160,159.50677283614598,160,159.5067728936233,false
pda,1.1297297297297295,1.118918918918919,158,158.33878272554983,160,159.50677290956926,160,159.50677296380937,false
pda,1.1635135135135135,1.118918918918919,159,158.8025629865505,160,159.50677298299289,160,159.5067732711706,false
pda,1.1972972972972973,1.118918918918919,158,158.4584945671867,160,159.50677305641662,160,159.50677359797047,false
pda,1.231081081081081,1.118918918918919,159,158.81662482810412,160,159.50677312984064,160,159.5067732024727,false
pda,1.2648648648648648,1.118918918918919,159,159.14398343065042,160,159.5067732032644,160,159.50677339788413,false
pda,1.2986486486486484,1.118918918918919,158,158.3274294596775,160,159.5067732766885,160,159.5067732912825,false
pda,1.3324324324324326,1.118918918918919,158,157.75865273624478,160,159.5067733501125,160,159.5067733502712,false
pda,1.3662162162162161,1.118918918918919,158,158.32073398316564,160,159.50677342353683,160,159.5067735040307,false
pda,1.4,1.118918918918919,159,159.15693993941366,160,159.50677349696113,160,159.50677361166177,false
pda,0.08243243243243248,1.15,160,159.59880986962534,159,159.49033568366377,159,159.49033569268806,false
pda,0.4202702702702702,1.15,158,158.37349745139093,159,159.49033637835834,159,159.49033665591148,false
pda,0.4878378378378377,1.15,158,158.39622387744447,159,159.49033651730193,159,159.49033657926535,false
pda,0.8932432432432431,1.15,160,159.569375666889,159,159.49033735098405,159,159.49033739319788,false
turning,0.24864864864864866,0.4960810810810811,3,3.000518832656187,2,2.000005862669831,2,2.0000058577308684,false
turning,0.322972972972973,0.613918918918919,3,3.0185295881507077,4,4.00000586338403,4,4.0000058246419155,false
turning,0.23378378378378378,0.6286486486486487,5,5.034362977211779,6,6.000005861544162,6,6.000005937483105,false
turning,0.5756756756756757,0.6433783783783784,3,2.9971179419658416,2,2.0000058574690525,2,2.000005854961243,false
turning,0.9770270270270269,0.7170270270270271,1,1.0073480234281489,2,2.000005860937588,2,2.000005859342972,false
turning,0.12972972972972974,0.7317567567567569,11,10.906320614296838,10,10.000005872010442,10,10.000005682780408,false
turning,0.14459459459459462,0.7464864864864865,11,11.182867572088803,12,12.00000586567274,12,12.00000564233314,false
turning,0.1891891891891892,0.775945945945946,7,6.966440240447297,6,6.00000586856662,6,6.000005974349293,false
turning,0.1891891891891892,0.8054054054054054,9,8.973145077748224,8,8.000005869008678,8,8.000005715842637,false
turning,0.11486486486486487,0.8643243243243244,13,12.991165899827935,12,12.000005869576977,12,12.000006145244472,false
turning,0.7243243243243243,0.8643243243243244,3,2.8145830063938453,2,2.0000058587520484,2,2.000005856096048,false
turning,1.0067567567567568,0.8790540540540541,3,2.9862304955673933,2,2.0000058561398677,2,2.000005854254185,false
turning,0.3527027027027027,0.9085135135135136,5,4.989391543854965,4,4.00000586272935,4,4.000005896382789,false
turning,0.20405405405405408,0.9232432432432433,11,11.061157349458991,12,12.000005863713133,12,12.000005678336562,false
turning,1.0364864864864864,0.937972972972973,3,2.9807204154251252,2,2.0000058583083726,2,2.000005856282667,false
turning,0.17432432432432432,0.9674324324324326,11,10.99450595433149,10,10.000005872642943,10,10.000006055450749,false
turning,0.7391891891891891,0.9821621621621622,3,3.0066965737480373,4,4.00000586366966,4,4.000005840367912,false
turning,0.6202702702702703,1.041081081081081,5,4.721161076633897,4,4.000005860673525,4,4.0000058792077375,false
turning,0.12972972972972974,1.0558108108108109,15,14.898257580873976,14,14.00000587869187,14,14.00000613805534,false
turning,0.7540540540540541,1.1,3,2.992286442567966,2,2.000005855984664,2,2.000005852775118,false
beam,4.693513513513514,-0.75,11,11.07673938738658,12,11.999999999359709,12,12.000000000107825,false
beam,8.092432432432433,-0.75,17,17.006516471740674,18,17.99999999889605,18,17.999999999684523,false
beam,8.517297297297297,-0.75,17,16.834813710977894,16,15.99999999883807,16,15.999999999587999,false
beam,5.26,-0.7263513513513514,11,10.985766205806412,10,9.999999999295532,10,10.00000000018477,false
beam,5.968108108108108,-0.7027027027027029,12,12.200171735524572,14,13.99999999921598,14,14.000000000477378,false
beam,7.950810810810811,-0.7027027027027029,15,14.99587661523736,14,13.99999999895553,14,13.999999999950589,false
beam,9.933513513513512,-0.7027027027027029,21,20.793973401272016,22,21.999999998695042,22,22.000000002166036,false
beam,3.9854054054054058,-0.679054054054054,7,7.194718098305395,8,7.999999999486938,8,8.000000000118987,false
beam,6.95945945945946,-0.679054054054054,13,12.866551375808427,12,11.999999999104077,12,12.000000000437197,false
beam,7.525945945945946,-0.679054054054054,14,13.547558663499013,12,11.999999999031147,12,12.000000000125098,false
beam,8.942162162162163,-0.679054054054054,19,19.02444524977221,20,19.999999998848836,20,20.000000001233534,false
beam,9.933513513513512,-0.679054054054054,19,19.11808146994385,18,17.99999999872123,18,18.000000001303036,false
beam,10.5,-0.679054054054054,19,19.012119921963464,20,19.9999999986483,20,20.00000000046626,false
beam,5.26,-0.6554054054054054,9,8.999415972796129,10,9.9999999993371,10,9.999999999891884,false
beam,8.234054054054054,-0.6554054054054054,11,11.006577270221005,12,11.999999998962295,12,12.000000000345537,false
beam,10.35837837837838,-0.6554054054054054,17,17.000230854943624,16,15.999999998694577,16,16.00000000052519,false
beam,7.384324324324325,-0.6317567567567568,11,10.859433548946885,10,9.999999999089958,10,10.000000000590646,false
beam,8.375675675675675,-0.6317567567567568,13,12.999801802371206,14,13.999999998967787,14,14.000000001629495,false
beam,10.5,-0.6317567567567568,17,16.97069173452961,16,15.999999998705995,16,15.999999999524618,false
beam,7.667567567567568,-0.6081081081081081,13,12.983802635566214,12,11.999999999077055,12,11.999999999825107,false
beam,8.092432432432433,-0.5844594594594594,11,11.045522597784954,12,11.99999999904982,12,11.999999999951825,false
beam,10.075135135135135,-0.5844594594594594,13,12.998221285599632,14,13.999999998817017,14,14.0000000004692,false
beam,6.109729729729729,-0.5608108108108107,9,9.050462482114947,10,9.99999999930121,10,10.000000000095575,false
beam,7.525945945945946,-0.5371621621621622,9,8.998924436691794,8,7.999999999162853,8,8.000000000135792,false
beam,6.95945945945946,-0.4898648648648648,11,11.066692302956795,12,11.999999999271608,12,12.000000001075755,false
beam,1.152972972972973,-0.4189189189189189,5,4.978475084376566,4,3.999999999891635,4,4.000000000003503,false
beam,8.517297297297297,-0.3716216216216216,7,6.9925677718176455,6,5.999999999265441,6,6.000000000032507,false
beam,10.35837837837838,-0.347972972972973,7,7.055366786830879,8,7.999999999148834,8,8.000000000085201,false
beam,9.650270270270271,-0.3243243243243243,7,6.804249577652219,6,5.99999999924772,6,5.999999999839311,false
beam,0.30324324324324325,-0.01689189189189194,1,0.5944860761627472,0,-1.6342482922482304e-12,0,-3.423394900892163e-11,false
beam,3.843783783783784,0.3141891891891892,5,5.034443856729366,6,6.000000000560512,6,5.999999999984723,false
beam,6.251351351351352,0.3141891891891892,5,5.040075090425554,6,6.000000000911605,6,6.000000000019789,false
beam,8.517297297297297,0.3141891891891892,7,6.744552955139242,6,6.000000001242036,6,5.999999999994223,false
beam,9.367027027027028,0.3141891891891892,7,6.998886818498792,6,6.00000000136594,6,6.00000000031217,false
beam,6.534594594594595,0.40878378378378377,5,4.998915844752898,4,4.000000001438174,4,3.9999999999448335,false
beam,9.650270270270271,0.4797297297297298,9,9.02359468877041,10,10.000000002832408,10,10.000000000790592,false
beam,10.5,0.5033783783783784,13,13.005335970777548,14,14.000000003387719,14,14.00000000053813,false
beam,8.375675675675675,0.5743243243243243,13,13.004434857723512,14,14.000000003597059,14,14.00000000102984,false
beam,9.508648648648649,0.5743243243243243,13,13.006210728863842,14,14.000000004083624,14,14.000000000434603,false
beam,10.216756756756759,0.5743243243243243,13,13.004534394364399,14,14.000000004387744,14,14.000000000134271,false
beam,7.101081081081081,0.597972972972973,7,7.012815062962623,8,8.000000003362018,8,8.00000000031529,false
beam,5.401621621621621,0.6216216216216216,9,9.005640324380147,10,10.000000002824706,10,10.000000000766306,false
beam,6.95945945945946,0.6452702702702702,13,13.023653851656862,14,14.000000004029658,14,14.000000001133436,false
beam,8.092432432432433,0.6452702702702702,13,13.00360721830898,14,14.000000004685681,14,14.00000000037874,false
beam,8.234054054054054,0.6452702702702702,15,15.376435297279336,16,16.000000004767685,16,16.000000001426542,false
beam,8.65891891891892,0.6452702702702702,13,12.99621656226905,12,12.000000005013682,12,11.99999999999266,false
beam,9.791891891891892,0.6452702702702702,17,16.998066298537648,16,16.000000005669705,16,15.999999999665299,false
beam,3.7021621621621623,0.668918918918919,9,8.9665116270402,8,8.0000000023809,8,7.999999999689074,false
beam,7.101081081081081,0.668918918918919,15,15.001645435762052,14,14.0000000045668,14,14.00000000039519,true
beam,8.375675675675675,0.668918918918919,15,14.981355475504301,14,14.00000000538651,14,14.000000000140645,false
beam,6.676216216216216,0.6925675675675675,13,12.994690478706268,12,12.000000004787317,12,11.999999999295703,false
beam,7.809189189189189,0.6925675675675675,15,14.99461434306423,14,14.000000005599738,14,13.99999999976015,false
beam,3.9854054054054058,0.7162162162162162,7,7.002766338783373,8,8.000000003201684,8,7.999999999846551,false
beam,9.083783783783783,0.7162162162162162,15,15.030411822367844,16,16.000000007297473,16,16.000000000628773,false
beam,9.650270270270271,0.7162162162162162,21,20.989591967063117,20,20.000000007752558,20,20.000000001699306,false
beam,4.976756756756756,0.7398648648648648,13,13.029228074417876,14,14.000000004505566,14,14.000000000195833,false
beam,5.543243243243243,0.7398648648648648,13,12.985173518042775,12,12.000000005018421,12,12.000000000708127,false
beam,7.950810810810811,0.7398648648648648,17,17.005772454484294,18,18.000000007198047,18,18.000000001312326,false
beam,6.251351351351352,0.7635135135135136,13,13.000765360205477,14,14.000000006424415,14,14.000000000371486,false
beam,8.942162162162163,0.7635135135135136,19,18.987606477950717,20,20.000000009189716,20,20.000000000369184,false
beam,9.791891891891892,0.7635135135135136,19,18.98893581551632,18,18.000000010062987,18,17.999999999064524,false
beam,10.216756756756759,0.7635135135135136,23,23.056943240907767,24,24.000000010499615,24,24.00000000225421,false
beam,1.4362162162162164,0.7871621621621622,7,7.036664043521378,8,8.000000001690765,8,8.000000000022261,false
beam,9.791891891891892,0.7871621621621622,21,21.24373442305612,22,22.000000011527398,22,21.999999999972154,false
beam,6.251351351351352,0.8108108108108107,19,18.96920522711164,18,18.000000008527987,18,18.000000000588376,false
beam,8.942162162162163,0.8108108108108107,25,25.020689055741354,26,26.000000012198765,26,26.00000000034327,false
beam,9.933513513513512,0.8344594594594594,28,27.791562675133584,26,26.000000015938713,26,26.00000000020967,false
beam,10.5,0.8344594594594594,29,29.027437525894992,30,30.00000001684765,30,29.999999998348976,false
beam,3.9854054054054058,0.8581081081081082,13,13.012012229029933,14,14.00000000767195,14,14.000000000036898,false
beam,8.80054054054054,0.8581081081081082,25,25.32865170447374,24,24.00000001694118,24,23.99999999893388,false
beam,9.083783783783783,0.8581081081081082,27,27.03838904493804,28,28.000000017486396,28,28.00000000034753,false
beam,6.109729729729729,0.8817567567567568,19,19.00852311339193,20,20.000000014502543,20,19.999999999908756,false
beam,8.234054054054054,0.8817567567567568,21,20.98849911974213,20,20.00000001954501,20,19.999999999805055,false
beam,10.35837837837838,0.8817567567567568,27,26.939159541597352,26,26.000000024587496,26,25.99999999910339,false
beam,3.843783783783784,0.9054054054054054,13,12.995222519924841,12,12.000000011710775,12,11.999999999590912,false
beam,6.109729729729729,0.9054054054054054,21,21.073631377418447,22,22.000000018614394,22,22.00000000023659,false
beam,7.950810810810811,0.9054054054054054,23,22.76294320772598,22,22.00000002422357,22,21.999999998384066,false
beam,8.65891891891892,0.9054054054054054,25,25.008748350258212,26,26.000000026380956,26,25.99999999950914,false
beam,9.225405405405406,0.9054054054054054,27,26.98314672426425,26,26.000000028106843,26,25.999999999537756,false
beam,9.650270270270271,0.9054054054054054,27,26.96560168354044,26,26.000000029401274,26,25.99999999935536,false
beam,3.4189189189189193,0.929054054054054,13,13.000604177048606,14,14.000000014251214,14,14.000000000832628,false
beam,7.950810810810811,0.929054054054054,25,24.971981449217402,24,24.00000003314171,24,23.999999999398312,false
beam,8.375675675675675,0.929054054054054,25,24.986671226452493,24,24.000000034912695,24,24.00000000382474,false
beam,9.791891891891892,0.929054054054054,31,30.991635544945712,30,30.000000040815944,30,29.99999999988138,false
beam,5.26,0.9527027027027029,15,14.79502844993897,14,14.000000033725385,14,13.999999999658002,false
beam,9.508648648648649,0.9527027027027029,29,28.89583308125495,28,28.00000006096633,28,27.999999999346716,false
beam,10.216756756756759,0.9527027027027029,32,31.60012531716057,30,30.000000065506452,30,29.99999999780658,false
beam,5.401621621621621,0.9763513513513514,21,21.011722610656435,22,22.000000070986218,22,21.99999999989567,false
beam,6.534594594594595,0.9763513513513514,23,22.91825137594436,22,22.000000085875357,22,22.000000001574147,false
beam,6.676216216216216,0.9763513513513514,21,20.991578988563464,20,20.00000008773648,20,19.999999942518258,false
beam,7.525945945945946,0.9763513513513514,27,27.045799605324305,26,26.00000009890336,26,26.000000000923286,false
beam,8.375675675675675,0.9763513513513514,31,30.99161750798621,30,30.000000110070182,30,30.000000001492058,false
beam,9.508648648648649,0.9763513513513514,33,32.93693120283694,32,32.00000012495932,32,31.999999998602274,false
beam,9.650270270270271,0.9763513513513514,31,30.863780609528103,30,30.000000126820485,30,30.00000000131099,false
beam,10.216756756756759,0.9763513513513514,36,36.21842680358357,38,38.000000134265036,38,37.99999999980351,false
beam,0.7281081081081082,1.0,7,6.500789423115404,6,6.499999999999993,6,6.499999998794102,true
beam,1.152972972972973,1.0,9,8.50039491755288,8,8.499999999999986,9,8.500000000850676,true
beam,1.4362162162162164,1.0,9,8.500059009136047,8,8.499999999999986,9,8.500000002129546,true
beam,1.577837837837838,1.0,7,6.500047530536938,6,6.499999999999986,7,6.500000000751292,true
beam,1.7194594594594597,1.0,8,8.499620841654549,9,8.500000000000007,8,8.499999999109065,true
beam,1.8610810810810812,1.0,11,10.50082073799399,10,10.499999999999986,11,10.500000000613149,true
beam,2.1443243243243244,1.0,11,10.500842746676735,10,10.499999999999993,11,10.500000001488033,true
beam,2.9940540540540543,1.0,9,8.500230087819293,8,8.499999999999993,9,8.500000000985004,true
beam,3.135675675675676,1.0,13,12.500306825937269,12,12.499999999999979,13,12.500000001228521,true
beam,3.2772972972972974,1.0,17,16.503437313782186,16,16.499999999999993,17,16.500000001663672,true
beam,3.4189189189189193,1.0,17,16.50457340657181,16,16.499999999999986,17,16.500000000844572,true
beam,3.7021621621621623,1.0,15,14.502698091868039,14,14.5,15,14.500000002340833,true
beam,3.843783783783784,1.0,17,16.502294254993725,16,16.499999999999993,17,16.500000000102403,true
beam,3.9854054054054058,1.0,17,16.500630786082176,16,16.499999999999986,17,16.50000000065498,true
beam,4.41027027027027,1.0,19,18.505726220738506,18,18.49999999999999,18,18.499999998000643,true
beam,4.551891891891891,1.0,21,20.500426448946396,20,20.499999999999986,21,20.500000002034433,true
beam,4.835135135135135,1.0,17,16.500680299965786,16,16.499999999999986,17,16.50000000155353,true
beam,5.26,1.0,23,22.503215759848278,22,22.499999999999993,23,22.500000004805756,true
beam,5.401621621621621,1.0,23,22.50286752909549,22,22.49999999999999,23,22.500000002199744,true
beam,5.543243243243243,1.0,23,22.521992954747304,22,22.49999999999999,23,22.50000000136021,true
beam,5.684864864864865,1.0,22,22.499680688600208,23,22.500000000000004,22,22.499999997576126,true
beam,5.826486486486487,1.0,21,20.8075388879006,20,20.499999999999982,21,20.500000000686555,true
beam,6.676216216216216,1.0,26,26.46724180565521,27,26.500000000000007,27,26.5000000018451,true
beam,6.817837837837838,1.0,25,24.503458633218873,24,24.499999999999996,25,24.500000003200448,true
beam,7.101081081081081,1.0,26,25.501512031903868,24,24.499999999999993,25,24.500000000908713,true
beam,7.950810810810811,1.0,27,26.51315804368553,26,26.499999999999996,27,26.500000001052424,true
beam,8.234054054054054,1.0,31,31.48378816170016,30,30.499999999999954,31,30.50000000216231,true
beam,8.375675675675675,1.0,33,32.500875275877036,32,32.5,33,32.50000000039495,true
beam,8.517297297297297,1.0,31,30.50398877296989,30,30.499999999999968,31,30.50000000085028,true
beam,8.65891891891892,1.0,32,32.485414312249986,33,32.500000000000036,33,32.500000002132154,true
beam,8.942162162162163,1.0,31,30.52172641531109,30,30.49999999999999,31,30.500000001592557,true
beam,9.083783783783783,1.0,30,30.487282655468388,29,28.50000000000001,28,28.499999998764952,true
beam,9.225405405405406,1.0,33,32.50316692760377,32,32.49999999999997,33,32.50000000120387,true
beam,9.367027027027028,1.0,34,34.03193235420892,35,34.50000000000004,35,34.500000002078366,true
beam,9.650270270270271,1.0,37,36.54203320019354,36,36.49999999999998,36,36.4999999995954,true
beam,10.075135135135135,1.0,35,34.50194909424652,34,34.49999999999995,34,34.49999984110324,true
beam,10.216756756756759,1.0,39,39.431281320597684,38,38.49999999999999,38,38.49999999879741,true
beam,10.5,1.0,39,38.69456474888941,38,38.49999999999997,38,38.49999999915163,true
fem,8.375675675675675,-0.75,15,15.122239406341988,16,15.999999998195872,16,15.999999999375039,false
fem,2.7108108108108104,-0.7263513513513514,9,8.994692562955079,8,8.00000000113906,8,8.00000000151626,false
fem,3.135675675675676,-0.7263513513513514,11,11.03943185239288,12,12.000000000881471,12,12.00000000143212,false
fem,4.41027027027027,-0.7263513513513514,9,9.001783061249364,10,9.99999999953247,10,9.999999999976296,false
fem,6.95945945945946,-0.7263513513513514,13,13.090126596741309,14,13.999999997516895,14,13.999999997853593,false
fem,7.950810810810811,-0.7263513513513514,15,14.97135692953859,14,13.999999997900026,14,13.999999998932182,false
fem,10.216756756756759,-0.7263513513513514,17,16.972122641559785,16,15.999999999839826,16,16.000000000762746,false
fem,7.667567567567568,-0.7027027027027029,15,14.894498606126993,14,13.999999997784752,14,13.999999999070843,false
fem,8.80054054054054,-0.7027027027027029,18,17.925224929823454,16,15.999999998661094,16,16.000000000609617,false
fem,7.809189189189189,-0.679054054054054,13,13.018531320826359,14,13.999999997921794,14,13.99999999855888,false
fem,8.234054054054054,-0.5844594594594594,11,11.014170251203163,12,11.999999998405256,12,11.999999999084395,false
fem,10.5,-0.5608108108108107,13,12.99762215413708,14,13.999999999866768,14,14.000000000164915,false
fem,6.109729729729729,-0.4898648648648648,7,6.976366887970937,6,5.999999998407716,6,5.999999999085934,false
fem,8.375675675675675,-0.4898648648648648,11,11.003321203653794,12,11.999999998691328,12,11.999999999694557,false
fem,7.667567567567568,-0.44256756756756754,7,7.036252566095913,8,7.9999999984904155,8,7.999999999559337,false
fem,10.075135135135135,-0.3006756756756757,5,5.018762995440726,6,5.9999999997149,6,6.000000000909301,false
fem,6.817837837837838,-0.277027027027027,5,4.997683280903199,4,3.9999999989316732,4,3.9999999990152855,false
fem,6.817837837837838,-0.22972972972972966,3,2.996526793909118,2,1.9999999990990496,2,1.9999999997206022,false
fem,10.075135135135135,0.1722972972972972,3,2.992518205107261,2,2.0000000004061285,2,1.9999999993675726,false
fem,9.367027027027028,0.33783783783783783,7,7.069356625944624,8,8.000000001320174,8,8.000000000166043,false
fem,7.950810810810811,0.3851351351351352,5,5.007020852876841,6,6.000000002134106,6,6.000000000321615,false
fem,10.5,0.3851351351351352,9,8.986012636687938,8,8.00000000136028,8,7.999999999444837,false
fem,3.560540540540541,0.40878378378378377,5,5.0171893319893694,6,6.000000000229557,6,5.9999999991888515,false
fem,10.5,0.5033783783783784,13,12.95620285197035,12,12.000000002429392,12,11.999999999371587,false
fem,5.968108108108108,0.5506756756756757,9,8.997087111001157,8,8.000000003342393,8,8.000000001126164,false
fem,1.4362162162162164,0.597972972972973,5,5.0106344243991945,6,5.9999999996194955,6,5.999999999013109,false
fem,8.517297297297297,0.6452702702702702,11,11.036884734218203,12,12.000000005371021,12,12.000000000501094,false
fem,5.826486486486487,0.7162162162162162,13,12.673827765579617,12,12.000000005912543,12,12.000000001373095,false
fem,6.95945945945946,0.7162162162162162,15,14.910892552639844,14,14.000000007120311,14,14.000000001707855,false
fem,8.375675675675675,0.7162162162162162,15,15.022023234079871,16,16.00000000736036,16,16.00000000037805,false
fem,3.9854054054054058,0.7398648648648648,11,10.998620996857674,10,10.000000003017593,10,9.999999999946425,false
fem,8.092432432432433,0.7398648648648648,17,17.005692646044828,18,18.00000000825557,18,18.000000003041627,false
fem,8.65891891891892,0.7398648648648648,15,15.013127049746963,16,16.000000008188977,16,16.000000000124253,false
fem,9.225405405405406,0.7398648648648648,19,19.0059069288183,18,18.000000008067182,18,17.999999998931887,false
fem,9.367027027027028,0.7398648648648648,19,19.008517310552016,20,20.00000000803988,20,20.0000000010356,false
fem,9.791891891891892,0.7398648648648648,17,16.991672282788464,16,16.00000000799032,16,15.999999998582052,false
fem,2.285945945945946,0.7635135135135136,9,9.10803153355164,10,10.000000000700297,10,9.999999998341808,false
fem,4.976756756756756,0.7635135135135136,13,12.993212429905169,12,12.000000005635371,12,12.000000001416572,false
fem,8.65891891891892,0.7635135135135136,19,18.911554125599846,18,18.000000009259686,18,18.0000000003837,false
fem,6.95945945945946,0.7871621621621622,19,18.843020756337623,18,18.00000000987385,18,18.00000000146754,false
fem,7.101081081081081,0.7871621621621622,17,17.014973460319545,18,18.000000010006758,18,18.000000002105043,false
fem,9.791891891891892,0.7871621621621622,21,21.01144959542815,22,22.000000010597006,22,21.999999999180236,false
fem,9.933513513513512,0.7871621621621622,21,20.958448894275687,20,20.00000001062635,20,19.999999999445286,false
fem,10.5,0.7871621621621622,23,23.018351919134382,22,22.000000010862443,22,22.000000000407695,false
fem,6.534594594594595,0.8108108108108107,17,16.998226411140827,16,16.000000010645948,16,16.00000000242256,false
fem,7.101081081081081,0.8108108108108107,19,19.043048023855846,20,20.00000001138377,20,20.000000003507985,false
fem,8.942162162162163,0.8108108108108107,21,21.029519352717585,22,22.00000001223514,22,22.000000000302485,false
fem,10.5,0.8108108108108107,25,25.000044236794626,26,26.00000001278029,26,26.000000002999823,false
fem,8.80054054054054,0.8344594594594594,23,22.957795361863802,22,22.000000014337928,22,22.0000000006661,false
fem,9.933513513513512,0.8344594594594594,25,24.879006930511874,24,24.000000014806773,24,23.99999999921171,false
fem,3.2772972972972974,0.8581081081081082,9,8.962703080099697,8,8.000000004882327,8,7.999999998577383,false
fem,8.942162162162163,0.8581081081081082,25,24.924654675789874,24,24.000000017252304,24,24.000000001798593,false
fem,10.216756756756759,0.8581081081081082,25,25.249026700366404,26,26.000000018240147,26,25.999999998550262,false
fem,10.35837837837838,0.8581081081081082,27,27.02616959800019,28,28.00000001840191,28,28.000000001297018,false
fem,7.667567567567568,0.8817567567567568,23,23.02485663340589,24,24.000000019716175,24,24.000000001028774,false
fem,8.375675675675675,0.8817567567567568,23,23.08304258370833,24,24.000000020658934,24,24.000000004381466,false
fem,7.242702702702702,0.9054054054054054,19,19.11987953158313,20,20.000000023902928,20,20.000000000889038,false
fem,9.508648648648649,0.9054054054054054,25,24.986870188948075,24,24.000000028246046,24,23.999999998895795,false
fem,6.109729729729729,0.929054054054054,21,21.075844640989796,22,22.000000027274538,22,22.000000000751708,false
fem,6.392972972972973,0.929054054054054,17,16.96596572068352,16,16.000000028592417,16,16.000000000499323,false
fem,9.083783783783783,0.929054054054054,27,26.91041376133111,26,26.00000003770554,26,25.99999999869863,false
fem,9.933513513513512,0.929054054054054,27,26.99259491437621,26,26.00000004014604,26,25.999999999121762,false
fem,2.1443243243243244,0.9527027027027029,7,6.986041434078078,6,6.000000011702988,6,5.999999997901803,false
fem,6.251351351351352,0.9527027027027029,19,19.007722157529095,20,20.0000000420147,20,20.000000001639854,false
fem,7.809189189189189,0.9527027027027029,25,24.713350240022987,24,24.000000051575203,24,24.000000002786805,false
fem,7.950810810810811,0.9527027027027029,27,26.74208933597751,26,26.000000052335697,26,26.00000000152873,false
fem,8.092432432432433,0.9527027027027029,25,25.042174766626275,26,26.00000005308263,26,26.00000000237985,false
fem,8.80054054054054,0.9527027027027029,27,27.131799261683877,28,28.000000056674043,28,28.00000000104034,false
fem,9.083783783783783,0.9527027027027029,29,29.10445784055709,30,30.00000005807938,30,30.000000001377778,false
fem,10.075135135135135,0.9527027027027029,29,29.008343215641602,30,30.000000063152772,30,30.000000000569297,false
fem,5.26,0.9763513513513514,15,15.08860705533888,16,16.000000070175233,16,16.000000000847972,false
fem,5.826486486486487,0.9763513513513514,19,19.009130737811358,20,20.00000007824888,20,20.00000000265568,false
fem,8.234054054054054,0.9763513513513514,27,26.987134981757514,26,26.000000109258032,26,26.000000000640252,false
fem,9.508648648648649,0.9763513513513514,31,30.988355740080863,30,30.000000124178868,30,30.000000000330544,false
fem,9.791891891891892,0.9763513513513514,31,30.990117562354694,30,30.000000127527564,30,30.00000000172965,false
fem,0.02,1.0,2,2.4999397203481495,3,2.5000000000785576,2,2.4999985375548395,true
fem,0.1616216216216216,1.0,5,4.500150710438985,4,4.499999999862742,4,4.499999818486158,true
fem,0.30324324324324325,1.0,3,2.5000414668788986,2,2.499999999648285,2,2.4999999034570806,true
fem,0.7281081081081082,1.0,7,6.500003605403459,6,6.499999999034383,6,6.4999999587094175,true
fem,0.8697297297297298,1.0,5,4.500141760703873,4,4.4999999988463815,4,4.499999964339383,true
fem,1.2945945945945947,1.0,9,8.500236051418641,8,8.499999998358419,8,8.499999974740415,true
fem,1.4362162162162164,1.0,9,8.501126533328893,8,8.499999998226532,8,8.499999976978993,true
fem,1.577837837837838,1.0,7,6.500462002218081,6,6.499999998112359,6,6.499999978224249,true
fem,1.7194594594594597,1.0,9,8.50035633518918,8,8.499999998017042,8,8.49999998037437,true
fem,1.8610810810810812,1.0,9,8.500519639895792,8,8.499999997941527,8,8.499999983014321,true
fem,2.002702702702703,1.0,9,8.500229658686676,8,8.499999997886569,8,8.499999983162958,true
fem,2.285945945945946,1.0,11,10.501221057225512,10,10.499999997840334,10,10.499999984240016,true
fem,2.427567567567568,1.0,11,10.501034710218377,10,10.499999997849503,10,10.499999984572526,true
fem,3.135675675675676,1.0,9,9.296299626212791,8,8.499999998208278,8,8.499999989418555,true
fem,3.2772972972972974,1.0,15,14.501298260277125,14,14.499999998337595,14,14.499999988387135,true
fem,3.843783783783784,1.0,13,13.476904723064736,12,12.499999999005567,12,12.499999991076496,true
fem,3.9854054054054058,1.0,15,14.51021458040722,14,14.499999999201895,14,14.49999999105363,true
fem,4.268648648648649,1.0,19,18.50031733822126,18,18.49999999961642,18,18.499999995068848,true
fem,4.693513513513514,1.0,16,16.497625780496776,17,16.500000000261544,16,16.499999986479395,true
fem,4.835135135135135,1.0,16,16.49954419144267,17,16.5000000004742,16,16.499999993182485,true
fem,4.976756756756756,1.0,16,16.498970670873184,17,16.500000000682142,16,16.499999993862374,true
fem,5.118378378378379,1.0,14,14.495220036619358,15,14.500000000883285,14,14.499999996110498,true
fem,5.26,1.0,20,20.496757109382113,21,20.50000000107559,20,20.49999999645911,true
fem,5.401621621621621,1.0,22,22.481742949392892,23,22.500000001257163,22,22.499999995310127,true
fem,5.543243243243243,1.0,22,22.43851622093084,23,22.500000001426166,22,22.49999999945355,true
fem,5.684864864864865,1.0,18,18.493727174204892,19,18.500000001580943,18,18.49999999979785,true
fem,5.968108108108108,1.0,22,22.488292787146257,23,22.500000001841684,22,22.499999996247073,true
fem,6.109729729729729,1.0,22,22.487610892068506,23,22.500000001945104,22,22.499999998149878,true
fem,6.392972972972973,1.0,24,24.4906636049231,25,24.500000002092786,24,24.49999999394285,true
fem,6.676216216216216,1.0,22,22.496978065065164,23,22.500000002157027,22,22.49999999573403,true
fem,6.817837837837838,1.0,20,20.498500704090038,21,20.500000002156995,20,20.499999997500247,true
fem,6.95945945945946,1.0,22,22.499439332983304,23,22.500000002135383,22,22.49999999702804,true
fem,7.101081081081081,1.0,22,22.49897723092085,23,22.500000002092435,22,22.49999999870962,true
fem,7.525945945945946,1.0,26,26.48938462952458,27,26.50000000184097,26,26.499999997513676,true
fem,8.092432432432433,1.0,28,28.498546952702,29,28.500000001256065,28,28.49999999656103,true
fem,8.234054054054054,1.0,28,28.499304453402456,29,28.500000001074383,28,28.499999999293777,true
fem,8.375675675675675,1.0,28,27.509356033372008,29,28.500000000882014,29,28.500000015142145,true
fem,8.942162162162163,1.0,30,30.49943901973303,31,30.500000000044857,30,30.499999998578257,true
fem,9.225405405405406,1.0,29,28.50317543975094,28,28.49999999961509,28,28.499999997824364,true
fem,10.075135135135135,1.0,35,34.512667680346524,34,34.499999998482565,34,34.49999999769542,true
fem,10.216756756756759,1.0,35,34.624109228811975,34,34.4999999983367,34,34.49999999352954,true
fem,10.5,1.0,33,33.467821609772734,32,32.49999999809621,32,32.49999998897516,true
