case,x,y,inside_abs_coef_lt_1,Z_ode,Zraw_ode,Z_uw_default,Zraw_uw_default,evals_uw_default,Z_uw_gallerywmax,Zraw_uw_gallerywmax,evals_uw_gallerywmax,parity_expected_odd
A4_neutral,-1.2,-1.2,false,64,64.37987935702367,-1,NaN,200001,63,63.37987939733857,573,1
A4_neutral,-1.1384615384615384,-1.2,false,63,63.365945011932716,-1,NaN,200001,63,63.36594497395755,491,1
A4_neutral,-1.0769230769230769,-1.2,false,63,63.35103783355837,-1,NaN,200001,63,63.3510378805254,595,1
A4_neutral,-1.0153846153846153,-1.2,false,63,63.3351249295669,-1,NaN,200001,63,63.33512507551626,759,1
A4_neutral,-0.9538461538461539,-1.2,true,1,1.318189019563526,-1,NaN,200001,1,1.3181890155088236,583,1
A4_neutral,-0.8923076923076924,-1.2,true,1,1.3002329630283769,1,0.9946330892841836,191038,1,1.300232955735375,429,1
A4_neutral,-0.8307692307692308,-1.2,true,1,1.2812864138509932,-1,NaN,200001,1,1.2812864103893673,369,1
A4_neutral,-0.7692307692307693,-1.2,true,1,1.2614101265765378,1,0.9950515449991548,172116,1,1.2614101215788,339,1
A4_neutral,-0.7076923076923077,-1.2,true,1,1.2406996682614542,1,0.9952833910720958,175064,1,1.2406996650459623,340,1
A4_neutral,-0.6461538461538462,-1.2,true,1,1.2192867159540781,1,0.9955325702715735,127332,1,1.2192867127026028,261,1
A4_neutral,-0.5846153846153846,-1.2,true,1,1.1973370822323637,1,0.995801101507817,127329,1,1.1973370785988395,258,1
A4_neutral,-0.5230769230769231,-1.2,true,1,1.1750450668397192,1,0.9960913298384437,111414,1,1.1750450639719272,226,1
A4_neutral,-0.46153846153846156,-1.2,true,1,1.1526242670094649,1,0.9964059950863078,100482,1,1.1526242648869827,209,1
A4_neutral,-0.4,-1.2,true,1,1.1302957681944825,1,0.9967483185382688,111284,1,1.1302957653396313,162,1
A4_neutral,-0.3384615384615385,-1.2,true,1,1.1082752716650552,1,0.9971221135369283,71631,1,1.1082752698731047,154,1
A4_neutral,-0.27692307692307694,-1.2,true,1,1.0867610022611096,1,0.9975319280153265,63670,1,1.0867610006233699,135,1
A4_neutral,-0.2153846153846154,-1.2,true,1,1.0659239895823858,1,0.9979832302793947,47533,1,1.0659239876392237,105,1
A4_neutral,-0.15384615384615385,-1.2,true,1,1.0459017975592546,1,0.998482654157934,31839,1,1.0459017958799655,72,1
A4_neutral,-0.09230769230769231,-1.2,true,1,1.0267959781206797,1,0.9990383268896099,29321,1,1.026795976300883,56,1
A4_neutral,-0.03076923076923077,-1.2,true,1,1.0086728503868683,1,0.9996603142520647,7123,1,1.0086728486095529,28,1
A4_neutral,0.03076923076923077,-1.2,true,1,0.9915667880049758,1,1.0003612349179387,7466,1,0.9915667865063859,25,1
A4_neutral,0.09230769230769231,-1.2,true,1,0.9754850275288783,1,1.0011571241321924,29165,1,0.9754850257327201,72,1
A4_neutral,0.15384615384615385,-1.2,true,1,0.9604130961511939,1,1.0020686732426518,31842,1,0.9604130945552353,75,1
A4_neutral,0.2153846153846154,-1.2,true,1,0.946320177238175,1,1.0031230506864317,47519,1,0.9463201753290507,98,1
A4_neutral,0.27692307692307694,-1.2,true,1,0.9331639522250592,1,1.0043566493540619,63671,1,0.9331639505905693,137,1
A4_neutral,0.3384615384615385,-1.2,true,1,0.92089470707357,1,1.0058193604909837,71628,1,0.9208947052701566,152,1
A4_neutral,0.4,-1.2,true,1,0.9094586217087379,1,1.007581463390872,110966,1,0.9094586197657137,164,1
A4_neutral,0.46153846153846156,-1.2,true,1,0.8988002955831385,1,1.0097452077457048,100444,1,0.8988002933317637,209,1
A4_neutral,0.5230769230769231,-1.2,true,1,0.8888645959235809,1,1.0124652870961404,111420,1,0.8888645932792409,236,1
A4_neutral,0.5846153846153846,-1.2,true,1,0.8795979505307593,1,1.0159873113685498,127332,1,0.8795979468370784,264,1
A4_neutral,0.6461538461538462,-1.2,true,1,0.8709491955949801,1,1.0207258338402558,127337,1,0.8709491922605486,267,1
A4_neutral,0.7076923076923077,-1.2,true,1,0.8628700971346235,1,1.02743889583808,175081,1,0.8628700939369555,361,1
A4_neutral,0.7692307692307693,-1.2,true,1,0.8553156135683021,1,1.0376731119058473,172488,1,0.8553156096242307,379,1
A4_neutral,0.8307692307692308,-1.2,true,3,2.84824398164219,-1,NaN,200001,3,2.8482439806455613,436,1
A4_neutral,0.8923076923076924,-1.2,true,3,2.8416166981341364,3,3.0912071360970472,191113,3,2.8416167000039754,439,1
A4_neutral,0.9538461538461539,-1.2,true,3,2.8353983982360935,-1,NaN,200001,3,2.835398399885368,567,1
A4_neutral,1.0153846153846153,-1.2,false,65,64.82955649784509,-1,NaN,200001,65,64.82955668907658,738,1
A4_neutral,1.0769230769230769,-1.2,false,65,64.82406189763097,-1,NaN,200001,65,64.8240619622551,549,1
A4_neutral,1.1384615384615384,-1.2,false,65,64.81888706804328,-1,NaN,200001,65,64.81888719656855,485,1
A4_neutral,1.2,-1.2,false,65,64.81400754502414,-1,NaN,200001,65,64.81400774604109,455,1
A4_neutral,-1.2,-1.1384615384615384,false,65,65.3798797547861,-1,NaN,200001,65,65.37987973318107,445,1
A4_neutral,-1.1384615384615384,-1.1384615384615384,false,64,64.36594513332338,-1,NaN,200001,65,65.36594533360515,592,1
A4_neutral,-1.0769230769230769,-1.1384615384615384,false,63,63.35103826341153,-1,NaN,200001,63,63.35103826495683,621,1
A4_neutral,-1.0153846153846153,-1.1384615384615384,false,63,63.3351253197495,-1,NaN,200001,63,63.335125485385056,762,1
A4_neutral,-0.9538461538461539,-1.1384615384615384,true,1,1.3181894606214297,-1,NaN,200001,1,1.3181894510164318,553,1
A4_neutral,-0.8923076923076924,-1.1384615384615384,true,1,1.3002334230858912,1,0.9946330885768182,191254,1,1.3002334164945628,435,1
A4_neutral,-0.8307692307692308,-1.1384615384615384,true,1,1.2812869011376673,-1,NaN,200001,1,1.2812868952906054,417,1
A4_neutral,-0.7692307692307693,-1.1384615384615384,true,1,1.2614106333494643,1,0.9950515442917789,172485,1,1.2614106286790872,345,1
A4_neutral,-0.7076923076923077,-1.1384615384615384,true,1,1.2407001954293861,1,0.9952833903647063,175077,1,1.2407001915038927,353,1
A4_neutral,-0.6461538461538462,-1.1384615384615384,true,1,1.219287258657956,1,0.99553256956419,127333,1,1.2192872547839333,262,1
A4_neutral,-0.5846153846153846,-1.1384615384615384,true,1,1.1973376361405215,1,0.9958011008004373,127339,1,1.1973376317707534,268,1
A4_neutral,-0.5230769230769231,-1.1384615384615384,true,1,1.1750456262137703,1,0.9960913291310577,111422,1,1.1750456230908872,234,1
A4_neutral,-0.46153846153846156,-1.1384615384615384,true,1,1.1526248272263504,1,0.9964059943789214,100476,1,1.1526248244665966,210,1
A4_neutral,-0.4,-1.1384615384615384,true,1,1.1302963235635013,1,0.9967483178308827,110923,1,1.1302963198664968,163,1
A4_neutral,-0.3384615384615385,-1.1384615384615384,true,1,1.1082758166693254,1,0.9971221128295309,71628,1,1.1082758141265225,151,1
A4_neutral,-0.27692307692307694,-1.1384615384615384,true,1,1.0867615323547941,1,0.9975319273079273,63671,1,1.0867615299538202,136,1
A4_neutral,-0.2153846153846154,-1.1384615384615384,true,1,1.065924500797051,1,0.9979832295719921,47507,1,1.0659244981709568,100,1
A4_neutral,-0.15384615384615385,-1.1384615384615384,true,1,1.0459022868977532,1,0.9984826534505281,31842,1,1.0459022846209023,75,1
A4_neutral,-0.09230769230769231,-1.1384615384615384,true,1,1.0267964436459718,1,0.9990383261821962,29202,1,1.026796441161907,65,1
A4_neutral,-0.03076923076923077,-1.1384615384615384,true,1,1.0086732908333083,1,0.9996603135446434,7119,1,1.0086732883496636,27,1
A4_neutral,0.03076923076923077,-1.1384615384615384,true,1,0.9915672031750974,1,1.0003612342105088,7246,1,0.9915672006274641,28,1
A4_neutral,0.09230769230769231,-1.1384615384615384,true,1,0.9754854168717368,1,1.0011571234247527,29156,1,0.9754854143481658,77,1
A4_neutral,0.15384615384615385,-1.1384615384615384,true,1,0.9604134606894779,1,1.0020686725352002,31841,1,0.9604134582526992,74,1
A4_neutral,0.2153846153846154,-1.1384615384615384,true,1,0.9463205176619811,1,1.0031230499789634,47494,1,0.946320515041472,99,1
A4_neutral,0.27692307692307694,-1.1384615384615384,true,1,0.9331642698459908,1,1.0043566486465714,63669,1,0.9331642674837599,135,1
A4_neutral,0.3384615384615385,-1.1384615384615384,true,1,0.9208950031324687,1,1.0058193597834733,71627,1,0.9208950006503529,151,1
A4_neutral,0.4,-1.1384615384615384,true,1,0.9094588985598508,1,1.0075814626833282,110760,1,0.9094588950071856,164,1
A4_neutral,0.46153846153846156,-1.1384615384615384,true,1,0.8988005526959977,1,1.0097452070381132,100470,1,0.8988005498226226,213,1
A4_neutral,0.5230769230769231,-1.1384615384615384,true,1,0.8888648358741321,1,1.0124652863884809,111417,1,0.8888648323826764,233,1
A4_neutral,0.5846153846153846,-1.1384615384615384,true,1,0.8795981741547443,1,1.0159873106607875,127334,1,0.879598169865039,266,1
A4_neutral,0.6461538461538462,-1.1384615384615384,true,1,0.8709494046021528,1,1.0207258331323388,127337,1,0.8709494004570664,269,1
A4_neutral,0.7076923076923077,-1.1384615384615384,true,1,0.8628702926686962,1,1.0274388951299174,175080,1,0.8628702884686962,360,1
A4_neutral,0.7692307692307693,-1.1384615384615384,true,1,0.8553157962904663,1,1.037673111197209,172237,1,0.8553157915762888,373,1
A4_neutral,0.8307692307692308,-1.1384615384615384,true,3,2.8482441526131046,-1,NaN,200001,3,2.8482441510209284,458,1
A4_neutral,0.8923076923076924,-1.1384615384615384,true,3,2.841616863779417,3,3.091207135384101,191352,3,2.841616859725492,428,1
A4_neutral,0.9538461538461539,-1.1384615384615384,true,3,2.8353985491142555,-1,NaN,200001,3,2.8353985497992746,578,1
A4_neutral,1.0153846153846153,-1.1384615384615384,false,65,64.82955684525504,-1,NaN,200001,65,64.82955682995704,741,1
A4_neutral,1.0769230769230769,-1.1384615384615384,false,65,64.8240620822172,-1,NaN,200001,65,64.82406209480894,568,1
A4_neutral,1.1384615384615384,-1.1384615384615384,false,65,64.81888709525896,-1,NaN,200001,65,64.81888732144094,483,1
A4_neutral,1.2,-1.1384615384615384,false,65,64.81400928382666,-1,NaN,200001,65,64.81400786382022,457,1
A4_neutral,-1.2,-1.0769230769230769,false,65,65.37987989229526,-1,NaN,200001,65,65.3798800678912,457,1
A4_neutral,-1.1384615384615384,-1.0769230769230769,false,65,65.36594560783675,-1,NaN,200001,65,65.36594569212032,484,1
A4_neutral,-1.0769230769230769,-1.0769230769230769,false,64,64.35103860109737,-1,NaN,200001,65,65.35103864825587,719,1
A4_neutral,-1.0153846153846153,-1.0769230769230769,false,63,63.33512588188082,-1,NaN,200001,63,63.3351258941214,764,1
A4_neutral,-0.9538461538461539,-1.0769230769230769,true,1,1.3181898958419953,-1,NaN,200001,1,1.3181898853916325,575,1
A4_neutral,-0.8923076923076924,-1.0769230769230769,true,1,1.3002338870498475,1,0.9946330867376632,191010,1,1.3002338761213603,403,1
A4_neutral,-0.8307692307692308,-1.0769230769230769,true,1,1.281287386761975,-1,NaN,200001,1,1.2812873790594919,395,1
A4_neutral,-0.7692307692307693,-1.0769230769230769,true,1,1.2614111423722867,1,0.9950515424526342,172323,1,1.2614111346470827,347,1
A4_neutral,-0.7076923076923077,-1.0769230769230769,true,1,1.2407007226619318,1,0.9952833885255553,175076,1,1.2407007168296145,352,1
A4_neutral,-0.6461538461538462,-1.0769230769230769,true,1,1.2192878014966981,1,0.99553256772503,127334,1,1.2192877957331583,263,1
A4_neutral,-0.5846153846153846,-1.0769230769230769,true,1,1.197338189979929,1,0.9958010989612887,127330,1,1.1973381838106834,259,1
A4_neutral,-0.5230769230769231,-1.0769230769230769,true,1,1.1750461879646346,1,0.9960913272919062,111417,1,1.1750461810779975,229,1
A4_neutral,-0.46153846153846156,-1.0769230769230769,true,1,1.1526253875070818,1,0.996405992539761,100450,1,1.1526253829145003,207,1
A4_neutral,-0.4,-1.0769230769230769,true,1,1.1302968784880776,1,0.9967483159917183,111198,1,1.1302968732617873,159,1
A4_neutral,-0.3384615384615385,-1.0769230769230769,true,1,1.108276361585813,1,0.9971221109903707,71628,1,1.1082763572484895,151,1
A4_neutral,-0.27692307692307694,-1.0769230769230769,true,1,1.086762062352428,1,0.9975319254687568,63668,1,1.0867620581529271,133,1
A4_neutral,-0.2153846153846154,-1.0769230769230769,true,1,1.0659250120422752,1,0.9979832277328217,47554,1,1.0659250075714322,101,1
A4_neutral,-0.15384615384615385,-1.0769230769230769,true,1,1.0459027763635014,1,0.99848265161135,31842,1,1.045902772230645,75,1
A4_neutral,-0.09230769230769231,-1.0769230769230769,true,1,1.0267969092386813,1,0.9990383243430135,29138,1,1.0267969048917784,66,1
A4_neutral,-0.03076923076923077,-1.0769230769230769,true,1,1.0086737313272764,1,0.9996603117054538,6968,1,1.008673726958643,22,1
A4_neutral,0.03076923076923077,-1.0769230769230769,true,1,0.9915676179310915,1,1.0003612323713105,7286,1,0.9915676136174151,28,1
A4_neutral,0.09230769230769231,-1.0769230769230769,true,1,0.9754858062065467,1,1.0011571215855424,29095,1,0.975485801832475,82,1
A4_neutral,0.15384615384615385,-1.0769230769230769,true,1,0.960413825066206,1,1.002068670695976,31843,1,0.9604138208190072,76,1
A4_neutral,0.2153846153846154,-1.0769230769230769,true,1,0.9463208580572262,1,1.0031230481397257,47489,1,0.9463208536227106,108,1
A4_neutral,0.27692307692307694,-1.0769230769230769,true,1,0.9331645874138095,1,1.004356646807316,63670,1,0.9331645832457367,136,1
A4_neutral,0.3384615384615385,-1.0769230769230769,true,1,0.9208952991209646,1,1.0058193579441828,71627,1,0.9208952948993013,151,1
A4_neutral,0.4,-1.0769230769230769,true,1,0.9094591740640783,1,1.007581460844008,111289,1,0.9094591691173746,160,1
A4_neutral,0.46153846153846156,-1.0769230769230769,true,1,0.8988008098932583,1,1.009745205198743,100413,1,0.8988008051821647,203,1
A4_neutral,0.5230769230769231,-1.0769230769230769,true,1,0.8888650775809864,1,1.0124652845490467,111414,1,0.8888650703547623,230,1
A4_neutral,0.5846153846153846,-1.0769230769230769,true,1,0.8795983978840543,1,1.015987308821258,127338,1,0.8795983917616176,270,1
A4_neutral,0.6461538461538462,-1.0769230769230769,true,1,0.8709496132661045,1,1.0207258312926677,127343,1,0.8709496075221705,273,1
A4_neutral,0.7076923076923077,-1.0769230769230769,true,1,0.8628704877464021,1,1.0274388932899896,175070,1,0.8628704818689956,350,1
A4_neutral,0.7692307692307693,-1.0769230769230769,true,1,0.8553159810210664,1,1.037673109356774,172245,1,0.8553159723968802,354,1
A4_neutral,0.8307692307692308,-1.0769230769230769,true,3,2.8482443240954396,-1,NaN,200001,3,2.8482443202648033,432,1
A4_neutral,0.8923076923076924,-1.0769230769230769,true,3,2.8416170194999437,3,3.091207133539473,191084,3,2.8416170183154965,456,1
A4_neutral,0.9538461538461539,-1.0769230769230769,true,3,2.835398691684941,-1,NaN,200001,3,2.8353986985816473,551,1
A4_neutral,1.0153846153846153,-1.0769230769230769,false,65,64.82955696088251,-1,NaN,200001,65,64.82955696970585,704,1
A4_neutral,1.0769230769230769,-1.0769230769230769,false,65,64.82406228375554,-1,NaN,200001,65,64.82406222623129,576,1
A4_neutral,1.1384615384615384,-1.0769230769230769,false,65,64.81888739799724,-1,NaN,200001,65,64.81888744518182,483,1
A4_neutral,1.2,-1.0769230769230769,false,65,64.81400787594075,-1,NaN,200001,65,64.81400798046772,437,1
A4_neutral,-1.2,-1.0153846153846153,false,65,65.37988024095031,-1,NaN,200001,65,65.37988038788774,432,1
A4_neutral,-1.1384615384615384,-1.0153846153846153,false,65,65.36594670070582,-1,NaN,200001,65,65.3659460359219,495,1
A4_neutral,-1.0769230769230769,-1.0153846153846153,false,65,65.35103903812266,-1,NaN,200001,65,65.35103901684128,574,1
A4_neutral,-1.0153846153846153,-1.0153846153846153,false,64,64.33512629723407,-1,NaN,200001,63,63.335126288144195,852,1
A4_neutral,-0.9538461538461539,-1.0153846153846153,true,1,1.3181903313412722,-1,NaN,200001,1,1.3181903050532042,578,1
A4_neutral,-0.8923076923076924,-1.0153846153846153,true,1,1.3002343437924515,1,0.994633070185529,191023,1,1.3002343210345484,410,1
A4_neutral,-0.8307692307692308,-1.0153846153846153,true,1,1.2812878722227223,-1,NaN,200001,1,1.281287848114805,447,1
A4_neutral,-0.7692307692307693,-1.0153846153846153,true,1,1.261411650474125,1,0.9950515259004924,172167,1,1.2614116259015653,365,1
A4_neutral,-0.7076923076923077,-1.0153846153846153,true,1,1.2407012497702583,1,0.9952833719734254,175083,1,1.2407012274419051,359,1
A4_neutral,-0.6461538461538462,-1.0153846153846153,true,1,1.2192883443111073,1,0.995532551172893,127329,1,1.2192883219690551,258,1
A4_neutral,-0.5846153846153846,-1.0153846153846153,true,1,1.1973387438469854,1,0.995801082409136,127335,1,1.1973387211374082,264,1
A4_neutral,-0.5230769230769231,-1.0153846153846153,true,1,1.1750467482972542,1,0.9960913107397562,111415,1,1.1750467243520366,227,1
A4_neutral,-0.46153846153846156,-1.0153846153846153,true,1,1.1526259477645093,1,0.996405975987615,100468,1,1.1526259266494718,212,1
A4_neutral,-0.4,-1.0153846153846153,true,1,1.130297433765977,1,0.9967482994395707,111268,1,1.1302974119442806,165,1
A4_neutral,-0.3384615384615385,-1.0153846153846153,true,1,1.1082769065940181,1,0.9971220944382179,71628,1,1.108276885657784,151,1
A4_neutral,-0.27692307692307694,-1.0153846153846153,true,1,1.0867625924260906,1,0.9975319089166029,63672,1,1.086762571639469,137,1
A4_neutral,-0.2153846153846154,-1.0153846153846153,true,1,1.065925523291448,1,0.99798321118066,47572,1,1.0659255022594287,106,1
A4_neutral,-0.15384615384615385,-1.0153846153846153,true,1,1.045903266332437,1,0.9984826350591808,31841,1,1.0459032451279724,74,1
A4_neutral,-0.09230769230769231,-1.0153846153846153,true,1,1.026797374852854,1,0.9990383077908411,29667,1,1.0267973539092756,35,1
A4_neutral,-0.03076923076923077,-1.0153846153846153,true,1,1.0086741716693406,1,0.9996602951532738,7207,1,1.0086741508552692,24,1
A4_neutral,0.03076923076923077,-1.0153846153846153,true,1,0.9915680328203955,1,1.000361215819122,7245,1,0.9915680118950172,31,1
A4_neutral,0.09230769230769231,-1.0153846153846153,true,1,0.9754861955185997,1,1.0011571050333434,29437,1,0.9754861746044259,81,1
A4_neutral,0.15384615384615385,-1.0153846153846153,true,1,0.9604141892994882,1,1.002068654143764,31846,1,0.9604141686729372,79,1
A4_neutral,0.2153846153846154,-1.0153846153846153,true,1,0.9463211984047708,1,1.003123031587498,47528,1,0.9463211774915447,104,1
A4_neutral,0.27692307692307694,-1.0153846153846153,true,1,0.9331649050288237,1,1.0043566302550655,63671,1,0.9331648842952778,137,1
A4_neutral,0.3384615384615385,-1.0153846153846153,true,1,0.9208955952927833,1,1.0058193413919148,71628,1,0.9208955744357803,152,1
A4_neutral,0.4,-1.0153846153846153,true,1,0.9094594503194272,1,1.0075814442917002,111358,1,0.9094594285150598,174,1
A4_neutral,0.46153846153846156,-1.0153846153846153,true,1,0.8988010670879596,1,1.0097451886463926,100495,1,0.898801045829168,212,1
A4_neutral,0.5230769230769231,-1.0153846153846153,true,1,0.8888653149189852,1,1.0124652679966242,111414,1,0.8888652936142755,230,1
A4_neutral,0.5846153846153846,-1.0153846153846153,true,1,0.8795986216861668,1,1.0159872922687538,127335,1,0.8795985989455917,267,1
A4_neutral,0.6461538461538462,-1.0153846153846153,true,1,0.870949822093941,1,1.0207258147400002,127338,1,0.870949799874641,270,1
A4_neutral,0.7076923076923077,-1.0153846153846153,true,1,0.8628706827994094,1,1.027438876737053,175080,1,0.862870660556633,360,1
A4_neutral,0.7692307692307693,-1.0153846153846153,true,1,0.8553161611656802,1,1.0376730928033833,172376,1,0.8553161385047823,373,1
A4_neutral,0.8307692307692308,-1.0153846153846153,true,3,2.8482444970649112,-1,NaN,200001,3,2.848244474795969,450,1
A4_neutral,0.8923076923076924,-1.0153846153846153,true,3,2.8416171823213037,3,3.091207116981868,191146,3,2.841617162192767,486,1
A4_neutral,0.9538461538461539,-1.0153846153846153,true,3,2.835398848697052,-1,NaN,200001,3,2.835398832651265,602,1
A4_neutral,1.0153846153846153,-1.0153846153846153,false,65,64.82955700775398,-1,NaN,200001,65,64.82955709474194,768,1
A4_neutral,1.0769230769230769,-1.0153846153846153,false,65,64.82406231115179,-1,NaN,200001,65,64.82406234294088,570,1
A4_neutral,1.1384615384615384,-1.0153846153846153,false,65,64.81888743814187,-1,NaN,200001,65,64.81888755420987,488,1
A4_neutral,1.2,-1.0153846153846153,false,65,64.81400796436077,-1,NaN,200001,65,64.81400808240232,443,1
A4_neutral,-1.2,-0.9538461538461539,false,64,64.3798806927815,-1,NaN,200001,64,64.37988075202271,433,0
A4_neutral,-1.1384615384615384,-0.9538461538461539,false,64,64.36594689698293,-1,NaN,200001,64,64.36594642386181,491,0
A4_neutral,-1.0769230769230769,-0.9538461538461539,false,64,64.35103948611365,-1,NaN,200001,64,64.35103942956505,591,0
A4_neutral,-1.0153846153846153,-0.9538461538461539,false,64,64.33512669143238,-1,NaN,200001,64,64.33512672630525,754,0
A4_neutral,-0.9538461538461539,-0.9538461538461539,true,1,1.318190770579243,-1,NaN,200001,2,2.318190768853108,620,0
A4_neutral,-0.8923076923076924,-0.9538461538461539,true,0,0.3002348075010567,0,-0.005366902227648129,191049,0,0.30023481008608766,441,0
A4_neutral,-0.8307692307692308,-0.9538461538461539,true,0,0.2812883564957175,-1,NaN,200001,0,0.281288361308507,431,0
A4_neutral,-0.7692307692307693,-0.9538461538461539,true,0,0.2614121538203239,0,-0.004948446512680782,172591,0,0.2614121612944953,353,0
A4_neutral,-0.7076923076923077,-0.9538461538461539,true,0,0.2407017770481732,0,-0.004716600439744756,175079,0,0.24070178219272498,355,0
A4_neutral,-0.6461538461538462,-0.9538461538461539,true,0,0.2192888857920413,0,-0.004467421240261782,127340,0,0.21928889234358662,269,0
A4_neutral,-0.5846153846153846,-0.9538461538461539,true,0,0.197339295402169,0,-0.004198890004017075,127332,0,0.1973393026028879,261,0
A4_neutral,-0.5230769230769231,-0.9538461538461539,true,0,0.17504730501333132,0,-0.003908661673421854,111418,0,0.1750473117649659,230,0
A4_neutral,-0.46153846153846156,-0.9538461538461539,true,0,0.15262650968123814,0,-0.003593996425555801,100499,0,0.15262651452347187,206,0
A4_neutral,-0.4,-0.9538461538461539,true,0,0.13029798800266734,0,-0.0032516729736034033,110886,0,0.13029799476593862,166,0
A4_neutral,-0.3384615384615385,-0.9538461538461539,true,0,0.1082774520231301,0,-0.0028778779749840666,71630,0,0.1082774582063667,153,0
A4_neutral,-0.27692307692307694,-0.9538461538461539,true,0,0.08676312262090302,0,-0.0024680634965690285,63671,0,0.08676312926540686,136,0
A4_neutral,-0.2153846153846154,-0.9538461538461539,true,0,0.06592603586403689,0,-0.0020167612325432405,47406,0,0.06592604108690692,107,0
A4_neutral,-0.15384615384615385,-0.9538461538461539,true,0,0.04590375521198253,0,-0.0015173373540118273,31841,0,0.04590376216484482,74,0
A4_neutral,-0.09230769230769231,-0.9538461538461539,true,0,0.026797840283342866,0,-0.0009616646223593595,29181,0,0.02679784706635946,78,0
A4_neutral,-0.03076923076923077,-0.9538461538461539,true,0,0.008674612181209351,0,-0.00033967725993511166,7094,0,0.008674618891503338,29,0
A4_neutral,0.03076923076923077,-0.9538461538461539,true,0,-0.008431552331223946,0,0.0003612434059075964,7379,0,-0.008431545687768605,25,0
A4_neutral,0.09230769230769231,-0.9538461538461539,true,0,-0.024513415285216444,0,0.0011571326201137433,28952,0,-0.02451340848402017,60,0
A4_neutral,0.15384615384615385,-0.9538461538461539,true,0,-0.03958544798641772,0,0.0020686817305258787,31844,0,-0.03958543933354974,77,0
A4_neutral,0.2153846153846154,-0.9538461538461539,true,0,-0.053678458988626776,0,0.0031230591742564817,47520,0,-0.05367845450006503,104,0
A4_neutral,0.27692307692307694,-0.9538461538461539,true,0,-0.066834777235522,0,0.004356657841783407,63670,0,-0.06683477051565534,136,0
A4_neutral,0.3384615384615385,-0.9538461538461539,true,0,-0.07910410783003563,0,0.005819368978609574,71625,0,-0.07910410188824923,149,0
A4_neutral,0.4,-0.9538461538461539,true,0,-0.09054027473067494,0,0.007581471878382429,110893,0,-0.09054026794779779,152,0
A4_neutral,0.46153846153846156,-0.9538461538461539,true,0,-0.10119867281886208,0,0.009745216233011722,100451,0,-0.10119866938440536,209,0
A4_neutral,0.5230769230769231,-0.9538461538461539,true,0,-0.11113444591554522,0,0.012465295583167224,111414,0,-0.11113443898682274,230,0
A4_neutral,0.5846153846153846,-0.9538461538461539,true,0,-0.12040115555847652,0,0.01598731985520596,127333,0,-0.1204011497310773,265,0
A4_neutral,0.6461538461538462,-0.9538461538461539,true,0,-0.1290499698835066,0,0.02072584232627861,127344,0,-0.12904996363356203,276,0
A4_neutral,0.7076923076923077,-0.9538461538461539,true,0,-0.13712912192117765,0,0.02743890432311069,175079,0,-0.1371291166164319,359,0
A4_neutral,0.7692307692307693,-0.9538461538461539,true,0,-0.14468365869294764,0,0.0376731203889239,172547,0,-0.14468365124804206,361,0
A4_neutral,0.8307692307692308,-0.9538461538461539,true,2,1.8482446572752753,-1,NaN,200001,2,1.8482446734663789,427,0
A4_neutral,0.8923076923076924,-0.9538461538461539,true,2,1.8416173372070364,2,2.0912071445632425,191052,2,1.8416173502092619,454,0
A4_neutral,0.9538461538461539,-0.9538461538461539,true,2,1.835399000559874,-1,NaN,200001,2,1.8353990108600888,585,0
A4_neutral,1.0153846153846153,-0.9538461538461539,false,64,63.82955706704415,-1,NaN,200001,64,63.829557263917266,730,0
A4_neutral,1.0769230769230769,-0.9538461538461539,false,64,63.82406242594244,-1,NaN,200001,64,63.824062503789634,599,0
A4_neutral,1.1384615384615384,-0.9538461538461539,false,64,63.818887556486374,-1,NaN,200001,64,63.818887707377115,492,0
A4_neutral,1.2,-0.9538461538461539,false,64,63.81400812545879,-1,NaN,200001,64,63.81400822847621,447,0
A4_neutral,-1.2,-0.8923076923076924,false,64,64.37988098491891,-1,NaN,200001,64,64.37988108462926,441,0
A4_neutral,-1.1384615384615384,-0.8923076923076924,false,64,64.3659466409826,-1,NaN,200001,64,64.36594678027332,472,0
A4_neutral,-1.0769230769230769,-0.8923076923076924,false,64,64.35103965261462,-1,NaN,200001,64,64.35103981076034,579,0
A4_neutral,-1.0153846153846153,-0.8923076923076924,false,64,64.33512715598889,-1,NaN,200001,64,64.33512713293793,776,0
A4_neutral,-0.9538461538461539,-0.8923076923076924,true,2,2.318191194579682,-1,NaN,200001,2,2.318191201124538,593,0
A4_neutral,-0.8923076923076924,-0.8923076923076924,true,1,1.300235266869541,0,-0.005366906168643437,191208,0,0.3002352676091661,570,0
A4_neutral,-0.8307692307692308,-0.8923076923076924,true,0,0.2812888405935673,-1,NaN,200001,0,0.28128884297378987,423,0
A4_neutral,-0.7692307692307693,-0.8923076923076924,true,0,0.26141266195635227,0,-0.004948450453670317,172094,0,0.26141266515906625,364,0
A4_neutral,-0.7076923076923077,-0.8923076923076924,true,0,0.24070230428251094,0,-0.004716604380744727,175078,0,0.2407023054152686,354,0
A4_neutral,-0.6461538461538462,-0.8923076923076924,true,0,0.21928942974185872,0,-0.004467425181293949,127330,0,0.2192894311899457,259,0
A4_neutral,-0.5846153846153846,-0.8923076923076924,true,0,0.19733984919127756,0,-0.004198893945011051,127334,0,0.19733985254031816,263,0
A4_neutral,-0.5230769230769231,-0.8923076923076924,true,0,0.17504786473017875,0,-0.003908665614423379,111413,0,0.1750478676499787,225,0
A4_neutral,-0.46153846153846156,-0.8923076923076924,true,0,0.1526270703787057,0,-0.0035940003665630993,100458,0,0.15262707086969263,207,0
A4_neutral,-0.4,-0.8923076923076924,true,0,0.13029854322978895,0,-0.00325167691463335,110763,0,0.13029854605995284,159,0
A4_neutral,-0.3384615384615385,-0.8923076923076924,true,0,0.10827799706166485,0,-0.0028778819159787083,71628,0,0.10827799922743209,151,0
A4_neutral,-0.27692307692307694,-0.8923076923076924,true,0,0.08676365280981624,0,-0.002468067437612964,63671,0,0.08676365536393271,136,0
A4_neutral,-0.2153846153846154,-0.8923076923076924,true,0,0.06592654566665224,0,-0.0020167651735556458,47484,0,0.06592654838706047,105,0
A4_neutral,-0.15384615384615385,-0.8923076923076924,true,0,0.04590424449427688,0,-0.0015173412950446608,31837,0,0.04590424767445611,70,0
A4_neutral,-0.09230769230769231,-0.8923076923076924,true,0,0.026798306050934473,0,-0.0009616685634037392,29125,0,0.026798308696222906,46,0
A4_neutral,-0.03076923076923077,-0.8923076923076924,true,0,0.008675052662596716,0,-0.00033968120098770704,7262,0,0.008675055400538145,19,0
A4_neutral,0.03076923076923077,-0.8923076923076924,true,0,-0.00843113748216684,0,0.00036123946484523106,7006,0,-0.008431134797749484,24,0
A4_neutral,0.09230769230769231,-0.8923076923076924,true,0,-0.024513026123226034,0,0.0011571286790460489,29129,0,-0.024513023099671072,65,0
A4_neutral,0.15384615384615385,-0.8923076923076924,true,0,-0.039585081859510485,0,0.0020686777894387554,31845,0,-0.03958507886725937,78,0
A4_neutral,0.2153846153846154,-0.8923076923076924,true,0,-0.05367811929292832,0,0.0031230552331552586,47483,0,-0.05367811801892408,95,0
A4_neutral,0.27692307692307694,-0.8923076923076924,true,0,-0.06683445761744311,0,0.004356653900674412,63671,0,-0.06683445685387168,137,0
A4_neutral,0.3384615384615385,-0.8923076923076924,true,0,-0.07910381191775384,0,0.005819365037464941,71624,0,-0.07910380973959441,148,0
A4_neutral,0.4,-0.8923076923076924,true,0,-0.09053999879883778,0,0.007581467937205044,111412,0,-0.09053999593800577,228,0
A4_neutral,0.46153846153846156,-0.8923076923076924,true,0,-0.101198415847221,0,0.009745212291775829,100443,0,-0.10119841612536584,206,0
A4_neutral,0.5230769230769231,-0.8923076923076924,true,0,-0.11113420610957747,0,0.012465291641885479,111417,0,-0.11113420311533795,233,0
A4_neutral,0.5846153846153846,-0.8923076923076924,true,0,-0.12040093288310394,0,0.01598731591382052,127330,0,-0.12040092993519713,262,0
A4_neutral,0.6461538461538462,-0.8923076923076924,true,0,-0.12904976113960243,0,0.020725838384760387,127339,0,-0.12904975866924584,271,0
A4_neutral,0.7076923076923077,-0.8923076923076924,true,0,-0.1371289270119409,0,0.027438900381316578,175076,0,-0.1371289253170045,356,0
A4_neutral,0.7692307692307693,-0.8923076923076924,true,0,-0.14468347651851587,0,0.0376731164466616,172349,0,-0.14468347252840208,366,0
A4_neutral,0.8307692307692308,-0.8923076923076924,true,2,1.848244829026596,-1,NaN,200001,2,1.8482448406092327,433,0
A4_neutral,0.8923076923076924,-0.8923076923076924,true,2,1.841617500142466,2,2.0912071406168202,191055,2,1.8416175066981784,451,0
A4_neutral,0.9538461538461539,-0.8923076923076924,true,2,1.8353991498984457,-1,NaN,200001,2,1.8353991575413104,614,0
A4_neutral,1.0153846153846153,-0.8923076923076924,false,64,63.82955719262491,-1,NaN,200001,64,63.82955740156493,730,0
A4_neutral,1.0769230769230769,-0.8923076923076924,false,64,63.824062652220256,-1,NaN,200001,64,63.82406263311079,592,0
A4_neutral,1.1384615384615384,-0.8923076923076924,false,64,63.81888856415233,-1,NaN,200001,64,63.81888782901668,485,0
A4_neutral,1.2,-0.8923076923076924,false,64,63.814008125751975,-1,NaN,200001,64,63.81400834302228,437,0
A4_neutral,-1.2,-0.8307692307692308,false,64,64.3798814157071,-1,NaN,200001,64,64.37988142010143,446,0
A4_neutral,-1.1384615384615384,-0.8307692307692308,false,64,64.36594690947261,-1,NaN,200001,64,64.3659471395504,487,0
A4_neutral,-1.0769230769230769,-0.8307692307692308,false,64,64.35104015190679,-1,NaN,200001,64,64.35104019482121,571,0
A4_neutral,-1.0153846153846153,-0.8307692307692308,false,64,64.33512753365513,-1,NaN,200001,64,64.335127542436,752,0
A4_neutral,-0.9538461538461539,-0.8307692307692308,true,2,2.318191630741164,-1,NaN,200001,2,2.318191636261493,595,0
A4_neutral,-0.8923076923076924,-0.8307692307692308,true,2,2.300235724826165,2,1.994633092756521,191111,2,2.300235727997795,472,0
A4_neutral,-0.8307692307692308,-0.8307692307692308,true,1,1.2812893282445794,-1,NaN,200001,2,2.2812893275046555,562,0
A4_neutral,-0.7692307692307693,-0.8307692307692308,true,0,0.2614131692166193,0,-0.004948451528519193,172293,0,0.2614131718892797,360,0
A4_neutral,-0.7076923076923077,-0.8307692307692308,true,0,0.2407028313301336,0,-0.00471660545558783,175080,0,0.24070283150353744,356,0
A4_neutral,-0.6461538461538462,-0.8307692307692308,true,0,0.2192899720393352,0,-0.004467426256099305,127338,0,0.2192899729021337,267,0
A4_neutral,-0.5846153846153846,-0.8307692307692308,true,0,0.19734040350340043,0,-0.004198895019879911,127334,0,0.1973404053436988,263,0
A4_neutral,-0.5230769230769231,-0.8307692307692308,true,0,0.17504842463585335,0,-0.003908666689256268,111412,0,0.1750484264010761,224,0
A4_neutral,-0.46153846153846156,-0.8307692307692308,true,0,0.15262762884001602,0,-0.0035940014414208576,100464,0,0.1526276300821392,205,0
A4_neutral,-0.4,-0.8307692307692308,true,0,0.13029909847133325,0,-0.0032516779894706804,111415,0,0.1302991002203283,228,0
A4_neutral,-0.3384615384615385,-0.8307692307692308,true,0,0.10827854207018484,0,-0.0028778829908411296,71626,0,0.10827854311498142,149,0
A4_neutral,-0.27692307692307694,-0.8307692307692308,true,0,0.08676418265659547,0,-0.0024680685124560675,63671,0,0.08676418432905175,136,0
A4_neutral,-0.2153846153846154,-0.8307692307692308,true,0,0.06592705686147693,0,-0.0020167662484209536,47583,0,0.06592705855389214,101,0
A4_neutral,-0.15384615384615385,-0.8307692307692308,true,0,0.045904733543729814,0,-0.0015173423699128552,31844,0,0.045904736050808026,77,0
A4_neutral,-0.09230769230769231,-0.8307692307692308,true,0,0.026798771425563528,0,-0.0009616696382761525,28670,0,0.026798773192869052,78,0
A4_neutral,-0.03076923076923077,-0.8307692307692308,true,0,0.008675493129764567,0,-0.00033968227585856603,7288,0,0.008675494776377413,28,0
A4_neutral,0.03076923076923077,-0.8307692307692308,true,0,-0.008430722564613191,0,0.00036123838996127144,7242,0,-0.008430721040921796,32,0
A4_neutral,0.09230769230769231,-0.8307692307692308,true,0,-0.024512636732153092,0,0.001157127604165642,29467,0,-0.02451263484852295,78,0
A4_neutral,0.15384615384615385,-0.8307692307692308,true,0,-0.03958471732379287,0,0.002068676714526707,31837,0,-0.03958471553419085,70,0
A4_neutral,0.2153846153846154,-0.8307692307692308,true,0,-0.053677778769890994,0,0.003123054158225891,47352,0,-0.05367777867103096,101,0
A4_neutral,0.27692307692307694,-0.8307692307692308,true,0,-0.06683414200214699,0,0.004356652825741492,63668,0,-0.06683414032536494,134,0
A4_neutral,0.3384615384615385,-0.8307692307692308,true,0,-0.07910351581209163,0,0.0058193639625025995,71625,0,-0.07910351472425137,149,0
A4_neutral,0.4,-0.8307692307692308,true,0,-0.09053972286272893,0,0.00758146686219674,111410,0,-0.09053972106156172,226,0
A4_neutral,0.46153846153846156,-0.8307692307692308,true,0,-0.10119816127255987,0,0.009745211216726668,100434,0,-0.10119815999970583,202,0
A4_neutral,0.5230769230769231,-0.8307692307692308,true,0,-0.11113396625126182,0,0.012465290566768594,111415,0,-0.1111339643772693,231,0
A4_neutral,0.5846153846153846,-0.8307692307692308,true,0,-0.12040070931090407,0,0.015987314838598388,127334,0,-0.12040070727276309,266,0
A4_neutral,0.6461538461538462,-0.8307692307692308,true,0,-0.129049552030706,0,0.020725837309401363,127334,0,-0.12904955083840597,266,0
A4_neutral,0.7076923076923077,-0.8307692307692308,true,0,-0.13712873166298878,0,0.027438899305693987,175073,0,-0.1371287311510827,353,0
A4_neutral,0.7692307692307693,-0.8307692307692308,true,0,-0.144683292475853,0,0.037673115370578714,172313,0,-0.14468329094229282,367,0
A4_neutral,0.8307692307692308,-0.8307692307692308,true,2,1.848245001219039,-1,NaN,200001,2,1.8482450106185306,415,0
A4_neutral,0.8923076923076924,-0.8307692307692308,true,2,1.8416176584341006,2,2.0912071395364427,191114,2,1.8416176660535162,472,0
A4_neutral,0.9538461538461539,-0.8307692307692308,true,2,1.835399300161772,-1,NaN,200001,2,1.8353993070889358,545,0
A4_neutral,1.0153846153846153,-0.8307692307692308,false,64,63.829557373842555,-1,NaN,200001,64,63.829557542078994,706,0
A4_neutral,1.0769230769230769,-0.8307692307692308,false,64,63.82406272895174,-1,NaN,200001,64,63.82406276529822,603,0
A4_neutral,1.1384615384615384,-0.8307692307692308,false,64,63.81888787551395,-1,NaN,200001,64,63.818887953522534,497,0
A4_neutral,1.2,-0.8307692307692308,false,64,63.81400825580997,-1,NaN,200001,64,63.81400846043481,445,0
A4_neutral,-1.2,-0.7692307692307693,false,64,64.37988161523485,-1,NaN,200001,64,64.37988175614619,446,0
A4_neutral,-1.1384615384615384,-0.7692307692307693,false,64,64.36594737594945,-1,NaN,200001,64,64.36594749940005,495,0
A4_neutral,-1.0769230769230769,-0.7692307692307693,false,64,64.35104064949465,-1,NaN,200001,64,64.35104057945463,568,0
A4_neutral,-1.0153846153846153,-0.7692307692307693,false,64,64.33512788943736,-1,NaN,200001,64,64.33512795250678,738,0
A4_neutral,-0.9538461538461539,-0.7692307692307693,true,2,2.3181920658497432,-1,NaN,200001,2,2.318192071971044,527,0
A4_neutral,-0.8923076923076924,-0.7692307692307693,true,2,2.3002361846360264,2,1.9946330922549667,191029,2,2.3002361889590333,422,0
A4_neutral,-0.8307692307692308,-0.7692307692307693,true,2,2.281289801174709,-1,NaN,200001,2,2.2812898126081715,414,0
A4_neutral,-0.7692307692307693,-0.7692307692307693,true,1,1.261413679291163,2,1.9950515479699087,172473,2,2.261413679192204,467,0
A4_neutral,-0.7076923076923077,-0.7692307692307693,true,0,0.24070335858019776,0,-0.004716605957174158,175084,0,0.24070335816459842,360,0
A4_neutral,-0.6461538461538462,-0.7692307692307693,true,0,0.2192905143842655,0,-0.004467426757735371,127343,0,0.21929051518721787,272,0
A4_neutral,-0.5846153846153846,-0.7692307692307693,true,0,0.19734095809092178,0,-0.004198895521494661,127333,0,0.1973409587200987,262,0
A4_neutral,-0.5230769230769231,-0.7692307692307693,true,0,0.17504898603744234,0,-0.003908667190895887,111421,0,0.175048985725326,233,0
A4_neutral,-0.46153846153846156,-0.7692307692307693,true,0,0.15262819055207633,0,-0.003594001943038716,100401,0,0.15262818986787796,207,0
A4_neutral,-0.4,-0.7692307692307693,true,0,0.13029965161311063,0,-0.0032516784910823215,111326,0,0.1302996549541311,162,0
A4_neutral,-0.3384615384615385,-0.7692307692307693,true,0,0.10827908685168264,0,-0.002877883492474087,71629,0,0.10827908757608229,152,0
A4_neutral,-0.27692307692307694,-0.7692307692307693,true,0,0.08676471273430075,0,-0.0024680690141010153,63671,0,0.08676471386782836,136,0
A4_neutral,-0.2153846153846154,-0.7692307692307693,true,0,0.06592756969120106,0,-0.0020167667500501363,47496,0,0.0659275692944683,97,0
A4_neutral,-0.15384615384615385,-0.7692307692307693,true,0,0.0459052233752808,0,-0.0015173428715435922,31843,0,0.04590522500096861,76,0
A4_neutral,-0.09230769230769231,-0.7692307692307693,true,0,0.026799237106907015,0,-0.0009616701399131067,29412,0,0.026799238263364056,76,0
A4_neutral,-0.03076923076923077,-0.7692307692307693,true,0,0.00867593356803198,0,-0.0003396827775059563,7236,0,0.00867593472608641,27,0
A4_neutral,0.03076923076923077,-0.7692307692307693,true,0,-0.008430307832947737,0,0.00036123788830688675,6932,0,-0.008430306710219826,23,0
A4_neutral,0.09230769230769231,-0.7692307692307693,true,0,-0.024512247504519857,0,0.0011571271024932717,29603,0,-0.024512246023508766,72,0
A4_neutral,0.15384615384615385,-0.7692307692307693,true,0,-0.03958435322140752,0,0.0020686762128616643,31839,0,-0.039584351627275804,72,0
A4_neutral,0.2153846153846154,-0.7692307692307693,true,0,-0.05367743852540441,0,0.0031230536565188816,47753,0,-0.05367743874931996,103,0
A4_neutral,0.27692307692307694,-0.7692307692307693,true,0,-0.06683382437330998,0,0.004356652324011945,63669,0,-0.06683382322307052,135,0
A4_neutral,0.3384615384615385,-0.7692307692307693,true,0,-0.07910321976451407,0,0.005819363460756177,71622,0,-0.07910321913515372,146,0
A4_neutral,0.4,-0.7692307692307693,true,0,-0.09053944693589311,0,0.00758146636041257,110910,0,-0.09053944561139748,160,0
A4_neutral,0.46153846153846156,-0.7692307692307693,true,0,-0.10119790281660457,0,0.009745210714919295,100453,0,-0.10119790330036049,207,0
A4_neutral,0.5230769230769231,-0.7692307692307693,true,0,-0.11113372644177089,0,0.012465290064877621,111418,0,-0.11113372506554908,234,0
A4_neutral,0.5846153846153846,-0.7692307692307693,true,0,-0.12040048427308814,0,0.015987314336606273,127330,0,-0.120400484036711,262,0
A4_neutral,0.6461538461538462,-0.7692307692307693,true,0,-0.1290493413500502,0,0.020725836807255593,127332,0,-0.12904934243397692,264,0
A4_neutral,0.7076923076923077,-0.7692307692307693,true,0,-0.13712853620169918,0,0.027438898803318068,175078,0,-0.13712853641159994,358,0
A4_neutral,0.7692307692307693,-0.7692307692307693,true,0,-0.14468311085433094,0,0.03767311486768432,172112,0,-0.14468310878265034,367,0
A4_neutral,0.8307692307692308,-0.7692307692307693,true,2,1.8482451750883788,-1,NaN,200001,2,1.848245181201339,417,0
A4_neutral,0.8923076923076924,-0.7692307692307693,true,2,1.8416178207888647,2,2.0912071390293514,191130,2,1.841617825982342,455,0
A4_neutral,0.9538461538461539,-0.7692307692307693,true,2,1.8353994519719423,-1,NaN,200001,2,1.835399457210028,628,0
A4_neutral,1.0153846153846153,-0.7692307692307693,false,64,63.8295577779456,-1,NaN,200001,64,63.829557683166406,722,0
A4_neutral,1.0769230769230769,-0.7692307692307693,false,64,63.8240628872315,-1,NaN,200001,64,63.82406289805913,571,0
A4_neutral,1.1384615384615384,-0.7692307692307693,false,64,63.81888780467309,-1,NaN,200001,64,63.818888078601894,487,0
A4_neutral,1.2,-0.7692307692307693,false,64,63.81400843327959,-1,NaN,200001,64,63.81400857842072,442,0
A4_neutral,-1.2,-0.7076923076923077,false,64,64.37988200713221,-1,NaN,200001,64,64.37988209240157,445,0
A4_neutral,-1.1384615384615384,-0.7076923076923077,false,64,64.36594768574332,-1,NaN,200001,64,64.3659478594603,489,0
A4_neutral,-1.0769230769230769,-0.7076923076923077,false,64,64.35104104744255,-1,NaN,200001,64,64.3510409642987,601,0
A4_neutral,-1.0153846153846153,-0.7076923076923077,false,64,64.33512832563753,-1,NaN,200001,64,64.33512836278797,745,0
A4_neutral,-0.9538461538461539,-0.7076923076923077,true,2,2.3181925002571178,-1,NaN,200001,2,2.3181925078911485,585,0
A4_neutral,-0.8923076923076924,-0.7076923076923077,true,2,2.300236645685265,2,1.9946330919645172,191025,2,2.3002366501308438,418,0
A4_neutral,-0.8307692307692308,-0.7076923076923077,true,2,2.2812902906025143,-1,NaN,200001,2,2.281290297922296,421,0
A4_neutral,-0.7692307692307693,-0.7076923076923077,true,2,2.261414183700246,2,1.9950515476795143,172626,2,2.261414186705797,364,0
A4_neutral,-0.7076923076923077,-0.7076923076923077,true,1,1.2407038856493102,2,1.9952833937524024,175185,2,2.240703885036413,461,0
A4_neutral,-0.6461538461538462,-0.7076923076923077,true,0,0.21929105894935574,0,-0.004467427048143735,127338,0,0.21929105768315704,267,0
A4_neutral,-0.5846153846153846,-0.7076923076923077,true,0,0.197341511871566,0,-0.004198895811915682,127340,0,0.1973415123074742,269,0
A4_neutral,-0.5230769230769231,-0.7076923076923077,true,0,0.1750495442901977,0,-0.003908667481283379,111418,0,0.17504954526068683,230,0
A4_neutral,-0.46153846153846156,-0.7076923076923077,true,0,0.15262875101077134,0,-0.0035940022334504107,100449,0,0.15262874986486474,212,0
A4_neutral,-0.4,-0.7076923076923077,true,0,0.13030020684537535,0,-0.0032516787815113357,111324,0,0.1303002098993178,161,0
A4_neutral,-0.3384615384615385,-0.7076923076923077,true,0,0.10827963176940547,0,-0.002877883782882895,71629,0,0.10827963224869253,152,0
A4_neutral,-0.27692307692307694,-0.7076923076923077,true,0,0.08676524404795749,0,-0.002468069304503384,63670,0,0.08676524361822113,135,0
A4_neutral,-0.2153846153846154,-0.7076923076923077,true,0,0.06592808080150636,0,-0.0020167670404755977,47398,0,0.06592808024674623,103,0
A4_neutral,-0.15384615384615385,-0.7076923076923077,true,0,0.04590571271707722,0,-0.0015173431619888156,31841,0,0.045905714162894906,74,0
A4_neutral,-0.09230769230769231,-0.7076923076923077,true,0,0.026799703566729893,0,-0.0009616704303436752,29799,0,0.026799703545666964,78,0
A4_neutral,-0.03076923076923077,-0.7076923076923077,true,0,0.008676374033768308,0,-0.00033968306795517655,7003,0,0.008676374887624405,22,0
A4_neutral,0.03076923076923077,-0.7076923076923077,true,0,-0.00842989311853759,0,0.0003612375978445659,7143,0,-0.008429892167684638,30,0
A4_neutral,0.09230769230769231,-0.7076923076923077,true,0,-0.024511857963178674,0,0.0011571268120140754,29358,0,-0.024511856986672464,72,0
A4_neutral,0.15384615384615385,-0.7076923076923077,true,0,-0.03958398852541434,0,0.0020686759223892404,31839,0,-0.03958398750855685,72,0
A4_neutral,0.2153846153846154,-0.7076923076923077,true,0,-0.05367709783724517,0,0.0031230533660270288,47754,0,-0.053677098615829255,104,0
A4_neutral,0.27692307692307694,-0.7076923076923077,true,0,-0.06683350678613653,0,0.004356652033489117,63668,0,-0.06683350590903037,134,0
A4_neutral,0.3384615384615385,-0.7076923076923077,true,0,-0.07910292372138339,0,0.0058193631701976,71626,0,-0.07910292333434543,150,0
A4_neutral,0.4,-0.7076923076923077,true,0,-0.09053917086903218,0,0.007581466069817577,111412,0,-0.09053916994955524,228,0
A4_neutral,0.46153846153846156,-0.7076923076923077,true,0,-0.10119764585179447,0,0.009745210424296324,100472,0,-0.10119764638937423,202,0
A4_neutral,0.5230769230769231,-0.7076923076923077,true,0,-0.11113348666625322,0,0.012465289774181376,111417,0,-0.11113348554221925,233,0
A4_neutral,0.5846153846153846,-0.7076923076923077,true,0,-0.12040026173188867,0,0.015987314045828538,127342,0,-0.12040026058908015,274,0
A4_neutral,0.6461538461538462,-0.7076923076923077,true,0,-0.12904913059767442,0,0.02072583651631621,127334,0,-0.12904913381800331,266,0
A4_neutral,0.7076923076923077,-0.7076923076923077,true,0,-0.13712834135580243,0,0.027438898512069265,175063,0,-0.1371283414605977,343,0
A4_neutral,0.7692307692307693,-0.7076923076923077,true,0,-0.14468292736006583,0,0.037673114576027955,172119,0,-0.14468292641151392,363,0
A4_neutral,0.8307692307692308,-0.7076923076923077,true,2,1.8482453458851922,-1,NaN,200001,2,1.8482453519956166,445,0
A4_neutral,0.8923076923076924,-0.7076923076923077,true,2,1.8416179802596733,2,2.091207138733521,191066,2,1.841617986122616,462,0
A4_neutral,0.9538461538461539,-0.7076923076923077,true,2,1.8353996008671378,-1,NaN,200001,2,1.8353996075425485,607,0
A4_neutral,1.0153846153846153,-0.7076923076923077,false,64,63.829557641661204,-1,NaN,200001,64,63.8295578244654,762,0
A4_neutral,1.0769230769230769,-0.7076923076923077,false,64,63.82406302759377,-1,NaN,200001,64,63.8240630310314,605,0
A4_neutral,1.1384615384615384,-0.7076923076923077,false,64,63.818888086307865,-1,NaN,200001,64,63.81888820389261,490,0
A4_neutral,1.2,-0.7076923076923077,false,64,63.814009872500385,-1,NaN,200001,64,63.81400869661798,464,0
A4_neutral,-1.2,-0.6461538461538462,false,64,64.37988227929905,-1,NaN,200001,64,64.3798824287574,445,0
A4_neutral,-1.1384615384615384,-0.6461538461538462,false,64,64.36594814094889,-1,NaN,200001,64,64.365948219621,481,0
A4_neutral,-1.0769230769230769,-0.6461538461538462,false,64,64.35104112986178,-1,NaN,200001,64,64.35104134924299,574,0
A4_neutral,-1.0153846153846153,-0.6461538461538462,false,64,64.33512885205593,-1,NaN,200001,64,64.33512877316966,786,0
A4_neutral,-0.9538461538461539,-0.6461538461538462,true,2,2.318192940061831,-1,NaN,200001,2,2.3181929439116162,518,0
A4_neutral,-0.8923076923076924,-0.6461538461538462,true,2,2.3002371053089052,2,1.9946330917751545,191118,2,2.300237111403037,431,0
A4_neutral,-0.8307692307692308,-0.6461538461538462,true,2,2.281290768325878,-1,NaN,200001,2,2.281290783336843,423,0
A4_neutral,-0.7692307692307693,-0.6461538461538462,true,2,2.261414691737539,2,1.9950515474900672,172169,2,2.2614146943198694,358,0
A4_neutral,-0.7076923076923077,-0.6461538461538462,true,2,2.240704412837002,2,1.9952833935630148,175073,2,2.240704412008788,349,0
A4_neutral,-0.6461538461538462,-0.6461538461538462,true,1,1.2192916011487704,0,-0.0044674272375353485,127442,0,0.21929160027976347,371,0
A4_neutral,-0.5846153846153846,-0.6461538461538462,true,0,0.19734206480177274,0,-0.004198896001302188,127337,0,0.19734206599563942,266,0
A4_neutral,-0.5230769230769231,-0.6461538461538462,true,0,0.1750501039742942,0,-0.003908667670713406,111420,0,0.17505010489697115,232,0
A4_neutral,-0.46153846153846156,-0.6461538461538462,true,0,0.15262930999892388,0,-0.0035940024228942047,100453,0,0.15262930996291446,213,0
A4_neutral,-0.4,-0.6461538461538462,true,0,0.13030076207284103,0,-0.0032516789709478022,110900,0,0.13030076494570308,161,0
A4_neutral,-0.3384615384615385,-0.6461538461538462,true,0,0.10828017677540469,0,-0.0028778839723080374,71630,0,0.10828017702262382,153,0
A4_neutral,-0.27692307692307694,-0.6461538461538462,true,0,0.0867657729831317,0,-0.0024680694939438474,63673,0,0.08676577347004388,138,0
A4_neutral,-0.2153846153846154,-0.6461538461538462,true,0,0.06592859069384072,0,-0.002016767229905625,47525,0,0.06592859130054007,105,0
A4_neutral,-0.15384615384615385,-0.6461538461538462,true,0,0.045906201336074814,0,-0.0015173433514332757,31840,0,0.04590620342640084,73,0
A4_neutral,-0.09230769230769231,-0.6461538461538462,true,0,0.026800168095935217,0,-0.0009616706197981273,29293,0,0.026800168929589585,69,0
A4_neutral,-0.03076923076923077,-0.6461538461538462,true,0,0.008676814490580997,0,-0.0003396832574118491,7231,0,0.008676815150803319,26,0
A4_neutral,0.03076923076923077,-0.6461538461538462,true,0,-0.008429478122057743,0,0.0003612374083867831,7195,0,-0.008429477523504314,25,0
A4_neutral,0.09230769230769231,-0.6461538461538462,true,0,-0.024511468656238433,0,0.0011571266225448573,29673,0,-0.024511467848198576,53,0
A4_neutral,0.15384615384615385,-0.6461538461538462,true,0,-0.0395836252792523,0,0.002068675732899483,31840,0,-0.03958362328822207,73,0
A4_neutral,0.2153846153846154,-0.6461538461538462,true,0,-0.05367675842874364,0,0.0031230531765024105,47756,0,-0.05367675838075092,106,0
A4_neutral,0.27692307692307694,-0.6461538461538462,true,0,-0.0668331890395033,0,0.004356651843970827,63671,0,-0.06683318849343078,137,0
A4_neutral,0.3384615384615385,-0.6461538461538462,true,0,-0.07910262754151143,0,0.005819362980683973,71626,0,-0.07910262743201013,150,0
A4_neutral,0.4,-0.6461538461538462,true,0,-0.09053889493095513,0,0.007581465880236449,111261,0,-0.09053889418622352,154,0
A4_neutral,0.46153846153846156,-0.6461538461538462,true,0,-0.10119738953164403,0,0.009745210234658797,100445,0,-0.10119738937693112,208,0
A4_neutral,0.5230769230769231,-0.6461538461538462,true,0,-0.11113324672526304,0,0.012465289584492112,111404,0,-0.11113324591746654,220,0
A4_neutral,0.5846153846153846,-0.6461538461538462,true,0,-0.12040003694995893,0,0.01598731385600849,127330,0,-0.12040003704005975,262,0
A4_neutral,0.6461538461538462,-0.6461538461538462,true,0,-0.1290489250618898,0,0.020725836326372815,127334,0,-0.1290489251006659,266,0
A4_neutral,0.7076923076923077,-0.6461538461538462,true,0,-0.13712814593133604,0,0.02743889832190216,175071,0,-0.13712814640826476,351,0
A4_neutral,0.7692307692307693,-0.6461538461538462,true,0,-0.14468274442597084,0,0.037673114385322615,172048,0,-0.14468274393907032,349,0
A4_neutral,0.8307692307692308,-0.6461538461538462,true,0,-0.151754477236421,-1,NaN,200001,0,-0.15175447710882461,449,0
A4_neutral,0.8923076923076924,-0.6461538461538462,true,2,1.84161813864186,2,2.0912071385386284,191121,2,1.8416181463641492,456,0
A4_neutral,0.9538461538461539,-0.6461538461538462,true,2,1.8353997529710666,-1,NaN,200001,2,1.8353997579763086,562,0
A4_neutral,1.0153846153846153,-0.6461538461538462,false,64,63.82955787398765,-1,NaN,200001,64,63.82955796586547,743,0
A4_neutral,1.0769230769230769,-0.6461538461538462,false,64,63.82406325016406,-1,NaN,200001,64,63.8240631641049,544,0
A4_neutral,1.1384615384615384,-0.6461538461538462,false,64,63.81888823434839,-1,NaN,200001,64,63.81888832928449,479,0
A4_neutral,1.2,-0.6461538461538462,false,64,63.81400854032604,-1,NaN,200001,64,63.814008814916306,449,0
A4_neutral,-1.2,-0.5846153846153846,false,64,64.37988255928656,-1,NaN,200001,64,64.37988276516873,450,0
A4_neutral,-1.1384615384615384,-0.5846153846153846,false,64,64.36594853112837,-1,NaN,200001,64,64.36594857983712,478,0
A4_neutral,-1.0769230769230769,-0.5846153846153846,false,64,64.35104157412816,-1,NaN,200001,64,64.35104173424287,570,0
A4_neutral,-1.0153846153846153,-0.5846153846153846,false,64,64.3351291622011,-1,NaN,200001,64,64.33512918360671,736,0
A4_neutral,-0.9538461538461539,-0.5846153846153846,true,2,2.318193374348649,-1,NaN,200001,2,2.3181933799875587,538,0
A4_neutral,-0.8923076923076924,-0.5846153846153846,true,2,2.3002375720310058,2,1.994633091641861,191223,2,2.3002375727307243,451,0
A4_neutral,-0.8307692307692308,-0.5846153846153846,true,2,2.281291260174412,-1,NaN,200001,2,2.2812912688069202,421,0
A4_neutral,-0.7692307692307693,-0.5846153846153846,true,2,2.261415201697961,2,1.9950515473568,172143,2,2.261415201989532,349,0
A4_neutral,-0.7076923076923077,-0.5846153846153846,true,2,2.240704939363289,2,1.9952833934297136,175067,2,2.2407049390368363,343,0
A4_neutral,-0.6461538461538462,-0.5846153846153846,true,2,2.2192921383938966,2,1.9955325726291662,127343,2,2.2192921429321464,272,0
A4_neutral,-0.5846153846153846,-0.5846153846153846,true,1,1.1973426210433427,0,-0.00419889613460267,127458,0,0.19734261973970335,387,0
A4_neutral,-0.5230769230769231,-0.5846153846153846,true,0,0.17505066405006298,0,-0.003908667804021659,111425,0,0.17505066458928809,237,0
A4_neutral,-0.46153846153846156,-0.5846153846153846,true,0,0.15262987171389053,0,-0.0035940025561589373,100476,0,0.1526298701171349,211,0
A4_neutral,-0.4,-0.5846153846153846,true,0,0.13030131950038415,0,-0.003251679104252281,111375,0,0.13030132004839445,188,0
A4_neutral,-0.3384615384615385,-0.5846153846153846,true,0,0.10828072180601422,0,-0.0028778841055996374,71630,0,0.10828072185298787,153,0
A4_neutral,-0.27692307692307694,-0.5846153846153846,true,0,0.08676630296721799,0,-0.0024680696272507685,63675,0,0.08676630337840552,140,0
A4_neutral,-0.2153846153846154,-0.5846153846153846,true,0,0.06592910251562178,0,-0.0020167673632489613,47756,0,0.06592910241095862,104,0
A4_neutral,-0.15384615384615385,-0.5846153846153846,true,0,0.04590669205611009,0,-0.0015173434847433054,31839,0,0.045906692746594646,72,0
A4_neutral,-0.09230769230769231,-0.5846153846153846,true,0,0.026800633689805675,0,-0.0009616707531268087,28969,0,0.026800634370241605,67,0
A4_neutral,-0.03076923076923077,-0.5846153846153846,true,0,0.008677254950052893,0,-0.0003396833907423069,7079,0,0.00867725547073328,19,0
A4_neutral,0.03076923076923077,-0.5846153846153846,true,0,-0.008429063423195382,0,0.0003612372750407822,7212,0,-0.0084290628225685,28,0
A4_neutral,0.09230769230769231,-0.5846153846153846,true,0,-0.024511079417965487,0,0.0011571264891888644,28859,0,-0.024511078652979412,74,0
A4_neutral,0.15384615384615385,-0.5846153846153846,true,0,-0.03958325974611987,0,0.002068675599516512,31840,0,-0.03958325901116044,73,0
A4_neutral,0.2153846153846154,-0.5846153846153846,true,0,-0.05367641706066628,0,0.003123053043148749,47754,0,-0.053676418088971056,102,0
A4_neutral,0.27692307692307694,-0.5846153846153846,true,0,-0.06683287159694529,0,0.004356651710575865,63669,0,-0.06683287102116342,135,0
A4_neutral,0.3384615384615385,-0.5846153846153846,true,0,-0.07910233164105507,0,0.005819362847224618,71625,0,-0.07910233147304102,149,0
A4_neutral,0.4,-0.5846153846153846,true,0,-0.09053861903272464,0,0.0075814657467595525,111352,0,-0.09053861836629085,168,0
A4_neutral,0.46153846153846156,-0.5846153846153846,true,0,-0.10119713261339647,0,0.00974521010114826,100500,0,-0.10119713230792193,209,0
A4_neutral,0.5230769230769231,-0.5846153846153846,true,0,-0.11113300701586204,0,0.012465289450913186,111424,0,-0.11113300623618239,240,0
A4_neutral,0.5846153846153846,-0.5846153846153846,true,0,-0.12039981184311777,0,0.0159873137223423,127334,0,-0.12039981343453743,266,0
A4_neutral,0.6461538461538462,-0.5846153846153846,true,0,-0.12904871710174626,0,0.020725836192560854,127331,0,-0.12904871632686032,261,0
A4_neutral,0.7076923076923077,-0.5846153846153846,true,0,-0.13712795081270568,0,0.027438898187826966,175076,0,-0.13712795129948852,356,0
A4_neutral,0.7692307692307693,-0.5846153846153846,true,0,-0.14468256243714817,0,0.03767311425079589,172358,0,-0.14468256141021185,355,0
A4_neutral,0.8307692307692308,-0.5846153846153846,true,0,-0.15175430545178248,-1,NaN,200001,0,-0.15175430615687313,420,0
A4_neutral,0.8923076923076924,-0.5846153846153846,true,2,1.8416183015056122,2,2.0912071383998923,191310,2,1.8416183066620517,464,0
A4_neutral,0.9538461538461539,-0.5846153846153846,true,2,1.835399902411282,-1,NaN,200001,2,1.8353999084664172,564,0
A4_neutral,1.0153846153846153,-0.5846153846153846,false,64,63.82955808118474,-1,NaN,200001,64,63.829558107321894,759,0
A4_neutral,1.0769230769230769,-0.5846153846153846,false,64,63.82406331313219,-1,NaN,200001,64,63.82406329723473,579,0
A4_neutral,1.1384615384615384,-0.5846153846153846,false,64,63.81888831109732,-1,NaN,200001,64,63.81888845473268,488,0
A4_neutral,1.2,-0.5846153846153846,false,64,63.81400855814067,-1,NaN,200001,64,63.81400893327109,432,0
A4_neutral,-1.2,-0.5230769230769231,false,64,64.37988290463971,-1,NaN,200001,64,64.37988310161386,449,0
A4_neutral,-1.1384615384615384,-0.5230769230769231,false,64,64.3659488019637,-1,NaN,200001,64,64.36594894008715,497,0
A4_neutral,-1.0769230769230769,-0.5230769230769231,false,64,64.35104218913895,-1,NaN,200001,64,64.35104211927656,610,0
A4_neutral,-1.0153846153846153,-0.5230769230769231,false,64,64.33512964457316,-1,NaN,200001,64,64.33512959407767,715,0
A4_neutral,-0.9538461538461539,-0.5230769230769231,true,2,2.3181938104985944,-1,NaN,200001,2,2.3181938160972573,584,0
A4_neutral,-0.8923076923076924,-0.5230769230769231,true,2,2.3002380299862333,2,1.9946330915429606,191060,2,2.300238034092183,430,0
A4_neutral,-0.8307692307692308,-0.5230769230769231,true,2,2.281291745641485,-1,NaN,200001,2,2.281291754310807,440,0
A4_neutral,-0.7692307692307693,-0.5230769230769231,true,2,2.2614157100143997,2,1.9950515472578978,172176,2,2.2614157096930665,357,0
A4_neutral,-0.7076923076923077,-0.5230769230769231,true,2,2.240705467232089,2,1.995283393330783,175079,2,2.2407054660988357,355,0
A4_neutral,-0.6461538461538462,-0.5230769230769231,true,2,2.219292682041827,2,1.995532572530272,127333,2,2.2192926856185857,262,0
A4_neutral,-0.5846153846153846,-0.5230769230769231,true,2,2.1973431744575787,2,1.9958011037664531,127341,2,2.197343173517945,270,0
A4_neutral,-0.5230769230769231,-0.5230769230769231,true,1,1.1750512265787245,2,1.9960913320970857,111542,2,2.1750512243159164,354,0
A4_neutral,-0.46153846153846156,-0.5230769230769231,true,0,0.15263043279596678,0,-0.003594002655065598,100428,0,0.15263043030580603,212,0
A4_neutral,-0.4,-0.5230769230769231,true,0,0.1303018747711181,0,-0.003251679203157165,111422,0,0.1303018751856706,235,0
A4_neutral,-0.3384615384615385,-0.5230769230769231,true,0,0.10828126668065374,0,-0.00287788420452606,71635,0,0.10828126671806215,158,0
A4_neutral,-0.27692307692307694,-0.5230769230769231,true,0,0.08676683280584607,0,-0.002468069726177413,63676,0,0.08676683332158419,141,0
A4_neutral,-0.2153846153846154,-0.5230769230769231,true,0,0.0659296138810278,0,-0.0020167674621573983,47418,0,0.06592961355628124,107,0
A4_neutral,-0.15384615384615385,-0.5230769230769231,true,0,0.04590718097388258,0,-0.001517343583664843,31845,0,0.04590718210175426,78,0
A4_neutral,-0.09230769230769231,-0.5230769230769231,true,0,0.02680109908546935,0,-0.00096167085205634,28949,0,0.026801099845901954,69,0
A4_neutral,-0.03076923076923077,-0.5230769230769231,true,0,0.0086776953839387,0,-0.0003396834896824963,6976,0,0.008677695825692888,27,0
A4_neutral,0.03076923076923077,-0.5230769230769231,true,0,-0.008428648552756046,0,0.00036123717609493067,7122,0,-0.008428648086599821,21,0
A4_neutral,0.09230769230769231,-0.5230769230769231,true,0,-0.0245106899683738,0,0.0011571263902394602,29031,0,-0.024510689422736043,41,0
A4_neutral,0.15384615384615385,-0.5230769230769231,true,0,-0.03958289575472618,0,0.0020686755005613344,31841,0,-0.03958289469909371,74,0
A4_neutral,0.2153846153846154,-0.5230769230769231,true,0,-0.05367607702349164,0,0.0031230529441473864,47754,0,-0.05367607776221339,102,0
A4_neutral,0.27692307692307694,-0.5230769230769231,true,0,-0.06683255400698784,0,0.004356651611548412,63672,0,-0.06683255351395023,138,0
A4_neutral,0.3384615384615385,-0.5230769230769231,true,0,-0.07910203538403904,0,0.005819362748206158,71626,0,-0.07910203547915873,150,0
A4_neutral,0.4,-0.5230769230769231,true,0,-0.09053834303809083,0,0.007581465647716001,111331,0,-0.0905383425114823,158,0
A4_neutral,0.46153846153846156,-0.5230769230769231,true,0,-0.1011968751229082,0,0.009745210002043314,100422,0,-0.10119687520407039,209,0
A4_neutral,0.5230769230769231,-0.5230769230769231,true,0,-0.11113276724794896,0,0.012465289351724529,111420,0,-0.11113276652008919,236,0
A4_neutral,0.5846153846153846,-0.5230769230769231,true,0,-0.12039958947519147,0,0.015987313623077037,127332,0,-0.12039958979424004,264,0
A4_neutral,0.6461538461538462,-0.5230769230769231,true,0,-0.12904850503221166,0,0.020725836093142158,127333,0,-0.129048507518307,265,0
A4_neutral,0.7076923076923077,-0.5230769230769231,true,0,-0.13712775539195698,0,0.02743889808814104,175075,0,-0.1371277561559936,355,0
A4_neutral,0.7692307692307693,-0.5230769230769231,true,0,-0.14468237926063554,0,0.037673114150621245,172444,0,-0.1446823788466607,374,0
A4_neutral,0.8307692307692308,-0.5230769230769231,true,0,-0.15175413547504646,-1,NaN,200001,0,-0.1517541351702547,451,0
A4_neutral,0.8923076923076924,-0.5230769230769231,true,2,1.8416184603273438,2,2.0912071382954833,191067,2,1.8416184669946025,467,0
A4_neutral,0.9538461538461539,-0.5230769230769231,true,2,1.8354000538602597,-1,NaN,200001,2,1.8354000589911532,585,0
A4_neutral,1.0153846153846153,-0.5230769230769231,false,64,63.82955812080926,-1,NaN,200001,64,63.82955824881301,692,0
A4_neutral,1.0769230769230769,-0.5230769230769231,false,64,63.8240634376678,-1,NaN,200001,64,63.82406343039916,580,0
A4_neutral,1.1384615384615384,-0.5230769230769231,false,64,63.81888852407973,-1,NaN,200001,64,63.818888580215464,471,0
A4_neutral,1.2,-0.5230769230769231,false,64,63.81401086056061,-1,NaN,200001,64,63.814009051660406,454,0
A4_neutral,-1.2,-0.46153846153846156,false,64,64.37988341453739,-1,NaN,200001,64,64.3798834380811,455,0
A4_neutral,-1.1384615384615384,-0.46153846153846156,false,64,64.365949434264,-1,NaN,200001,64,64.36594930035906,473,0
A4_neutral,-1.0769230769230769,-0.46153846153846156,false,64,64.35104244344447,-1,NaN,200001,64,64.35104250433214,577,0
A4_neutral,-1.0153846153846153,-0.46153846153846156,false,64,64.33512991734901,-1,NaN,200001,64,64.33513000457046,738,0
A4_neutral,-0.9538461538461539,-0.46153846153846156,true,2,2.3181942492504364,-1,NaN,200001,2,2.318194252228916,547,0
A4_neutral,-0.8923076923076924,-0.46153846153846156,true,2,2.3002384928605677,2,1.9946330914666413,191053,2,2.3002384954756208,446,0
A4_neutral,-0.8307692307692308,-0.46153846153846156,true,2,2.281292232539707,-1,NaN,200001,2,2.281292239836712,424,0
A4_neutral,-0.7692307692307693,-0.46153846153846156,true,2,2.261416217529982,2,1.9950515471815926,172161,2,2.2614162174186743,345,0
A4_neutral,-0.7076923076923077,-0.46153846153846156,true,2,2.2407059942489007,2,1.9952833932545122,175073,2,2.2407059931829956,349,0
A4_neutral,-0.6461538461538462,-0.46153846153846156,true,2,2.2192932246511887,2,1.9955325724539412,127336,2,2.2192932283272873,265,0
A4_neutral,-0.5846153846153846,-0.46153846153846156,true,2,2.197343729868862,2,1.9958011036901728,127335,2,2.1973437273185716,264,0
A4_neutral,-0.5230769230769231,-0.46153846153846156,true,2,2.17505178425,2,1.9960913320207774,111418,2,2.1750517840650656,230,0
A4_neutral,-0.46153846153846156,-0.46153846153846156,true,1,1.1526309904880794,2,1.9964059972686181,100609,2,2.152630990517136,322,0
A4_neutral,-0.4,-0.46153846153846156,true,0,0.1303024299083384,0,-0.003251679279484998,111313,0,0.13030243034574285,170,0
A4_neutral,-0.3384615384615385,-0.46153846153846156,true,0,0.10828181182084096,0,-0.0028778842808530047,71637,0,0.1082818116060531,160,0
A4_neutral,-0.27692307692307694,-0.46153846153846156,true,0,0.0867673631178495,0,-0.002468069802494144,63681,0,0.08676736328778767,146,0
A4_neutral,-0.2153846153846154,-0.46153846153846156,true,0,0.06593012605470783,0,-0.0020167675384759054,47415,0,0.06593012472471516,107,0
A4_neutral,-0.15384615384615385,-0.46153846153846156,true,0,0.0459076708806877,0,-0.00151734365999312,31845,0,0.04590767148009001,78,0
A4_neutral,-0.09230769230769231,-0.46153846153846156,true,0,0.026801564994546778,0,-0.0009616709283872815,29566,0,0.026801565344778844,53,0
A4_neutral,-0.03076923076923077,-0.46153846153846156,true,0,0.008678135784536467,0,-0.00033968356602787075,7119,0,0.008678136203889797,29,0
A4_neutral,0.03076923076923077,-0.46153846153846156,true,0,-0.008428233607509439,0,0.00036123709973989726,7168,0,-0.008428233327388845,30,0
A4_neutral,0.09230769230769231,-0.46153846153846156,true,0,-0.02451030064037596,0,0.0011571263138613341,28803,0,-0.02451030016926059,78,0
A4_neutral,0.15384615384615385,-0.46153846153846156,true,0,-0.0395825309793143,0,0.0020686754241835414,31843,0,-0.039582530363814206,76,0
A4_neutral,0.2153846153846154,-0.46153846153846156,true,0,-0.05367573742763909,0,0.0031230528677616,47547,0,-0.053675737412270275,104,0
A4_neutral,0.27692307692307694,-0.46153846153846156,true,0,-0.06683223610728128,0,0.004356651535154521,63670,0,-0.06683223598358157,136,0
A4_neutral,0.3384615384615385,-0.46153846153846156,true,0,-0.07910173933064812,0,0.005819362671743766,71627,0,-0.07910173946215648,151,0
A4_neutral,0.4,-0.46153846153846156,true,0,-0.09053806721856117,0,0.007581465571259494,111415,0,-0.09053806663358444,231,0
A4_neutral,0.46153846153846156,-0.46153846153846156,true,0,-0.10119661418778825,0,0.00974520992552308,100469,0,-0.10119661807716485,211,0
A4_neutral,0.5230769230769231,-0.46153846153846156,true,0,-0.11113252734416479,0,0.012465289275152891,111415,0,-0.11113252678097685,231,0
A4_neutral,0.5846153846153846,-0.46153846153846156,true,0,-0.12039936683958152,0,0.015987313546392823,127330,0,-0.12039936613095348,262,0
A4_neutral,0.6461538461538462,-0.46153846153846156,true,0,-0.12904829650341587,0,0.020725836016287413,127337,0,-0.12904829868679712,267,0
A4_neutral,0.7076923076923077,-0.46153846153846156,true,0,-0.13712756016582994,0,0.027438898011051926,175077,0,-0.13712756098957013,357,0
A4_neutral,0.7692307692307693,-0.46153846153846156,true,0,-0.14468219716955621,0,0.03767311407303542,172161,0,-0.14468219626020629,356,0
A4_neutral,0.8307692307692308,-0.46153846153846156,true,0,-0.15175396335907299,-1,NaN,200001,0,-0.15175396416075526,419,0
A4_neutral,0.8923076923076924,-0.46153846153846156,true,2,1.8416186240855876,2,2.0912071382137176,191095,2,1.841618627350007,461,0
A4_neutral,0.9538461538461539,-0.46153846153846156,true,2,1.83540020280851,-1,NaN,200001,2,1.8354002095387236,603,0
A4_neutral,1.0153846153846153,-0.46153846153846156,false,64,63.82955844138338,-1,NaN,200001,64,63.82955839032688,728,0
A4_neutral,1.0769230769230769,-0.46153846153846156,false,64,63.8240636698073,-1,NaN,200001,64,63.82406356358636,571,0
A4_neutral,1.1384615384615384,-0.46153846153846156,false,64,63.81888861264225,-1,NaN,200001,64,63.81888870572098,468,0
A4_neutral,1.2,-0.46153846153846156,false,64,63.81400892182653,-1,NaN,200001,64,63.814009170072374,447,0
A4_neutral,-1.2,-0.4,false,64,64.37988358560938,-1,NaN,200001,64,64.3798837745633,437,0
A4_neutral,-1.1384615384615384,-0.4,false,64,64.36594936754769,-1,NaN,200001,64,64.36594966064604,475,0
A4_neutral,-1.0769230769230769,-0.4,false,64,64.35104283680553,-1,NaN,200001,64,64.35104288940278,574,0
A4_neutral,-1.0153846153846153,-0.4,false,64,64.33513059320718,-1,NaN,200001,64,64.33513041507832,741,0
A4_neutral,-0.9538461538461539,-0.4,true,2,2.3181946818950476,-1,NaN,200001,2,2.3181946883755824,541,0
A4_neutral,-0.8923076923076924,-0.4,true,2,2.300238955317389,2,1.9946330914059969,191027,2,2.300238956874084,420,0
A4_neutral,-0.8307692307692308,-0.4,true,2,2.2812927160705456,-1,NaN,200001,2,2.2812927253776794,426,0
A4_neutral,-0.7692307692307693,-0.4,true,2,2.261416723248089,2,1.9950515471209123,172538,2,2.2614167251594104,348,0
A4_neutral,-0.7076923076923077,-0.4,true,2,2.240706521306749,2,1.9952833931938485,175074,2,2.2407065202823606,350,0
A4_neutral,-0.6461538461538462,-0.4,true,2,2.219293767469429,2,1.9955325723932988,127329,2,2.2192937710512983,258,0
A4_neutral,-0.5846153846153846,-0.4,true,2,2.197344281739433,2,1.9958011036295176,127338,2,2.1973442811346287,267,0
A4_neutral,-0.5230769230769231,-0.4,true,2,2.175052344041961,2,1.9960913319601263,111423,2,2.175052343829779,235,0
A4_neutral,-0.46153846153846156,-0.4,true,2,2.15263155317747,2,1.996405997207935,100457,2,2.1526315507441716,213,0
A4_neutral,-0.4,-0.4,true,1,1.130302986496831,2,1.996748320659866,111538,2,2.130302985521654,351,0
A4_neutral,-0.3384615384615385,-0.4,true,0,0.10828235663943331,0,-0.0028778843415246946,71636,0,0.10828235651000984,159,0
A4_neutral,-0.27692307692307694,-0.4,true,0,0.08676789297919307,0,-0.002468069863167166,63679,0,0.08676789327006407,144,0
A4_neutral,-0.2153846153846154,-0.4,true,0,0.06593063703493018,0,-0.0020167675991649148,47498,0,0.06593063590930637,108,0
A4_neutral,-0.15384615384615385,-0.4,true,0,0.04590816014742616,0,-0.0015173437206821294,31846,0,0.04590816087464655,79,0
A4_neutral,-0.09230769230769231,-0.4,true,0,0.026802030453829007,0,-0.0009616709890998276,29282,0,0.02680203085991817,46,0
A4_neutral,-0.03076923076923077,-0.4,true,0,0.008678576298288276,0,-0.0003396836267290926,7387,0,0.008678576598370236,32,0
A4_neutral,0.03076923076923077,-0.4,true,0,-0.008427818847971169,0,0.0003612370390361219,7112,0,-0.008427818551889787,25,0
A4_neutral,0.09230769230769231,-0.4,true,0,-0.024509911335611756,0,0.0011571262531542281,29155,0,-0.024509910899505716,70,0
A4_neutral,0.15384615384615385,-0.4,true,0,-0.03958216654707658,0,0.0020686753634420185,31842,0,-0.03958216601227593,75,0
A4_neutral,0.2153846153846154,-0.4,true,0,-0.05367539581772518,0,0.0031230528070141927,47759,0,-0.05367539704609525,109,0
A4_neutral,0.27692307692307694,-0.4,true,0,-0.06683191876902606,0,0.004356651474396456,63666,0,-0.06683191843701008,132,0
A4_neutral,0.3384615384615385,-0.4,true,0,-0.07910144317548284,0,0.005819362610965273,71627,0,-0.0791014434289854,151,0
A4_neutral,0.4,-0.4,true,0,-0.09053779115386562,0,0.007581465510413721,110814,0,-0.09053779073955481,161,0
A4_neutral,0.46153846153846156,-0.4,true,0,-0.10119636094712026,0,0.009745209864644222,100461,0,-0.1011963609341624,210,0
A4_neutral,0.5230769230769231,-0.4,true,0,-0.11113228748544612,0,0.012465289214222963,111415,0,-0.11113228702579869,231,0
A4_neutral,0.5846153846153846,-0.4,true,0,-0.12039914313404698,0,0.015987313485344767,127337,0,-0.12039914245163641,269,0
A4_neutral,0.6461538461538462,-0.4,true,0,-0.12904808973148896,0,0.02072583595510047,127341,0,-0.12904808983928406,273,0
A4_neutral,0.7076923076923077,-0.4,true,0,-0.13712736461539876,0,0.027438897949620955,175074,0,-0.1371273658071721,354,0
A4_neutral,0.7692307692307693,-0.4,true,0,-0.14468201394134939,0,0.03767311401112927,172191,0,-0.1446820136578033,366,0
A4_neutral,0.8307692307692308,-0.4,true,0,-0.15175379231865382,-1,NaN,200001,0,-0.15175379313533277,433,0
A4_neutral,0.8923076923076924,-0.4,true,2,1.8416187827037498,2,2.0912071381475763,191013,2,1.8416187877213148,409,0
A4_neutral,0.9538461538461539,-0.4,true,2,1.8354003564572123,-1,NaN,200001,2,1.8354003601021769,581,0
A4_neutral,1.0153846153846153,-0.4,false,64,63.829558594077426,-1,NaN,200001,64,63.82955853185663,772,0
A4_neutral,1.0769230769230769,-0.4,false,64,63.82406377681422,-1,NaN,200001,64,63.82406369678936,575,0
A4_neutral,1.1384615384615384,-0.4,false,64,63.81888880467464,-1,NaN,200001,64,63.818888831242404,492,0
A4_neutral,1.2,-0.4,false,64,63.81400919087664,-1,NaN,200001,64,63.81400928850033,431,0
A4_neutral,-1.2,-0.3384615384615385,false,64,64.37988395479613,-1,NaN,200001,64,64.37988411105621,442,0
A4_neutral,-1.1384615384615384,-0.3384615384615385,false,64,64.36594993412103,-1,NaN,200001,64,64.36595002094369,467,0
A4_neutral,-1.0769230769230769,-0.3384615384615385,false,64,64.35104331109589,-1,NaN,200001,64,64.351043274484,599,0
A4_neutral,-1.0153846153846153,-0.3384615384615385,false,64,64.33513073976067,-1,NaN,200001,64,64.33513082559674,730,0
A4_neutral,-0.9538461538461539,-0.3384615384615385,true,2,2.318195120187391,-1,NaN,200001,2,2.318195124532891,594,0
A4_neutral,-0.8923076923076924,-0.3384615384615385,true,2,2.3002394128057944,2,1.9946330913566137,191249,2,2.300239418283208,426,0
A4_neutral,-0.8307692307692308,-0.3384615384615385,true,2,2.281293203662867,-1,NaN,200001,2,2.281293210929344,431,0
A4_neutral,-0.7692307692307693,-0.3384615384615385,true,2,2.261417234235029,2,1.9950515470715433,172241,2,2.261417232910898,352,0
A4_neutral,-0.7076923076923077,-0.3384615384615385,true,2,2.2407070479900053,2,1.995283393144458,175065,2,2.240707047392565,341,0
A4_neutral,-0.6461538461538462,-0.3384615384615385,true,2,2.2192943097284923,2,1.9955325723439252,127335,2,2.2192943137862535,264,0
A4_neutral,-0.5846153846153846,-0.3384615384615385,true,2,2.197344833974694,2,1.9958011035801682,127332,2,2.1973448349617524,261,0
A4_neutral,-0.5230769230769231,-0.3384615384615385,true,2,2.175052902793139,2,1.9960913319107358,111423,2,2.1750529036056907,235,0
A4_neutral,-0.46153846153846156,-0.3384615384615385,true,2,2.15263211824168,2,1.9964059971585428,100461,2,2.1526321109825433,214,0
A4_neutral,-0.4,-0.3384615384615385,true,2,2.1303035407086655,2,1.9967483206104863,111356,2,2.130303540709038,168,0
A4_neutral,-0.3384615384615385,-0.3384615384615385,true,1,1.1082829011676414,2,1.9971221156090968,71761,2,2.1082829014255644,284,0
A4_neutral,-0.27692307692307694,-0.3384615384615385,true,0,0.08676842309623312,0,-0.002468069912568316,63681,0,0.08676842326404421,146,0
A4_neutral,-0.2153846153846154,-0.3384615384615385,true,0,0.06593114837869396,0,-0.0020167676485460806,47563,0,0.06593114710568937,114,0
A4_neutral,-0.15384615384615385,-0.3384615384615385,true,0,0.045908649136053636,0,-0.001517343770091495,31847,0,0.04590865028105773,80,0
A4_neutral,-0.09230769230769231,-0.3384615384615385,true,0,0.026802496320488034,0,-0.0009616710384914295,29706,0,0.026802496386952868,46,0
A4_neutral,-0.03076923076923077,-0.3384615384615385,true,0,0.008679016902657821,0,-0.00033968367613890216,7182,0,0.008679017004768252,29,0
A4_neutral,0.03076923076923077,-0.3384615384615385,true,0,-0.008427404121119197,0,0.0003612369896111023,7069,0,-0.008427403764469599,36,0
A4_neutral,0.09230769230769231,-0.3384615384615385,true,0,-0.024509521654226374,0,0.0011571262037243235,29531,0,-0.024509521617839702,73,0
A4_neutral,0.15384615384615385,-0.3384615384615385,true,0,-0.03958180219007734,0,0.0020686753139951275,31844,0,-0.039581801648844506,77,0
A4_neutral,0.2153846153846154,-0.3384615384615385,true,0,-0.05367505779557047,0,0.0031230527575575318,47479,0,-0.05367505666805328,98,0
A4_neutral,0.27692307692307694,-0.3384615384615385,true,0,-0.0668316010902581,0,0.004356651424886948,63671,0,-0.0668316008786054,137,0
A4_neutral,0.3384615384615385,-0.3384615384615385,true,0,-0.0791011470339309,0,0.0058193625614616495,71626,0,-0.07910114738401264,150,0
A4_neutral,0.4,-0.3384615384615385,true,0,-0.09053751735056736,0,0.0075814654608759025,111414,0,-0.09053751483375927,230,0
A4_neutral,0.46153846153846156,-0.3384615384615385,true,0,-0.10119610249956135,0,0.009745209815055667,100456,0,-0.10119610377942911,209,0
A4_neutral,0.5230769230769231,-0.3384615384615385,true,0,-0.11113204767917217,0,0.012465289164555249,111413,0,-0.11113204725892434,229,0
A4_neutral,0.5846153846153846,-0.3384615384615385,true,0,-0.1203989190055963,0,0.01598731343562987,127335,0,-0.1203989187606529,267,0
A4_neutral,0.6461538461538462,-0.3384615384615385,true,0,-0.12904787921352723,0,0.020725835905173406,127334,0,-0.12904788098013564,266,0
A4_neutral,0.7076923076923077,-0.3384615384615385,true,0,-0.13712716986616802,0,0.027438897899453862,175077,0,-0.13712717061316493,357,0
A4_neutral,0.7692307692307693,-0.3384615384615385,true,0,-0.14468183303897897,0,0.037673113960506655,172463,0,-0.14468183104382026,359,0
A4_neutral,0.8307692307692308,-0.3384615384615385,true,0,-0.15175362070938325,-1,NaN,200001,0,-0.15175362209835308,444,0
A4_neutral,0.8923076923076924,-0.3384615384615385,true,2,1.8416189429735967,2,2.0912071380927673,191040,2,1.8416189481041592,436,0
A4_neutral,0.9538461538461539,-0.3384615384615385,true,2,1.835400506481717,-1,NaN,200001,2,1.8354005106771454,535,0
A4_neutral,1.0153846153846153,-0.3384615384615385,false,64,63.829558644495144,-1,NaN,200001,64,63.82955867339788,742,0
A4_neutral,1.0769230769230769,-0.3384615384615385,false,64,63.82406397210996,-1,NaN,200001,64,63.82406383000396,580,0
A4_neutral,1.1384615384615384,-0.3384615384615385,false,64,63.81888883897165,-1,NaN,200001,64,63.81888895677519,488,0
A4_neutral,1.2,-0.3384615384615385,false,64,63.814009232608825,-1,NaN,200001,64,63.814009406939604,451,0
A4_neutral,-1.2,-0.27692307692307694,false,64,64.37988432850355,-1,NaN,200001,64,64.37988444755702,442,0
A4_neutral,-1.1384615384615384,-0.27692307692307694,false,64,64.36595024912555,-1,NaN,200001,64,64.36595038124915,478,0
A4_neutral,-1.0769230769230769,-0.27692307692307694,false,64,64.35104367445686,-1,NaN,200001,64,64.3510436595731,570,0
A4_neutral,-1.0153846153846153,-0.27692307692307694,false,64,64.33513120743434,-1,NaN,200001,64,64.33513123612303,715,0
A4_neutral,-0.9538461538461539,-0.27692307692307694,true,2,2.318195557132799,-1,NaN,200001,2,2.3181955606979603,542,0
A4_neutral,-0.8923076923076924,-0.27692307692307694,true,2,2.30023987658753,2,1.994633091315675,191531,2,2.3002398797001113,461,0
A4_neutral,-0.8307692307692308,-0.27692307692307694,true,2,2.281293686055597,-1,NaN,200001,2,2.281293696488825,408,0
A4_neutral,-0.7692307692307693,-0.27692307692307694,true,2,2.2614177412290415,2,1.995051547030577,172422,2,2.2614177406702627,351,0
A4_neutral,-0.7076923076923077,-0.27692307692307694,true,2,2.240707575406291,2,1.9952833931034974,175078,2,2.2407075745107283,354,0
A4_neutral,-0.6461538461538462,-0.27692307692307694,true,2,2.2192948530743513,2,1.9955325723029496,127344,2,2.2192948565292703,273,0
A4_neutral,-0.5846153846153846,-0.27692307692307694,true,2,2.197345390481178,2,1.9958011035391816,127335,2,2.1973453887970598,264,0
A4_neutral,-0.5230769230769231,-0.27692307692307694,true,2,2.1750534635996095,2,1.9960913318697606,111421,2,2.175053463389925,233,0
A4_neutral,-0.46153846153846156,-0.27692307692307694,true,2,2.152632674336046,2,1.9964059971175856,100468,2,2.152632671229373,215,0
A4_neutral,-0.4,-0.27692307692307694,true,2,2.1303040958631625,2,1.996748320569484,111124,2,2.130304095905017,170,0
A4_neutral,-0.3384615384615385,-0.27692307692307694,true,2,2.108283446438503,2,1.9971221155681111,71635,2,2.1082834463498363,158,0
A4_neutral,-0.27692307692307694,-0.27692307692307694,true,1,1.0867689528679718,2,1.9975319300464514,63780,2,2.0867689532668514,245,0
A4_neutral,-0.2153846153846154,-0.27692307692307694,true,0,0.06593165816476687,0,-0.0020167676895637143,47474,0,0.06593165831098324,113,0
A4_neutral,-0.15384615384615385,-0.27692307692307694,true,0,0.04590913877192149,0,-0.001517343811101135,31850,0,0.04590913969644306,83,0
A4_neutral,-0.09230769230769231,-0.27692307692307694,true,0,0.02680296169052876,0,-0.0009616710795050665,29138,0,0.026802961923003354,75,0
A4_neutral,-0.03076923076923077,-0.27692307692307694,true,0,0.008679457526816203,0,-0.00033968371715831225,7296,0,0.00867945742020293,34,0
A4_neutral,0.03076923076923077,-0.27692307692307694,true,0,-0.008426989238638383,0,0.0003612369485823663,7116,0,-0.008426988968008198,34,0
A4_neutral,0.09230769230769231,-0.27692307692307694,true,0,-0.02450913268775623,0,0.0011571261626817098,29222,0,-0.02450913232714136,79,0
A4_neutral,0.15384615384615385,-0.27692307692307694,true,0,-0.039581437673242625,0,0.002068675272959286,31850,0,-0.03958143727640118,83,0
A4_neutral,0.2153846153846154,-0.27692307692307694,true,0,-0.05367471569267246,0,0.003123052716489827,47758,0,-0.053674716281024715,108,0
A4_neutral,0.27692307692307694,-0.27692307692307694,true,0,-0.06683128358746626,0,0.00435665138381236,63670,0,-0.06683128331124588,136,0
A4_neutral,0.3384615384615385,-0.27692307692307694,true,0,-0.07910085110083132,0,0.005819362520359417,71627,0,-0.07910085133012146,151,0
A4_neutral,0.4,-0.27692307692307694,true,0,-0.09053724136963104,0,0.007581465419724154,111417,0,-0.09053723891907728,233,0
A4_neutral,0.46153846153846156,-0.27692307692307694,true,0,-0.10119584464704245,0,0.00974520977388027,100484,0,-0.10119584661584291,206,0
A4_neutral,0.5230769230769231,-0.27692307692307694,true,0,-0.11113180784929755,0,0.012465289123309686,111422,0,-0.1111318074832306,238,0
A4_neutral,0.5846153846153846,-0.27692307692307694,true,0,-0.12039869561023764,0,0.01598731339427706,127332,0,-0.12039869506088152,264,0
A4_neutral,0.6461538461538462,-0.27692307692307694,true,0,-0.1290476695916165,0,0.02072583586366572,127332,0,-0.129047672112232,262,0
A4_neutral,0.7076923076923077,-0.27692307692307694,true,0,-0.13712697413101838,0,0.027438897857696487,175076,0,-0.1371269754104325,356,0
A4_neutral,0.7692307692307693,-0.27692307692307694,true,0,-0.14468164899024605,0,0.037673113918272216,172190,0,-0.14468164842113418,355,0
A4_neutral,0.8307692307692308,-0.27692307692307694,true,0,-0.1517534502602007,-1,NaN,200001,0,-0.1517534510526939,440,0
A4_neutral,0.8923076923076924,-0.27692307692307694,true,2,1.8416191074236674,2,2.0912071380462804,191026,2,1.8416191084956592,422,0
A4_neutral,0.9538461538461539,-0.27692307692307694,true,2,1.8354006559008889,-1,NaN,200001,2,1.8354006612607499,609,0
A4_neutral,1.0153846153846153,-0.27692307692307694,false,64,63.82955877242226,-1,NaN,200001,64,63.82955881494777,732,0
A4_neutral,1.0769230769230769,-0.27692307692307694,false,64,63.82406396756341,-1,NaN,200001,64,63.82406396322704,595,0
A4_neutral,1.1384615384615384,-0.27692307692307694,false,64,63.818888934815725,-1,NaN,200001,64,63.818889082316666,469,0
A4_neutral,1.2,-0.27692307692307694,false,64,63.81400947734576,-1,NaN,200001,64,63.814009525387455,448,0
A4_neutral,-1.2,-0.2153846153846154,false,64,64.3798846715831,-1,NaN,200001,64,64.37988478406355,438,0
A4_neutral,-1.1384615384615384,-0.2153846153846154,false,64,64.3659507159947,-1,NaN,200001,64,64.36595074156035,494,0
A4_neutral,-1.0769230769230769,-0.2153846153846154,false,64,64.35104402908325,-1,NaN,200001,64,64.35104404466787,570,0
A4_neutral,-1.0153846153846153,-0.2153846153846154,false,64,64.33513163143071,-1,NaN,200001,64,64.33513164665496,718,0
A4_neutral,-0.9538461538461539,-0.2153846153846154,true,2,2.318195994343382,-1,NaN,200001,2,2.3181959968688144,600,0
A4_neutral,-0.8923076923076924,-0.2153846153846154,true,2,2.3002403369472852,2,1.99463309128113,191269,2,2.3002403411228167,456,0
A4_neutral,-0.8307692307692308,-0.2153846153846154,true,2,2.281294175903064,-1,NaN,200001,2,2.281294182054147,417,0
A4_neutral,-0.7692307692307693,-0.2153846153846154,true,2,2.261418248343399,2,1.9950515469960375,172690,2,2.261418248435531,359,0
A4_neutral,-0.7076923076923077,-0.2153846153846154,true,2,2.2407081023625386,2,1.9952833930689584,175070,2,2.2407081016348753,346,0
A4_neutral,-0.6461538461538462,-0.2153846153846154,true,2,2.219295395505632,2,1.9955325722684,127331,2,2.2192953992783764,260,0
A4_neutral,-0.5846153846153846,-0.2153846153846154,true,2,2.1973459461830744,2,1.9958011035045942,127333,2,2.1973459426385764,262,0
A4_neutral,-0.5230769230769231,-0.2153846153846154,true,2,2.1750540234748748,2,1.9960913318352014,111418,2,2.175054023180498,230,0
A4_neutral,-0.46153846153846156,-0.2153846153846154,true,2,2.152633231639759,2,1.9964059970830204,100461,2,2.152633231482686,208,0
A4_neutral,-0.4,-0.2153846153846154,true,2,2.1303046511256394,2,1.9967483205349374,111387,2,2.1303046511076116,200,0
A4_neutral,-0.3384615384615385,-0.2153846153846154,true,2,2.1082839914002522,2,1.9971221155335281,71634,2,2.1082839912808504,157,0
A4_neutral,-0.27692307692307694,-0.2153846153846154,true,2,2.0867694830086085,2,1.9975319300118775,63680,2,2.086769483276506,145,0
A4_neutral,-0.2153846153846154,-0.2153846153846154,true,1,1.0659321694432666,2,1.9979832322758697,47882,2,2.0659321695232125,230,0
A4_neutral,-0.15384615384615385,-0.2153846153846154,true,0,0.045909632533259526,0,-0.0015173438456743682,31850,0,0.04590962911882812,83,0
A4_neutral,-0.09230769230769231,-0.2153846153846154,true,0,0.02680342745804898,0,-0.0009616711140874035,29590,0,0.02680342746609421,92,0
A4_neutral,-0.03076923076923077,-0.2153846153846154,true,0,0.008679897692855931,0,-0.00033968375175463805,7230,0,0.008679897842698181,31,0
A4_neutral,0.03076923076923077,-0.2153846153846154,true,0,-0.008426574468935799,0,0.0003612369139908145,7147,0,-0.00842657416448156,32,0
A4_neutral,0.09230769230769231,-0.2153846153846154,true,0,-0.02450874341403586,0,0.0011571261280697298,29447,0,-0.02450874302938666,70,0
A4_neutral,0.15384615384615385,-0.2153846153846154,true,0,-0.039581073866765015,0,0.0020686752383193285,31848,0,-0.039581072896921476,81,0
A4_neutral,0.2153846153846154,-0.2153846153846154,true,0,-0.053674375425857956,0,0.003123052681853644,47363,0,-0.05367437588698776,105,0
A4_neutral,0.27692307692307694,-0.2153846153846154,true,0,-0.0668309659874411,0,0.004356651349153751,63674,0,-0.06683096573690794,140,0
A4_neutral,0.3384615384615385,-0.2153846153846154,true,0,-0.07910055439586405,0,0.005819362485668389,71625,0,-0.07910055526928517,149,0
A4_neutral,0.4,-0.2153846153846154,true,0,-0.09053696540173783,0,0.007581465385011477,111415,0,-0.09053696299748615,231,0
A4_neutral,0.46153846153846156,-0.2153846153846154,true,0,-0.10119558925339955,0,0.009745209739098648,100484,0,-0.10119558944538132,211,0
A4_neutral,0.5230769230769231,-0.2153846153846154,true,0,-0.11113156810480596,0,0.012465289088485765,111416,0,-0.11113156770069565,232,0
A4_neutral,0.5846153846153846,-0.2153846153846154,true,0,-0.12039847082526589,0,0.015987313359316246,127341,0,-0.12039847135430226,273,0
A4_neutral,0.6461538461538462,-0.2153846153846154,true,0,-0.12904746328784467,0,0.02072583582861598,127343,0,-0.12904746323754646,273,0
A4_neutral,0.7076923076923077,-0.2153846153846154,true,0,-0.13712677902670434,0,0.027438897822333552,175080,0,-0.1371267802009477,360,0
A4_neutral,0.7692307692307693,-0.2153846153846154,true,0,-0.14468146720103126,0,0.037673113882442544,172402,0,-0.14468146579172414,355,0
A4_neutral,0.8307692307692308,-0.2153846153846154,true,0,-0.15175327952262796,-1,NaN,200001,0,-0.1517532800003356,442,0
A4_neutral,0.8923076923076924,-0.2153846153846154,true,2,1.8416192643055889,2,2.0912071380062667,191078,2,1.8416192688938366,463,0
A4_neutral,0.9538461538461539,-0.2153846153846154,true,2,1.8354008096000922,-1,NaN,200001,2,1.835400811851014,609,0
A4_neutral,1.0153846153846153,-0.2153846153846154,false,64,63.829558970431215,-1,NaN,200001,64,63.829558956504236,754,0
A4_neutral,1.0769230769230769,-0.2153846153846154,false,64,63.82406415494209,-1,NaN,200001,64,63.82406409645683,598,0
A4_neutral,1.1384615384615384,-0.2153846153846154,false,64,63.818889144801034,-1,NaN,200001,64,63.818889207864686,478,0
A4_neutral,1.2,-0.2153846153846154,false,64,63.814009548777136,-1,NaN,200001,64,63.81400964384196,456,0
A4_neutral,-1.2,-0.15384615384615385,false,64,64.3798849922625,-1,NaN,200001,64,64.3798851205747,443,0
A4_neutral,-1.1384615384615384,-0.15384615384615385,false,64,64.36595094066611,-1,NaN,200001,64,64.36595110187605,457,0
A4_neutral,-1.0769230769230769,-0.15384615384615385,false,64,64.35104442010686,-1,NaN,200001,64,64.35104442976709,565,0
A4_neutral,-1.0153846153846153,-0.15384615384615385,false,64,64.33513197903802,-1,NaN,200001,64,64.33513205719142,739,0
A4_neutral,-0.9538461538461539,-0.15384615384615385,true,2,2.318196428557659,-1,NaN,200001,2,2.3181964330440508,604,0
A4_neutral,-0.8923076923076924,-0.15384615384615385,true,2,2.300240799566587,2,1.9946330912515906,190998,2,2.300240802549925,391,0
A4_neutral,-0.8307692307692308,-0.15384615384615385,true,2,2.2812946574996413,-1,NaN,200001,2,2.281294667623909,412,0
A4_neutral,-0.7692307692307693,-0.15384615384615385,true,2,2.26141875616186,2,1.995051546966506,172331,2,2.2614187562052974,339,0
A4_neutral,-0.7076923076923077,-0.15384615384615385,true,2,2.240708629815738,2,1.9952833930394291,175076,2,2.2407086287636018,352,0
A4_neutral,-0.6461538461538462,-0.15384615384615385,true,2,2.219295938500502,2,1.9955325722388586,127342,2,2.2192959420321645,271,0
A4_neutral,-0.5846153846153846,-0.15384615384615385,true,2,2.197346498993445,2,1.9958011034750718,127332,2,2.1973464964849003,261,0
A4_neutral,-0.5230769230769231,-0.15384615384615385,true,2,2.175054583238193,2,1.9960913318056621,111420,2,2.1750545829760144,232,0
A4_neutral,-0.46153846153846156,-0.15384615384615385,true,2,2.1526337937019933,2,1.9964059970534853,100430,2,2.152633791741077,211,0
A4_neutral,-0.4,-0.15384615384615385,true,2,2.1303052064029084,2,1.996748320505389,111419,2,2.1303052063154215,232,0
A4_neutral,-0.3384615384615385,-0.15384615384615385,true,2,2.1082845365577887,2,1.997122115504013,71636,2,2.1082845362172034,159,0
A4_neutral,-0.27692307692307694,-0.15384615384615385,true,2,2.086770014427799,2,1.9975319299823304,63675,2,2.086770013291607,140,0
A4_neutral,-0.2153846153846154,-0.15384615384615385,true,2,2.0659326812168053,2,1.9979832322463205,47403,2,2.065932680740974,114,0
A4_neutral,-0.15384615384615385,-0.15384615384615385,true,1,1.0459101182878578,0,-0.0015173438752165147,31984,0,0.045910118546808376,217,0
A4_neutral,-0.09230769230769231,-0.15384615384615385,true,0,0.026803892744918678,0,-0.0009616711436490899,29353,0,0.026803893014822222,82,0
A4_neutral,-0.03076923076923077,-0.15384615384615385,true,0,0.00868033804714785,0,-0.0003396837813229858,7200,0,0.00868033827085346,37,0
A4_neutral,0.03076923076923077,-0.15384615384615385,true,0,-0.008426159385456877,0,0.00036123688440625745,7215,0,-0.00842615935529123,35,0
A4_neutral,0.09230769230769231,-0.15384615384615385,true,0,-0.024508354214246353,0,0.001157126098481176,29788,0,-0.024508353725978038,85,0
A4_neutral,0.15384615384615385,-0.15384615384615385,true,0,-0.03958070916738521,0,0.0020686752087089033,31849,0,-0.03958070851180695,82,0
A4_neutral,0.2153846153846154,-0.15384615384615385,true,0,-0.05367403550004779,0,0.0031230526522363355,47372,0,-0.053674035487343064,109,0
A4_neutral,0.27692307692307694,-0.15384615384615385,true,0,-0.06683064626491353,0,0.00435665131952323,63671,0,-0.06683064815699313,137,0
A4_neutral,0.3384615384615385,-0.15384615384615385,true,0,-0.07910025882602323,0,0.005819362456004118,71628,0,-0.0791002592029042,152,0
A4_neutral,0.4,-0.15384615384615385,true,0,-0.0905366873449347,0,0.007581465355305239,111414,0,-0.09053668707038631,230,0
A4_neutral,0.46153846153846156,-0.15384615384615385,true,0,-0.10119533204676023,0,0.009745209709336122,100454,0,-0.10119533226944655,212,0
A4_neutral,0.5230769230769231,-0.15384615384615385,true,0,-0.11113132826172745,0,0.012465289058619766,111421,0,-0.11113132791271996,237,0
A4_neutral,0.5846153846153846,-0.15384615384615385,true,0,-0.12039824827559653,0,0.015987313329396735,127340,0,-0.120398247642314,272,0
A4_neutral,0.6461538461538462,-0.15384615384615385,true,0,-0.12904725276510365,0,0.02072583579852627,127334,0,-0.12904725435748565,266,0
A4_neutral,0.7076923076923077,-0.15384615384615385,true,0,-0.13712658404927747,0,0.027438897792042782,175081,0,-0.1371265849861134,361,0
A4_neutral,0.7692307692307693,-0.15384615384615385,true,0,-0.14468128370438715,0,0.037673113851632634,171867,0,-0.14468128315699014,359,0
A4_neutral,0.8307692307692308,-0.15384615384615385,true,0,-0.15175310745520454,-1,NaN,200001,0,-0.15175310894267535,441,0
A4_neutral,0.8923076923076924,-0.15384615384615385,true,2,1.841619424691393,2,2.0912071379712738,191234,2,1.8416194292972936,496,0
A4_neutral,0.9538461538461539,-0.15384615384615385,true,2,1.835400956952392,-1,NaN,200001,2,1.8354009624465333,606,0
A4_neutral,1.0153846153846153,-0.15384615384615385,false,64,63.82955897107686,-1,NaN,200001,64,63.82955909806592,752,0
A4_neutral,1.0769230769230769,-0.15384615384615385,false,64,63.82406424465843,-1,NaN,200001,64,63.824064229691835,579,0
A4_neutral,1.1384615384615384,-0.15384615384615385,false,64,63.818889287597855,-1,NaN,200001,64,63.81888933341795,498,0
A4_neutral,1.2,-0.15384615384615385,false,64,63.81400968162942,-1,NaN,200001,64,63.81400976230166,452,0
A4_neutral,-1.2,-0.09230769230769231,false,64,64.37988528015597,-1,NaN,200001,64,64.37988545708913,443,0
A4_neutral,-1.1384615384615384,-0.09230769230769231,false,64,64.36595132613459,-1,NaN,200001,64,64.36595146219516,469,0
A4_neutral,-1.0769230769230769,-0.09230769230769231,false,64,64.35104470914163,-1,NaN,200001,64,64.35104481486967,572,0
A4_neutral,-1.0153846153846153,-0.09230769230769231,false,64,64.33513244587641,-1,NaN,200001,64,64.33513246773109,751,0
A4_neutral,-0.9538461538461539,-0.09230769230769231,true,2,2.3181968636168064,-1,NaN,200001,2,2.318196869222647,585,0
A4_neutral,-0.8923076923076924,-0.09230769230769231,true,2,2.3002412589022816,2,1.994633091226063,190999,2,2.300241263980411,392,0
A4_neutral,-0.8307692307692308,-0.09230769230769231,true,2,2.281295146715033,-1,NaN,200001,2,2.281295153197088,435,0
A4_neutral,-0.7692307692307693,-0.09230769230769231,true,2,2.2614192638351875,2,1.995051546940993,172300,2,2.2614192639785413,361,0
A4_neutral,-0.7076923076923077,-0.09230769230769231,true,2,2.240709156912419,2,1.9952833930139051,175067,2,2.240709155895889,343,0
A4_neutral,-0.6461538461538462,-0.09230769230769231,true,2,2.2192964810346973,2,1.995532572213334,127337,2,2.219296484789619,266,0
A4_neutral,-0.5846153846153846,-0.09230769230769231,true,2,2.1973470534421704,2,1.995801103449548,127335,2,2.1973470503350088,264,0
A4_neutral,-0.5230769230769231,-0.09230769230769231,true,2,2.175055143127805,2,1.9960913317801228,111425,2,2.175055142775449,237,0
A4_neutral,-0.46153846153846156,-0.09230769230769231,true,2,2.152634352655822,2,1.9964059970279604,100487,2,2.1526343520035276,210,0
A4_neutral,-0.4,-0.09230769230769231,true,2,2.130305761680246,2,1.996748320479857,111420,2,2.130305761527427,233,0
A4_neutral,-0.3384615384615385,-0.09230769230769231,true,2,2.1082850814906164,2,1.997122115478457,71633,2,2.1082850811578755,156,0
A4_neutral,-0.27692307692307694,-0.09230769230769231,true,2,2.086770543242751,2,1.9975319299567802,63676,2,2.0867705433111334,141,0
A4_neutral,-0.2153846153846154,-0.09230769230769231,true,2,2.0659331945753228,2,1.9979832322207705,47556,2,2.0659331919632478,113,0
A4_neutral,-0.15384615384615385,-0.09230769230769231,true,2,2.045910607024575,2,1.9984826560992195,31851,2,2.0459106079793647,84,0
A4_neutral,-0.09230769230769231,-0.09230769230769231,true,1,1.0268043584363464,2,1.9990383288307711,29712,2,2.0268043585681683,192,0
A4_neutral,-0.03076923076923077,-0.09230769230769231,true,0,0.008680778614198359,0,-0.0003396838068896457,7359,0,0.008680778703645586,39,0
A4_neutral,0.03076923076923077,-0.09230769230769231,true,0,-0.008425744683017156,0,0.0003612368588289394,7120,0,-0.008425744541459501,33,0
A4_neutral,0.09230769230769231,-0.09230769230769231,true,0,-0.024507964889449285,0,0.0011571260729011934,29113,0,-0.024507964417938233,81,0
A4_neutral,0.15384615384615385,-0.09230769230769231,true,0,-0.039580344597348605,0,0.0020686751831227035,31847,0,-0.03958034412207945,80,0
A4_neutral,0.2153846153846154,-0.09230769230769231,true,0,-0.05367369355868634,0,0.003123052626617495,47534,0,-0.05367369508311137,108,0
A4_neutral,0.27692307692307694,-0.09230769230769231,true,0,-0.06683033068278221,0,0.00435665129386853,63674,0,-0.06683033057252286,140,0
A4_neutral,0.3384615384615385,-0.09230769230769231,true,0,-0.07909996274507836,0,0.005819362430326547,71631,0,-0.07909996313200418,155,0
A4_neutral,0.4,-0.09230769230769231,true,0,-0.09053641344759567,0,0.007581465329604242,111416,0,-0.09053641113880051,232,0
A4_neutral,0.46153846153846156,-0.09230769230769231,true,0,-0.10119506935231071,0,0.009745209683591716,100477,0,-0.10119507508905978,214,0
A4_neutral,0.5230769230769231,-0.09230769230769231,true,0,-0.11113108841518438,0,0.012465289032822069,111417,0,-0.11113108812032602,233,0
A4_neutral,0.5846153846153846,-0.09230769230769231,true,0,-0.12039802433591862,0,0.015987313303519102,127330,0,-0.12039802392593812,262,0
A4_neutral,0.6461538461538462,-0.09230769230769231,true,0,-0.12904704439015546,0,0.020725835772481993,127334,0,-0.1290470454730679,266,0
A4_neutral,0.7076923076923077,-0.09230769230769231,true,0,-0.13712638845040415,0,0.027438897765710513,175073,0,-0.13712638976694902,353,0
A4_neutral,0.7692307692307693,-0.09230769230769231,true,0,-0.14468110017331703,0,0.03767311382482874,172143,0,-0.14468110051795224,360,0
A4_neutral,0.8307692307692308,-0.09230769230769231,true,0,-0.15175293634673737,-1,NaN,200001,0,-0.1517529378807405,436,0
A4_neutral,0.8923076923076924,-0.09230769230769231,true,2,1.8416195865531844,2,2.091207137940259,191065,2,1.841619589705004,459,0
A4_neutral,0.9538461538461539,-0.09230769230769231,true,2,1.8354011083469488,-1,NaN,200001,2,1.835401113046291,608,0
A4_neutral,1.0153846153846153,-0.09230769230769231,false,64,63.82955927067449,-1,NaN,200001,64,63.82955923963191,741,0
A4_neutral,1.0769230769230769,-0.09230769230769231,false,64,63.824064417113256,-1,NaN,200001,64,63.82406436293098,593,0
A4_neutral,1.1384615384615384,-0.09230769230769231,false,64,63.818889331855566,-1,NaN,200001,64,63.818889458975384,487,0
A4_neutral,1.2,-0.09230769230769231,false,64,63.814009672346614,-1,NaN,200001,64,63.81400988076547,430,0
A4_neutral,-1.2,-0.03076923076923077,false,64,64.3798857347387,-1,NaN,200001,64,64.3798857936062,426,0
A4_neutral,-1.1384615384615384,-0.03076923076923077,false,64,64.36595163861821,-1,NaN,200001,64,64.36595182251679,497,0
A4_neutral,-1.0769230769230769,-0.03076923076923077,false,64,64.35104525002409,-1,NaN,200001,64,64.35104519997492,558,0
A4_neutral,-1.0153846153846153,-0.03076923076923077,false,64,64.33513296374463,-1,NaN,200001,64,64.33513287827347,704,0
A4_neutral,-0.9538461538461539,-0.03076923076923077,true,2,2.318197299183919,-1,NaN,200001,2,2.3181973054038476,575,0
A4_neutral,-0.8923076923076924,-0.03076923076923077,true,2,2.3002417227146212,2,1.994633091203799,191038,2,2.3002417254135183,429,0
A4_neutral,-0.8307692307692308,-0.03076923076923077,true,2,2.281295632994646,-1,NaN,200001,2,2.2812956387729244,400,0
A4_neutral,-0.7692307692307693,-0.03076923076923077,true,2,2.2614197735112036,2,1.9950515469187162,172067,2,2.2614197717545004,344,0
A4_neutral,-0.7076923076923077,-0.03076923076923077,true,2,2.2407096843141625,2,1.9952833929916105,175072,2,2.240709683030974,348,0
A4_neutral,-0.6461538461538462,-0.03076923076923077,true,2,2.2192970251358375,2,1.9955325721910493,127333,2,2.2192970275499717,262,0
A4_neutral,-0.5846153846153846,-0.03076923076923077,true,2,2.1973476069233624,2,1.9958011034272358,127333,2,2.197347604188142,262,0
A4_neutral,-0.5230769230769231,-0.03076923076923077,true,2,2.175055702936635,2,1.996091331757834,111417,2,2.175055702578042,229,0
A4_neutral,-0.46153846153846156,-0.03076923076923077,true,2,2.1526349170666643,2,1.996405997005641,100423,2,2.1526349122692743,204,0
A4_neutral,-0.4,-0.03076923076923077,true,2,2.1303063167179515,2,1.9967483204575625,111018,2,2.1303063167428635,165,0
A4_neutral,-0.3384615384615385,-0.03076923076923077,true,2,2.1082856265232026,2,1.9971221154561438,71633,2,2.1082856261021026,156,0
A4_neutral,-0.27692307692307694,-0.03076923076923077,true,2,2.0867710731856937,2,1.997531929934477,63674,2,2.086771073334325,139,0
A4_neutral,-0.2153846153846154,-0.03076923076923077,true,2,2.0659337033694323,2,1.9979832321984548,47761,2,2.065933703189271,109,0
A4_neutral,-0.15384615384615385,-0.03076923076923077,true,2,2.04591109662714,2,1.9984826560769051,31850,2,2.045911097415733,83,0
A4_neutral,-0.09230769230769231,-0.03076923076923077,true,2,2.02680482387489,2,1.9990383288084639,29005,2,2.026804824125367,84,0
A4_neutral,-0.03076923076923077,-0.03076923076923077,true,1,1.008681219029912,2,1.9996603161707784,7267,2,2.0086812191403136,148,0
A4_neutral,0.03076923076923077,-0.03076923076923077,true,0,-0.008425329954119709,0,0.0003612368364865892,7175,0,-0.008425329723747987,37,0
A4_neutral,0.09230769230769231,-0.03076923076923077,true,0,-0.02450757513625823,0,0.0011571260505365277,29141,0,-0.02450757510602597,88,0
A4_neutral,0.15384615384615385,-0.03076923076923077,true,0,-0.03957998084296821,0,0.0020686751607814635,31849,0,-0.03957997972850147,82,0
A4_neutral,0.2153846153846154,-0.03076923076923077,true,0,-0.053673353186998174,0,0.0031230526042379525,47553,0,-0.053673354675055185,108,0
A4_neutral,0.27692307692307694,-0.03076923076923077,true,0,-0.06683001303808567,0,0.004356651271467671,63676,0,-0.06683001298426094,142,0
A4_neutral,0.3384615384615385,-0.03076923076923077,true,0,-0.0790996665399899,0,0.005819362407916917,71632,0,-0.0790996670573425,156,0
A4_neutral,0.4,-0.03076923076923077,true,0,-0.09053613540642846,0,0.007581465307136659,111147,0,-0.0905361352034888,166,0
A4_neutral,0.46153846153846156,-0.03076923076923077,true,0,-0.1011948161843288,0,0.009745209661103371,100434,0,-0.10119481790498286,208,0
A4_neutral,0.5230769230769231,-0.03076923076923077,true,0,-0.11113084865568879,0,0.012465289010268,111414,0,-0.11113084832427522,230,0
A4_neutral,0.5846153846153846,-0.03076923076923077,true,0,-0.12039780089541985,0,0.01598731328084113,127330,0,-0.12039780020594026,262,0
A4_neutral,0.6461538461538462,-0.03076923076923077,true,0,-0.12904683474650236,0,0.020725835749665467,127325,0,-0.129046836585055,255,0
A4_neutral,0.7076923076923077,-0.03076923076923077,true,0,-0.13712619369936085,0,0.027438897742662394,175084,0,-0.13712619454422148,364,0
A4_neutral,0.7692307692307693,-0.03076923076923077,true,0,-0.14468091812828976,0,0.03767311380126748,172110,0,-0.14468091787537563,379,0
A4_neutral,0.8307692307692308,-0.03076923076923077,true,0,-0.15175276644308822,-1,NaN,200001,0,-0.15175276681528604,399,0
A4_neutral,0.8923076923076924,-0.03076923076923077,true,0,-0.15838024854860278,0,0.09120713791249435,191044,0,-0.15838024988379007,440,0
A4_neutral,0.9538461538461539,-0.03076923076923077,true,2,1.83540125960105,-1,NaN,200001,2,1.835401263649521,539,0
A4_neutral,1.0153846153846153,-0.03076923076923077,false,64,63.829559304280174,-1,NaN,200001,64,63.829559381201314,789,0
A4_neutral,1.0769230769230769,-0.03076923076923077,false,64,63.82406456997686,-1,NaN,200001,64,63.824064496173555,576,0
A4_neutral,1.1384615384615384,-0.03076923076923077,false,64,63.81888943500967,-1,NaN,200001,64,63.81888958453626,488,0
A4_neutral,1.2,-0.03076923076923077,false,64,63.81400983024773,-1,NaN,200001,64,63.81400999923268,442,0
A4_neutral,-1.2,0.03076923076923077,false,64,64.37988592677291,-1,NaN,200001,64,64.37988613012544,452,0
A4_neutral,-1.1384615384615384,0.03076923076923077,false,64,64.36595238021022,-1,NaN,200001,64,64.3659521828406,481,0
A4_neutral,-1.0769230769230769,0.03076923076923077,false,64,64.35104555651546,-1,NaN,200001,64,64.35104558508212,555,0
A4_neutral,-1.0153846153846153,0.03076923076923077,false,64,64.33513318854942,-1,NaN,200001,64,64.33513328881793,719,0
A4_neutral,-0.9538461538461539,0.03076923076923077,true,2,2.318197739736158,-1,NaN,200001,2,2.318197741587067,577,0
A4_neutral,-0.8923076923076924,0.03076923076923077,true,2,2.300242185305466,2,1.994633091184126,191014,2,2.300242186848658,407,0
A4_neutral,-0.8307692307692308,0.03076923076923077,true,2,2.2812961158251106,-1,NaN,200001,2,2.281296124350835,427,0
A4_neutral,-0.7692307692307693,0.03076923076923077,true,2,2.261420279350606,2,1.9950515468990706,172139,2,2.2614202795325937,351,0
A4_neutral,-0.7076923076923077,0.03076923076923077,true,2,2.2407102113646156,2,1.9952833929719707,175076,2,2.2407102101682765,352,0
A4_neutral,-0.6461538461538462,0.03076923076923077,true,2,2.2192975669310226,2,1.9955325721714172,127331,2,2.219297570312649,260,0
A4_neutral,-0.5846153846153846,0.03076923076923077,true,2,2.19734815788384,2,1.995801103407597,127331,2,2.197348158043718,260,0
A4_neutral,-0.5230769230769231,0.03076923076923077,true,2,2.175056262905037,2,1.9960913317381923,111419,2,2.1750562623832135,231,0
A4_neutral,-0.46153846153846156,0.03076923076923077,true,2,2.1526354747654732,2,1.9964059969859886,100446,2,2.152635472537737,205,0
A4_neutral,-0.4,0.03076923076923077,true,2,2.1303068719889753,2,1.9967483204379168,111339,2,2.1303068719611513,159,0
A4_neutral,-0.3384615384615385,0.03076923076923077,true,2,2.108286171481614,2,1.9971221154365146,71631,2,2.108286171049307,154,0
A4_neutral,-0.27692307692307694,0.03076923076923077,true,2,2.0867716046356595,2,1.9975319299148229,63676,2,2.086771603360598,141,0
A4_neutral,-0.2153846153846154,0.03076923076923077,true,2,2.0659342170226647,2,1.9979832321788074,47466,2,2.0659342144184643,107,0
A4_neutral,-0.15384615384615385,0.03076923076923077,true,2,2.0459115873197433,2,1.9984826560572337,31852,2,2.045911586855336,85,0
A4_neutral,-0.09230769230769231,0.03076923076923077,true,2,2.0268052892196877,2,1.9990383287887983,29593,2,2.0268052896858406,72,0
A4_neutral,-0.03076923076923077,0.03076923076923077,true,2,2.0086816593893104,2,1.9996603161511026,7348,2,2.0086816595802777,35,0
A4_neutral,0.03076923076923077,0.03076923076923077,true,1,0.991575085057026,0,0.00036123681680566566,7466,0,-0.00842491490273578,155,0
A4_neutral,0.09230769230769231,0.03076923076923077,true,0,-0.02450718602770885,0,0.0011571260308518294,28763,0,-0.02450718579082456,66,0
A4_neutral,0.15384615384615385,0.03076923076923077,true,0,-0.03957961616300021,0,0.0020686751410532445,31847,0,-0.03957961533165166,80,0
A4_neutral,0.2153846153846154,0.03076923076923077,true,0,-0.05367301371372024,0,0.0031230525845153956,47439,0,-0.053673014263755814,115,0
A4_neutral,0.27692307692307694,0.03076923076923077,true,0,-0.06682969349546997,0,0.004356651251739896,63676,0,-0.0668296953927845,142,0
A4_neutral,0.3384615384615385,0.03076923076923077,true,0,-0.07909936940107953,0,0.005819362388142513,71632,0,-0.07909937097950315,156,0
A4_neutral,0.4,0.03076923076923077,true,0,-0.09053585933099662,0,0.0075814652873968935,111421,0,-0.09053585926503249,237,0
A4_neutral,0.46153846153846156,0.03076923076923077,true,0,-0.10119456063925103,0,0.009745209641234154,100460,0,-0.10119456071779576,215,0
A4_neutral,0.5230769230769231,0.03076923076923077,true,0,-0.11113060880588521,0,0.012465288990352152,111418,0,-0.11113060852514778,234,0
A4_neutral,0.5846153846153846,0.03076923076923077,true,0,-0.12039757684025831,0,0.015987313260835356,127345,0,-0.12039757648289551,277,0
A4_neutral,0.6461538461538462,0.03076923076923077,true,0,-0.12904662203183337,0,0.02072583572952913,127334,0,-0.12904662769402675,264,0
A4_neutral,0.7076923076923077,0.03076923076923077,true,0,-0.13712599791217372,0,0.027438897722213085,175069,0,-0.13712599931850522,349,0
A4_neutral,0.7692307692307693,0.03076923076923077,true,0,-0.14468073651322477,0,0.037673113780374856,172218,0,-0.14468073522983804,361,0
A4_neutral,0.8307692307692308,0.03076923076923077,true,0,-0.15175259552421316,-1,NaN,200001,0,-0.1517525957468966,427,0
A4_neutral,0.8923076923076924,0.03076923076923077,true,0,-0.1583800828870232,0,0.09120713788738055,191285,0,-0.15838008946967053,477,0
A4_neutral,0.9538461538461539,0.03076923076923077,true,2,1.835401411106936,-1,NaN,200001,2,1.835401414255645,617,0
A4_neutral,1.0153846153846153,0.03076923076923077,false,64,63.8295593999751,-1,NaN,200001,64,63.82955952277365,742,0
A4_neutral,1.0769230769230769,0.03076923076923077,false,64,63.82406464790801,-1,NaN,200001,64,63.824064629419,585,0
A4_neutral,1.1384615384615384,0.03076923076923077,false,64,63.818889566576054,-1,NaN,200001,64,63.81888971009993,487,0
A4_neutral,1.2,0.03076923076923077,false,64,63.81401035008784,-1,NaN,200001,64,63.81401011770278,443,0
A4_neutral,-1.2,0.09230769230769231,false,64,64.3798863263778,-1,NaN,200001,64,64.3798864666463,450,0
A4_neutral,-1.1384615384615384,0.09230769230769231,false,64,64.36595252246724,-1,NaN,200001,64,64.3659525431659,470,0
A4_neutral,-1.0769230769230769,0.09230769230769231,false,64,64.35104587122792,-1,NaN,200001,64,64.35104597019092,555,0
A4_neutral,-1.0153846153846153,0.09230769230769231,false,64,64.33513370280573,-1,NaN,200001,64,64.33513369936378,750,0
A4_neutral,-0.9538461538461539,0.09230769230769231,true,2,2.3181981752759846,-1,NaN,200001,2,2.318198177771851,567,0
A4_neutral,-0.8923076923076924,0.09230769230769231,true,2,2.3002426426808777,2,1.994633091166699,191133,2,2.3002426482853915,464,0
A4_neutral,-0.8307692307692308,0.09230769230769231,true,2,2.2812966024665258,-1,NaN,200001,2,2.2812966099303726,402,0
A4_neutral,-0.7692307692307693,0.09230769230769231,true,2,2.261420785452394,2,1.9950515468816423,171905,2,2.2614207873123733,343,0
A4_neutral,-0.7076923076923077,0.09230769230769231,true,2,2.2407107386218383,2,1.9952833929545566,175073,2,2.240710737307347,349,0
A4_neutral,-0.6461538461538462,0.09230769230769231,true,2,2.219298109844326,2,1.995532572154007,127348,2,2.219298113077199,277,0
A4_neutral,-0.5846153846153846,0.09230769230769231,true,2,2.1973487175417445,2,1.995801103390201,127331,2,2.1973487119012898,260,0
A4_neutral,-0.5230769230769231,0.09230769230769231,true,2,2.175056821823806,2,1.9960913317207747,111416,2,2.1750568221905127,228,0
A4_neutral,-0.46153846153846156,0.09230769230769231,true,2,2.1526360376855664,2,1.9964059969685795,100447,2,2.152636032808468,207,0
A4_neutral,-0.4,0.09230769230769231,true,2,2.130307427428991,2,1.9967483204204834,111260,2,2.130307427181843,165,0
A4_neutral,-0.3384615384615385,0.09230769230769231,true,2,2.1082867161851073,2,1.9971221154190975,71630,2,2.1082867159990393,153,0
A4_neutral,-0.27692307692307694,0.09230769230769231,true,2,2.0867721334575755,2,1.9975319298973822,63676,2,2.086772133389508,141,0
A4_neutral,-0.2153846153846154,0.09230769230769231,true,2,2.0659347283022527,2,1.9979832321613444,47435,2,2.065934725650377,108,0
A4_neutral,-0.15384615384615385,0.09230769230769231,true,2,2.045912075859067,2,1.9984826560397977,31847,2,2.0459120762977214,80,0
A4_neutral,-0.09230769230769231,0.09230769230769231,true,2,2.026805754978895,2,1.9990383287713347,29679,2,2.026805755249139,53,0
A4_neutral,-0.03076923076923077,0.09230769230769231,true,2,2.0086820999833805,2,1.999660316133647,6875,2,2.0086821000230874,31,0
A4_neutral,0.03076923076923077,0.09230769230769231,true,2,1.9915754998729396,2,2.000361236799332,6946,2,1.991575499921126,36,0
A4_neutral,0.09230769230769231,0.09230769230769231,true,1,0.9754932034486684,2,2.0011571260133625,29547,2,1.9754932035272184,188,0
A4_neutral,0.15384615384615385,0.09230769230769231,true,0,-0.03957925121090011,0,0.0020686751235517997,31849,0,-0.039579250931980114,82,0
A4_neutral,0.2153846153846154,0.09230769230769231,true,0,-0.05367267340250548,0,0.003123052566998741,47766,0,-0.05367267384966046,116,0
A4_neutral,0.27692307692307694,0.09230769230769231,true,0,-0.06682937784513499,0,0.004356651234202702,63680,0,-0.06682937779854381,146,0
A4_neutral,0.3384615384615385,0.09230769230769231,true,0,-0.0790990743747988,0,0.0058193623705742326,71631,0,-0.07909907489893286,155,0
A4_neutral,0.4,0.09230769230769231,true,0,-0.09053558352011493,0,0.007581465269765886,111422,0,-0.09053558332388101,238,0
A4_neutral,0.46153846153846156,0.09230769230769231,true,0,-0.10119430323102385,0,0.009745209623594375,100496,0,-0.1011943035279479,212,0
A4_neutral,0.5230769230769231,0.09230769230769231,true,0,-0.11113036903095508,0,0.012465288972650646,111420,0,-0.11113036872339288,236,0
A4_neutral,0.5846153846153846,0.09230769230769231,true,0,-0.1203973532248599,0,0.015987313243031154,127334,0,-0.12039735275725638,266,0
A4_neutral,0.6461538461538462,0.09230769230769231,true,0,-0.12904641727980581,0,0.02072583571153075,127343,0,-0.12904641880043366,273,0
A4_neutral,0.7076923076923077,0.09230769230769231,true,0,-0.1371258029507827,0,0.027438897704013976,175079,0,-0.13712580409025366,359,0
A4_neutral,0.7692307692307693,0.09230769230769231,true,0,-0.1446805536152891,0,0.03767311376166438,172074,0,-0.1446805525817909,368,0
A4_neutral,0.8307692307692308,0.09230769230769231,true,0,-0.1517524235401433,-1,NaN,200001,0,-0.15175242467602246,428,0
A4_neutral,0.8923076923076924,0.09230769230769231,true,0,-0.15837992658584032,0,0.09120713786449719,191025,0,-0.15837992905308496,421,0
A4_neutral,0.9538461538461539,0.09230769230769231,true,2,1.835401560607973,-1,NaN,200001,2,1.8354015648642124,580,0
A4_neutral,1.0153846153846153,0.09230769230769231,false,64,63.82955964346256,-1,NaN,200001,64,63.82955966434828,750,0
A4_neutral,1.0769230769230769,0.09230769230769231,false,64,63.82406469655935,-1,NaN,200001,64,63.82406476266686,584,0
A4_neutral,1.1384615384615384,0.09230769230769231,false,64,63.81888968022911,-1,NaN,200001,64,63.8188898356661,499,0
A4_neutral,1.2,0.09230769230769231,false,64,63.81400999799573,-1,NaN,200001,64,63.81401023617524,452,0
A4_neutral,-1.2,0.15384615384615385,false,64,64.37988647345838,-1,NaN,200001,64,64.37988680316838,424,0
A4_neutral,-1.1384615384615384,0.15384615384615385,false,64,64.36595277143206,-1,NaN,200001,64,64.36595290349254,471,0
A4_neutral,-1.0769230769230769,0.15384615384615385,false,64,64.35104637667683,-1,NaN,200001,64,64.351046355301,556,0
A4_neutral,-1.0153846153846153,0.15384615384615385,false,64,64.33513408636696,-1,NaN,200001,64,64.335134109911,729,0
A4_neutral,-0.9538461538461539,0.15384615384615385,true,2,2.3181986102511964,-1,NaN,200001,2,2.318198613957863,555,0
A4_neutral,-0.8923076923076924,0.15384615384615385,true,2,2.3002431056825454,2,1.9946330911511736,191071,2,2.3002431097233567,448,0
A4_neutral,-0.8307692307692308,0.15384615384615385,true,2,2.2812970866291806,-1,NaN,200001,2,2.2812970955111807,408,0
A4_neutral,-0.7692307692307693,0.15384615384615385,true,2,2.2614212948379544,2,1.9950515468660752,172240,2,2.261421295093487,352,0
A4_neutral,-0.7076923076923077,0.15384615384615385,true,2,2.2407112658195567,2,1.9952833929389981,175075,2,2.2407112644478326,351,0
A4_neutral,-0.6461538461538462,0.15384615384615385,true,2,2.219298652807044,2,1.9955325721384138,127340,2,2.2192986558432644,269,0
A4_neutral,-0.5846153846153846,0.15384615384615385,true,2,2.197349269789486,2,1.9958011033746068,127332,2,2.1973492657604994,261,0
A4_neutral,-0.5230769230769231,0.15384615384615385,true,2,2.175057382367092,2,1.9960913317051745,111418,2,2.1750573819995855,230,0
A4_neutral,-0.46153846153846156,0.15384615384615385,true,2,2.152636594923175,2,1.9964059969530092,100463,2,2.152636593081113,206,0
A4_neutral,-0.4,0.15384615384615385,true,2,2.130307982651613,2,1.9967483204049017,111402,2,2.1303079824045827,215,0
A4_neutral,-0.3384615384615385,0.15384615384615385,true,2,2.108287261670932,2,1.9971221154034646,71630,2,2.108287260950944,153,0
A4_neutral,-0.27692307692307694,0.15384615384615385,true,2,2.086772663403195,2,1.9975319298817777,63674,2,2.0867726634206973,139,0
A4_neutral,-0.2153846153846154,0.15384615384615385,true,2,2.0659352395314254,2,1.9979832321457787,47484,2,2.0659352368846573,105,0
A4_neutral,-0.15384615384615385,0.15384615384615385,true,2,2.0459125652261516,2,1.9984826560241808,31848,2,2.045912565742538,81,0
A4_neutral,-0.09230769230769231,0.15384615384615385,true,2,2.0268062205687993,2,1.9990383287557392,29311,2,2.02680622081491,80,0
A4_neutral,-0.03076923076923077,0.15384615384615385,true,2,2.0086825403467348,2,1.999660316118033,7249,2,2.0086825404683903,41,0
A4_neutral,0.03076923076923077,0.15384615384615385,true,2,1.9915759146094554,2,2.000361236783718,6977,2,1.9915759147474859,36,0
A4_neutral,0.09230769230769231,0.15384615384615385,true,2,1.975493592742446,2,2.0011571259977448,29217,2,1.9754935928477502,96,0
A4_neutral,0.15384615384615385,0.15384615384615385,true,1,0.9604211135552593,2,2.002068675107899,31965,2,1.9604211134701588,198,0
A4_neutral,0.2153846153846154,0.15384615384615385,true,0,-0.05367233207724986,0,0.0031230525513403773,47491,0,-0.05367233343312283,114,0
A4_neutral,0.27692307692307694,0.15384615384615385,true,0,-0.06682906028075264,0,0.004356651218536567,63679,0,-0.06682906020189439,145,0
A4_neutral,0.3384615384615385,0.15384615384615385,true,0,-0.07909877763792217,0,0.005819362354885005,71638,0,-0.07909877881598648,162,0
A4_neutral,0.4,0.15384615384615385,true,0,-0.09053530728946524,0,0.007581465254013375,111359,0,-0.09053530738038895,175,0
A4_neutral,0.46153846153846156,0.15384615384615385,true,0,-0.10119404472746774,0,0.00974520960782388,100420,0,-0.10119404633579276,216,0
A4_neutral,0.5230769230769231,0.15384615384615385,true,0,-0.11113012915092924,0,0.012465288956790666,111430,0,-0.11113012891936491,246,0
A4_neutral,0.5846153846153846,0.15384615384615385,true,0,-0.12039712975110417,0,0.01598731322708835,127336,0,-0.12039712902937438,268,0
A4_neutral,0.6461538461538462,0.15384615384615385,true,0,-0.12904620976203085,0,0.020725835695467376,127367,0,-0.1290462099046299,297,0
A4_neutral,0.7076923076923077,0.15384615384615385,true,0,-0.13712560743128765,0,0.027438897687661612,175075,0,-0.1371256088598165,355,0
A4_neutral,0.7692307692307693,0.15384615384615385,true,0,-0.14468037095475883,0,0.03767311374485316,172227,0,-0.14468036993158417,364,0
A4_neutral,0.8307692307692308,0.15384615384615385,true,0,-0.15175225308441465,-1,NaN,200001,0,-0.1517522536030116,446,0
A4_neutral,0.8923076923076924,0.15384615384615385,true,0,-0.1583797671113536,0,0.09120713784348145,191098,0,-0.15837976863438774,463,0
A4_neutral,0.9538461538461539,0.15384615384615385,true,2,1.8354017101580251,-1,NaN,200001,2,1.8354017154748703,534,0
A4_neutral,1.0153846153846153,0.15384615384615385,false,64,63.829559728075886,-1,NaN,200001,64,63.8295598059252,758,0
A4_neutral,1.0769230769230769,0.15384615384615385,false,64,63.82406479984517,-1,NaN,200001,64,63.82406489591694,592,0
A4_neutral,1.1384615384615384,0.15384615384615385,false,64,63.818889777279786,-1,NaN,200001,64,63.81888996123418,495,0
A4_neutral,1.2,0.15384615384615385,false,64,63.81401009600218,-1,NaN,200001,64,63.814010354649746,434,0
A4_neutral,-1.2,0.2153846153846154,false,64,64.37988681757753,-1,NaN,200001,64,64.37988713969148,430,0
A4_neutral,-1.1384615384615384,0.2153846153846154,false,64,64.36595327126702,-1,NaN,200001,64,64.36595326382,491,0
A4_neutral,-1.0769230769230769,0.2153846153846154,false,64,64.35104680128313,-1,NaN,200001,64,64.35104674041187,582,0
A4_neutral,-1.0153846153846153,0.2153846153846154,false,64,64.3351344465017,-1,NaN,200001,64,64.33513452045906,746,0
A4_neutral,-0.9538461538461539,0.2153846153846154,true,2,2.318199047112709,-1,NaN,200001,2,2.3181990501447984,541,0
A4_neutral,-0.8923076923076924,0.2153846153846154,true,2,2.3002435642812484,2,1.9946330911371826,191265,2,2.3002435711622757,419,0
A4_neutral,-0.8307692307692308,0.2153846153846154,true,2,2.281297570811764,-1,NaN,200001,2,2.281297581092982,432,0
A4_neutral,-0.7692307692307693,0.2153846153846154,true,2,2.261421803881726,2,1.9950515468520909,172114,2,2.261421802875648,349,0
A4_neutral,-0.7076923076923077,0.2153846153846154,true,2,2.240711792764812,2,1.99528339292501,175073,2,2.240711791589451,349,0
A4_neutral,-0.6461538461538462,0.2153846153846154,true,2,2.21929919482906,2,1.995532572124402,127345,2,2.219299198610569,274,0
A4_neutral,-0.5846153846153846,0.2153846153846154,true,2,2.197349821462648,2,1.9958011033606087,127334,2,2.197349819621068,263,0
A4_neutral,-0.5230769230769231,0.2153846153846154,true,2,2.1750579414823576,2,1.9960913316911986,111412,2,2.1750579418101523,224,0
A4_neutral,-0.46153846153846156,0.2153846153846154,true,2,2.1526371568032516,2,1.9964059969389996,100457,2,2.1526371533553883,206,0
A4_neutral,-0.4,0.2153846153846154,true,2,2.1303085378160307,2,1.9967483203909002,111113,2,2.130308537629091,167,0
A4_neutral,-0.3384615384615385,0.2153846153846154,true,2,2.108287806539208,2,1.997122115389459,71630,2,2.108287805904741,153,0
A4_neutral,-0.27692307692307694,0.2153846153846154,true,2,2.0867731935199316,2,1.997531929867781,63675,2,2.0867731934538853,140,0
A4_neutral,-0.2153846153846154,0.2153846153846154,true,2,2.065935748472599,2,1.9979832321317643,47509,2,2.0659357481210234,101,0
A4_neutral,-0.15384615384615385,0.2153846153846154,true,2,2.0459130544567987,2,1.9984826560101818,31844,2,2.0459130551895024,77,0
A4_neutral,-0.09230769230769231,0.2153846153846154,true,2,2.0268066863858305,2,1.9990383287417077,29580,2,2.02680668638287,81,0
A4_neutral,-0.03076923076923077,0.2153846153846154,true,2,2.008682980937317,2,1.9996603161039972,7091,2,2.0086829809159044,31,0
A4_neutral,0.03076923076923077,0.2153846153846154,true,2,1.991576329439777,2,2.0003612367696726,7112,2,1.99157632957606,34,0
A4_neutral,0.09230769230769231,0.2153846153846154,true,2,1.9754939820327797,2,2.0011571259836884,30097,2,1.9754939821704867,79,0
A4_neutral,0.15384615384615385,0.2153846153846154,true,2,1.9604214774234316,2,2.0020686750938466,31856,2,1.9604214778744855,89,0
A4_neutral,0.2153846153846154,0.2153846153846154,true,1,0.9463280070678406,2,2.0031230525372554,47502,2,1.9463280069855733,235,0
A4_neutral,0.27692307692307694,0.2153846153846154,true,0,-0.06682874261420668,0,0.004356651204430295,63681,0,-0.06682874260311511,147,0
A4_neutral,0.3384615384615385,0.2153846153846154,true,0,-0.07909848212113535,0,0.005819362340762524,71636,0,-0.07909848273094489,160,0
A4_neutral,0.4,0.2153846153846154,true,0,-0.09053503380508054,0,0.007581465239860252,111425,0,-0.09053503143483543,241,0
A4_neutral,0.46153846153846156,0.2153846153846154,true,0,-0.10119378914373578,0,0.009745209593627902,100478,0,-0.1011937891416117,220,0
A4_neutral,0.5230769230769231,0.2153846153846154,true,0,-0.11112988935049972,0,0.01246528894253518,111411,0,-0.11112988911334587,227,0
A4_neutral,0.5846153846153846,0.2153846153846154,true,0,-0.12039690580173557,0,0.015987313212700083,127338,0,-0.12039690529953417,270,0
A4_neutral,0.6461538461538462,0.2153846153846154,true,0,-0.1290460003652023,0,0.020725835680922677,127339,0,-0.12904600100689612,271,0
A4_neutral,0.7076923076923077,0.2153846153846154,true,0,-0.13712541226885344,0,0.027438897672877216,175083,0,-0.13712541362747754,363,0
A4_neutral,0.7692307692307693,0.2153846153846154,true,0,-0.14468018797072135,0,0.037673113729616126,172570,0,-0.14468018727950316,375,0
A4_neutral,0.8307692307692308,0.2153846153846154,true,0,-0.15175208237727444,-1,NaN,200001,0,-0.1517520825281491,407,0
A4_neutral,0.8923076923076924,0.2153846153846154,true,0,-0.1583796080004627,0,0.09120713782400058,191094,0,-0.15837960821386443,454,0
A4_neutral,0.9538461538461539,0.2153846153846154,true,2,1.8354018613405838,-1,NaN,200001,2,1.835401866087341,590,0
A4_neutral,1.0153846153846153,0.2153846153846154,false,64,63.82955991808398,-1,NaN,200001,64,63.82955994750369,768,0
A4_neutral,1.0769230769230769,0.2153846153846154,false,64,63.82406500385678,-1,NaN,200001,64,63.82406502916858,595,0
A4_neutral,1.1384615384615384,0.2153846153846154,false,64,63.81889001325669,-1,NaN,200001,64,63.818890086804075,499,0
A4_neutral,1.2,0.2153846153846154,false,64,63.8140103361572,-1,NaN,200001,64,63.81401047312594,451,0
A4_neutral,-1.2,0.27692307692307694,false,64,64.37988736029705,-1,NaN,200001,64,64.37988747621537,444,0
A4_neutral,-1.1384615384615384,0.27692307692307694,false,64,64.36595350581193,-1,NaN,200001,64,64.36595362414832,465,0
A4_neutral,-1.0769230769230769,0.27692307692307694,false,64,64.3510471832299,-1,NaN,200001,64,64.35104712552364,571,0
A4_neutral,-1.0153846153846153,0.27692307692307694,false,64,64.33513493942505,-1,NaN,200001,64,64.33513493100787,732,0
A4_neutral,-0.9538461538461539,0.27692307692307694,true,2,2.3181994834411883,-1,NaN,200001,2,2.3181994863324484,541,0
A4_neutral,-0.8923076923076924,0.27692307692307694,true,2,2.3002440289204733,2,1.994633091124519,191016,2,2.3002440326019213,409,0
A4_neutral,-0.8307692307692308,0.27692307692307694,true,2,2.2812980597613426,-1,NaN,200001,2,2.2812980666755465,424,0
A4_neutral,-0.7692307692307693,0.27692307692307694,true,2,2.2614223110944076,2,1.9950515468394459,171986,2,2.261422310658635,358,0
A4_neutral,-0.7076923076923077,0.27692307692307694,true,2,2.240712319221318,2,1.9952833929123415,175075,2,2.2407123187319753,351,0
A4_neutral,-0.6461538461538462,0.27692307692307694,true,2,2.219299738203101,2,1.9955325721117783,127329,2,2.219299741378884,258,0
A4_neutral,-0.5846153846153846,0.27692307692307694,true,2,2.197350377712658,2,1.995801103347978,127334,2,2.19735037348277,263,0
A4_neutral,-0.5230769230769231,0.27692307692307694,true,2,2.175058502425144,2,1.9960913316785498,111418,2,2.175058501621984,230,0
A4_neutral,-0.46153846153846156,0.27692307692307694,true,2,2.1526377156686083,2,1.996405996926351,100453,2,2.1526377136310684,207,0
A4_neutral,-0.4,0.27692307692307694,true,2,2.1303090931717295,2,1.9967483203782246,110590,2,2.1303090928551374,164,0
A4_neutral,-0.3384615384615385,0.27692307692307694,true,2,2.108288351591362,2,1.997122115376833,71629,2,2.1082883508602013,152,0
A4_neutral,-0.27692307692307694,0.27692307692307694,true,2,2.0867737237408956,2,1.9975319298551049,63674,2,2.0867737234888457,139,0
A4_neutral,-0.2153846153846154,0.27692307692307694,true,2,2.0659362589842147,2,1.9979832321190747,47456,2,2.0659362593592463,102,0
A4_neutral,-0.15384615384615385,0.27692307692307694,true,2,2.045913543921521,2,1.9984826559974813,31843,2,2.0459135446383887,76,0
A4_neutral,-0.09230769230769231,0.27692307692307694,true,2,2.0268071517688,2,1.9990383287290296,28802,2,2.026807151952792,79,0
A4_neutral,-0.03076923076923077,0.27692307692307694,true,2,2.008683421272134,2,1.9996603160913138,7308,2,2.0086834213654017,37,0
A4_neutral,0.03076923076923077,0.27692307692307694,true,2,1.991576744345724,2,2.0003612367569783,7144,2,1.991576744406622,28,0
A4_neutral,0.09230769230769231,0.27692307692307694,true,2,1.9754943713006627,2,2.001157125970975,28793,2,1.9754943714952025,88,0
A4_neutral,0.15384615384615385,0.27692307692307694,true,2,1.9604218419275923,2,2.002068675081131,31847,2,1.9604218422807693,80,0
A4_neutral,0.2153846153846154,0.27692307692307694,true,2,1.946328349557086,2,2.003123052524537,47601,2,1.9463283474062023,118,0
A4_neutral,0.27692307692307694,0.27692307692307694,true,1,0.9331715747762592,2,2.004356651191683,63783,2,1.9331715749975633,249,0
A4_neutral,0.3384615384615385,0.27692307692307694,true,0,-0.07909818619584263,0,0.005819362327970534,71638,0,-0.07909818664403634,162,0
A4_neutral,0.4,0.27692307692307694,true,0,-0.0905347554945477,0,0.0075814652270531635,111423,0,-0.09053475548744983,239,0
A4_neutral,0.46153846153846156,0.27692307692307694,true,0,-0.10119353189173408,0,0.009745209580760528,100438,0,-0.10119353194563252,219,0
A4_neutral,0.5230769230769231,0.27692307692307694,true,0,-0.11112964950529136,0,0.01246528892961729,111432,0,-0.11112964930555957,248,0
A4_neutral,0.5846153846153846,0.27692307692307694,true,0,-0.12039668090870759,0,0.015987313199665287,127349,0,-0.1203966815679618,281,0
A4_neutral,0.6461538461538462,0.27692307692307694,true,0,-0.1290457903309259,0,0.020725835667742887,127339,0,-0.12904579210746148,269,0
A4_neutral,0.7076923076923077,0.27692307692307694,true,0,-0.13712521728096005,0,0.0274388976594524,175080,0,-0.13712521839346792,360,0
A4_neutral,0.7692307692307693,0.27692307692307694,true,0,-0.14468000617877563,0,0.037673113715679496,172160,0,-0.14468000462577435,363,0
A4_neutral,0.8307692307692308,0.27692307692307694,true,0,-0.1517519102794862,-1,NaN,200001,0,-0.1517519114516681,420,0
A4_neutral,0.8923076923076924,0.27692307692307694,true,0,-0.158379443916832,0,0.09120713780589718,191289,0,-0.1583794477917373,458,0
A4_neutral,0.9538461538461539,0.27692307692307694,true,2,1.8354020147638597,-1,NaN,200001,2,1.8354020167013887,575,0
A4_neutral,1.0153846153846153,0.27692307692307694,false,64,63.829560169623036,-1,NaN,200001,64,63.82956008908382,758,0
A4_neutral,1.0769230769230769,0.27692307692307694,false,64,63.824065161508855,-1,NaN,200001,64,63.82406516242186,576,0
A4_neutral,1.1384615384615384,0.27692307692307694,false,64,63.818890780408815,-1,NaN,200001,64,63.8188902123755,495,0
A4_neutral,1.2,0.27692307692307694,false,64,63.81401046641454,-1,NaN,200001,64,63.81401059160369,459,0
A4_neutral,-1.2,0.3384615384615385,false,64,64.37988769151875,-1,NaN,200001,64,64.37988781273984,445,0
A4_neutral,-1.1384615384615384,0.3384615384615385,false,64,64.36595389078192,-1,NaN,200001,64,64.36595398447723,488,0
A4_neutral,-1.0769230769230769,0.3384615384615385,false,64,64.35104738905696,-1,NaN,200001,64,64.35104751063594,599,0
A4_neutral,-1.0153846153846153,0.3384615384615385,false,64,64.33513538060987,-1,NaN,200001,64,64.3351353415571,743,0
A4_neutral,-0.9538461538461539,0.3384615384615385,true,2,2.3181999199580243,-1,NaN,200001,2,2.318199922520617,552,0
A4_neutral,-0.8923076923076924,0.3384615384615385,true,2,2.300244490097139,2,1.9946330911131058,191049,2,2.300244494042108,442,0
A4_neutral,-0.8307692307692308,0.3384615384615385,true,2,2.2812985469968217,-1,NaN,200001,2,2.281298552258688,446,0
A4_neutral,-0.7692307692307693,0.3384615384615385,true,2,2.2614228188938412,2,1.9950515468279693,172424,2,2.2614228184422562,356,0
A4_neutral,-0.7076923076923077,0.3384615384615385,true,2,2.240712846511607,2,1.9952833929008689,175068,2,2.24071284587522,344,0
A4_neutral,-0.6461538461538462,0.3384615384615385,true,2,2.219300280724411,2,1.9955325721002786,127325,2,2.2193002841480203,254,0
A4_neutral,-0.5846153846153846,0.3384615384615385,true,2,2.1973509332214523,2,1.9958011033364984,127329,2,2.1973509273454166,258,0
A4_neutral,-0.5230769230769231,0.3384615384615385,true,2,2.175059063042932,2,1.9960913316670637,111419,2,2.1750590614348955,231,0
A4_neutral,-0.46153846153846156,0.3384615384615385,true,2,2.1526382772452495,2,1.9964059969148389,100431,2,2.1526382739079666,208,0
A4_neutral,-0.4,0.3384615384615385,true,2,2.130309648420444,2,1.9967483203667453,111414,2,2.130309648082539,227,0
A4_neutral,-0.3384615384615385,0.3384615384615385,true,2,2.1082888964788413,2,1.9971221153653207,71629,2,2.1082888958171404,152,0
A4_neutral,-0.27692307692307694,0.3384615384615385,true,2,2.086774253667889,2,1.997531929843622,63674,2,2.0867742535253906,139,0
A4_neutral,-0.2153846153846154,0.3384615384615385,true,2,2.0659367724433872,2,1.9979832321075695,47520,2,2.0659367705991407,105,0
A4_neutral,-0.15384615384615385,0.3384615384615385,true,2,2.0459140297565583,2,1.998482655986005,31846,2,2.0459140340890087,79,0
A4_neutral,-0.09230769230769231,0.3384615384615385,true,2,2.0268076173131533,2,1.999038328717508,29107,2,2.026807617524491,60,0
A4_neutral,-0.03076923076923077,0.3384615384615385,true,2,2.008683861732372,2,1.9996603160797826,6803,2,2.0086838618166967,32,0
A4_neutral,0.03076923076923077,0.3384615384615385,true,2,1.9915771591091824,2,2.00036123674544,7199,2,1.9915771592389864,27,0
A4_neutral,0.09230769230769231,0.3384615384615385,true,2,1.9754947606523516,2,2.0011571259594234,29605,2,1.9754947608217095,67,0
A4_neutral,0.15384615384615385,0.3384615384615385,true,2,1.9604222060904268,2,2.0020686750695793,31849,2,1.9604222066888273,82,0
A4_neutral,0.2153846153846154,0.3384615384615385,true,2,1.9463286905127979,2,2.003123052512951,47504,2,1.9463286878285777,108,0
A4_neutral,0.27692307692307694,0.3384615384615385,true,2,1.9331718926369013,2,2.004356651180077,63681,2,1.93317189259996,147,0
A4_neutral,0.3384615384615385,0.3384615384615385,true,1,0.9209021094371156,2,2.0058193623163505,71758,2,1.9209021094445529,282,0
A4_neutral,0.4,0.3384615384615385,true,0,-0.0905344796630585,0,0.0075814652153793904,110941,0,-0.09053447953841842,176,0
A4_neutral,0.46153846153846156,0.3384615384615385,true,0,-0.10119327184962268,0,0.009745209569058,100493,0,-0.1011932747480424,216,0
A4_neutral,0.5230769230769231,0.3384615384615385,true,0,-0.11112940971130292,0,0.012465288917819839,111430,0,-0.11112940949619743,246,0
A4_neutral,0.5846153846153846,0.3384615384615385,true,0,-0.12039645822637635,0,0.015987313187810104,127340,0,-0.12039645783484132,272,0
A4_neutral,0.6461538461538462,0.3384615384615385,true,0,-0.12904558113296294,0,0.02072583565571573,127343,0,-0.12904558320650805,273,0
A4_neutral,0.7076923076923077,0.3384615384615385,true,0,-0.13712502168407625,0,0.027438897647179106,175084,0,-0.13712502315796815,364,0
A4_neutral,0.7692307692307693,0.3384615384615385,true,0,-0.14467982241649846,0,0.03767311370291582,172184,0,-0.1446798219705825,353,0
A4_neutral,0.8307692307692308,0.3384615384615385,true,0,-0.15175174011995263,-1,NaN,200001,0,-0.15175174037374428,452,0
A4_neutral,0.8923076923076924,0.3384615384615385,true,0,-0.1583792857521953,0,0.09120713778893696,191226,0,-0.15837928736819396,481,0
A4_neutral,0.9538461538461539,0.3384615384615385,true,2,1.8354021641519147,-1,NaN,200001,2,1.835402167316834,627,0
A4_neutral,1.0153846153846153,0.3384615384615385,false,64,63.82956018444187,-1,NaN,200001,64,63.82956023066537,752,0
A4_neutral,1.0769230769230769,0.3384615384615385,false,64,63.824065360168774,-1,NaN,200001,64,63.82406529567642,592,0
A4_neutral,1.1384615384615384,0.3384615384615385,false,64,63.81889028979359,-1,NaN,200001,64,63.818890337948254,508,0
A4_neutral,1.2,0.3384615384615385,false,64,63.814010600602046,-1,NaN,200001,64,63.81401071008277,456,0
A4_neutral,-1.2,0.4,false,64,64.37988803891895,-1,NaN,200001,64,64.37988814926462,444,0
A4_neutral,-1.1384615384615384,0.4,false,64,64.3659542671094,-1,NaN,200001,64,64.36595434480643,490,0
A4_neutral,-1.0769230769230769,0.4,false,64,64.35104788658654,-1,NaN,200001,64,64.3510478957485,594,0
A4_neutral,-1.0153846153846153,0.4,false,64,64.33513554992226,-1,NaN,200001,64,64.33513575210682,754,0
A4_neutral,-0.9538461538461539,0.4,true,2,2.318200354142517,-1,NaN,200001,2,2.3182003587091558,538,0
A4_neutral,-0.8923076923076924,0.4,true,2,2.300244953129378,2,1.9946330911026038,191098,2,2.30024495548268,431,0
A4_neutral,-0.8307692307692308,0.4,true,2,2.2812990303413336,-1,NaN,200001,2,2.2812990378422535,439,0
A4_neutral,-0.7692307692307693,0.4,true,2,2.261423326551826,2,1.9950515468174927,172308,2,2.2614233262263648,365,0
A4_neutral,-0.7076923076923077,0.4,true,2,2.240713373827848,2,1.995283392890386,175074,2,2.2407133730190294,350,0
A4_neutral,-0.6461538461538462,0.4,true,2,2.219300823849623,2,1.9955325720898127,127343,2,2.2193008269178276,272,0
A4_neutral,-0.5846153846153846,0.4,true,2,2.197351483087614,2,1.9958011033259964,127331,2,2.1973514812088557,260,0
A4_neutral,-0.5230769230769231,0.4,true,2,2.175059621468667,2,1.9960913316565736,111415,2,2.175059621248734,227,0
A4_neutral,-0.46153846153846156,0.4,true,2,2.1526388357200137,2,1.996405996904378,100387,2,2.152638834185931,207,0
A4_neutral,-0.4,0.4,true,2,2.1303102036993335,2,1.9967483203562557,111415,2,2.1303102033111396,228,0
A4_neutral,-0.3384615384615385,0.4,true,2,2.1082894415676225,2,1.997122115354829,71629,2,2.1082894407754065,152,0
A4_neutral,-0.27692307692307694,0.4,true,2,2.086774783744443,2,1.9975319298331058,63672,2,2.086774783563368,137,0
A4_neutral,-0.2153846153846154,0.4,true,2,2.0659372820478206,2,1.997983232097059,47758,2,2.0659372818405535,106,0
A4_neutral,-0.15384615384615385,0.4,true,2,2.045914522907632,2,1.9984826559754925,31845,2,2.045914523541212,78,0
A4_neutral,-0.09230769230769231,0.4,true,2,2.0268080829180035,2,1.9990383287069937,29374,2,2.026808083097813,61,0
A4_neutral,-0.03076923076923077,0.4,true,2,2.0086843022445655,2,1.9996603160692639,7120,2,2.0086843022696357,30,0
A4_neutral,0.03076923076923077,0.4,true,2,1.9915775740707273,2,2.0003612367349155,7323,2,1.9915775740729995,33,0
A4_neutral,0.09230769230769231,0.4,true,2,1.975495149963856,2,2.0011571259488967,29519,2,1.975495150149857,83,0
A4_neutral,0.15384615384615385,0.4,true,2,1.960422567534293,2,2.0020686750590135,31850,2,1.9604225710985053,83,0
A4_neutral,0.2153846153846154,0.4,true,2,1.9463290281004422,2,2.0031230525023918,47762,2,1.9463290282525456,112,0
A4_neutral,0.27692307692307694,0.4,true,2,1.9331722101915458,2,2.004356651169507,63676,2,1.9331722102039162,142,0
A4_neutral,0.3384615384615385,0.4,true,2,1.9209024060836988,2,2.00581936230574,71639,2,1.9209024055346713,163,0
A4_neutral,0.4,0.4,true,1,0.9094657965852745,2,2.007581465204739,111525,2,1.9094657964121078,341,0
A4_neutral,0.46153846153846156,0.4,true,0,-0.10119301715245288,0,0.009745209558366441,100436,0,-0.10119301754899279,218,0
A4_neutral,0.5230769230769231,0.4,true,0,-0.11112916841950748,0,0.012465288907075212,111420,0,-0.11112916968540842,236,0
A4_neutral,0.5846153846153846,0.4,true,0,-0.12039623461629523,0,0.01598731317696589,127338,0,-0.12039623410032796,270,0
A4_neutral,0.6461538461538462,0.4,true,0,-0.12904537209428368,0,0.020725835644726964,127356,0,-0.12904537430419238,288,0
A4_neutral,0.7076923076923077,0.4,true,0,-0.1371248262028022,0,0.027438897635901793,175083,0,-0.13712482792113256,363,0
A4_neutral,0.7692307692307693,0.4,true,0,-0.144679640137789,0,0.03767311369119253,172334,0,-0.14467963931408345,363,0
A4_neutral,0.8307692307692308,0.4,true,0,-0.15175156823933555,-1,NaN,200001,0,-0.15175156929453637,411,0
A4_neutral,0.8923076923076924,0.4,true,0,-0.1583791251045794,0,0.09120713777298883,191224,0,-0.1583791269433863,466,0
A4_neutral,0.9538461538461539,0.4,true,2,1.8354023147644072,-1,NaN,200001,2,1.8354023179335226,553,0
A4_neutral,1.0153846153846153,0.4,false,64,63.82956021780998,-1,NaN,200001,64,63.82956037224807,769,0
A4_neutral,1.0769230769230769,0.4,false,64,63.82406539337281,-1,NaN,200001,64,63.82406542893229,608,0
A4_neutral,1.1384615384615384,0.4,false,64,63.818890390690605,-1,NaN,200001,64,63.81889046352225,467,0
A4_neutral,1.2,0.4,false,64,63.81401056833068,-1,NaN,200001,64,63.81401082856308,453,0
A4_neutral,-1.2,0.46153846153846156,false,64,64.379888374062,-1,NaN,200001,64,64.37988848578973,441,0
A4_neutral,-1.1384615384615384,0.46153846153846156,false,64,64.36595462127154,-1,NaN,200001,64,64.36595470513598,489,0
A4_neutral,-1.0769230769230769,0.46153846153846156,false,64,64.35104834120331,-1,NaN,200001,64,64.3510482808613,564,0
A4_neutral,-1.0153846153846153,0.46153846153846156,false,64,64.33513615676384,-1,NaN,200001,64,64.33513616265668,747,0
A4_neutral,-0.9538461538461539,0.46153846153846156,true,2,2.3182007914187324,-1,NaN,200001,2,2.318200794897935,614,0
A4_neutral,-0.8923076923076924,0.46153846153846156,true,2,2.300245413726702,2,1.994633091092986,191603,2,2.30024541692351,457,0
A4_neutral,-0.8307692307692308,0.46153846153846156,true,2,2.2812995166300674,-1,NaN,200001,2,2.281299523426118,417,0
A4_neutral,-0.7692307692307693,0.46153846153846156,true,2,2.2614238350193383,2,1.9950515468079069,172386,2,2.261423834010828,345,0
A4_neutral,-0.7076923076923077,0.46153846153846156,true,2,2.2407139012657593,2,1.9952833928807738,175071,2,2.2407139001632794,347,0
A4_neutral,-0.6461538461538462,0.46153846153846156,true,2,2.219301367324277,2,1.9955325720802182,127333,2,2.2193013696881785,262,0
A4_neutral,-0.5846153846153846,0.46153846153846156,true,2,2.197352039409048,2,1.9958011033163978,127331,2,2.197352035072959,260,0
A4_neutral,-0.5230769230769231,0.46153846153846156,true,2,2.175060180711153,2,1.9960913316469542,111416,2,2.1750601810633716,228,0
A4_neutral,-0.46153846153846156,0.46153846153846156,true,2,2.152639395986813,2,1.9964059968947692,100437,2,2.1526393944648325,207,0
A4_neutral,-0.4,0.46153846153846156,true,2,2.130310758895473,2,1.9967483203466652,111416,2,2.1303107585408165,229,0
A4_neutral,-0.3384615384615385,0.46153846153846156,true,2,2.1082899862180824,2,1.9971221153452032,71630,2,2.1082899857348676,153,0
A4_neutral,-0.27692307692307694,0.46153846153846156,true,2,2.0867753153236457,2,1.9975319298235132,63673,2,2.0867753136026512,138,0
A4_neutral,-0.2153846153846154,0.46153846153846156,true,2,2.0659377946238617,2,1.9979832320874436,47460,2,2.065937793083359,103,0
A4_neutral,-0.15384615384615385,0.46153846153846156,true,2,2.045915011272048,2,1.9984826559658622,31847,2,2.04591501299487,80,0
A4_neutral,-0.09230769230769231,0.46153846153846156,true,2,2.0268085484864935,2,1.999038328697368,29578,2,2.026808548672631,44,0
A4_neutral,-0.03076923076923077,0.46153846153846156,true,2,2.00868474272322,2,1.999660316059623,6927,2,2.0086847427240926,32,0
A4_neutral,0.03076923076923077,0.46153846153846156,true,2,1.9915779885333542,2,2.0003612367252654,7104,2,1.9915779889085339,25,0
A4_neutral,0.09230769230769231,0.46153846153846156,true,2,1.9754955395981564,2,2.001157125939243,29259,2,1.975495539479517,78,0
A4_neutral,0.15384615384615385,0.46153846153846156,true,2,1.9604229393007504,2,2.0020686750493506,31845,2,1.9604229355096754,78,0
A4_neutral,0.2153846153846154,0.46153846153846156,true,2,1.946329371358242,2,2.003123052492698,47527,2,1.9463293686779801,111,0
A4_neutral,0.27692307692307694,0.46153846153846156,true,2,1.9331725297691746,2,2.004356651159781,63677,2,1.9331725278093077,143,0
A4_neutral,0.3384615384615385,0.46153846153846156,true,2,1.9209027021832104,2,2.005819362296006,71636,2,1.9209027016261908,160,0
A4_neutral,0.4,0.46153846153846156,true,2,1.9094660727171915,2,2.0075814651949804,111427,2,1.9094660723640002,243,0
A4_neutral,0.46153846153846156,0.46153846153846156,true,1,0.8988072398687814,2,2.0097452095485364,100587,2,1.898807239651389,329,0
A4_neutral,0.5230769230769231,0.46153846153846156,true,0,-0.11112893008257374,0,0.012465288897171467,111423,0,-0.1111289298733209,239,0
A4_neutral,0.5846153846153846,0.46153846153846156,true,0,-0.1203960108841935,0,0.015987313166996198,127336,0,-0.12039601036454894,268,0
A4_neutral,0.6461538461538462,0.46153846153846156,true,0,-0.12904516405229605,0,0.020725835634606837,127342,0,-0.12904516540064037,274,0
A4_neutral,0.7076923076923077,0.46153846153846156,true,0,-0.1371246312653276,0,0.027438897625536418,175085,0,-0.13712463268308928,365,0
A4_neutral,0.7692307692307693,0.46153846153846156,true,0,-0.1446794571885912,0,0.037673113680315895,172239,0,-0.14467945665640114,373,0
A4_neutral,0.8307692307692308,0.46153846153846156,true,0,-0.15175139693475614,-1,NaN,200001,0,-0.15175139821417138,413,0
A4_neutral,0.8923076923076924,0.46153846153846156,true,0,-0.15837896409833307,0,0.09120713775791345,191381,0,-0.15837896651744554,467,0
A4_neutral,0.9538461538461539,0.46153846153846156,true,2,1.8354024623032168,-1,NaN,200001,2,1.8354024685513273,615,0
A4_neutral,1.0153846153846153,0.46153846153846156,false,64,63.82956033167808,-1,NaN,200001,64,63.82956051383197,738,0
A4_neutral,1.0769230769230769,0.46153846153846156,false,64,63.824065512689266,-1,NaN,200001,64,63.824065562189176,578,0
A4_neutral,1.1384615384615384,0.46153846153846156,false,64,63.81889045969285,-1,NaN,200001,64,63.818890589097236,476,0
A4_neutral,1.2,0.46153846153846156,false,64,63.81401077694651,-1,NaN,200001,64,63.81401094704434,457,0
A4_neutral,-1.2,0.5230769230769231,false,64,64.37988852113776,-1,NaN,200001,64,64.37988882231512,442,0
A4_neutral,-1.1384615384615384,0.5230769230769231,false,64,64.36595498540774,-1,NaN,200001,64,64.36595506546561,487,0
A4_neutral,-1.0769230769230769,0.5230769230769231,false,64,64.35104871641171,-1,NaN,200001,64,64.35104866597439,568,0
A4_neutral,-1.0153846153846153,0.5230769230769231,false,64,64.33513653397407,-1,NaN,200001,64,64.3351365732068,740,0
A4_neutral,-0.9538461538461539,0.5230769230769231,true,2,2.3182012273377626,-1,NaN,200001,2,2.3182012310868485,592,0
A4_neutral,-0.8923076923076924,0.5230769230769231,true,2,2.3002458745412615,2,1.9946330910841623,191068,2,2.300245878364495,439,0
A4_neutral,-0.8307692307692308,0.5230769230769231,true,2,2.2812999997961363,-1,NaN,200001,2,2.281300009010174,428,0
A4_neutral,-0.7692307692307693,0.5230769230769231,true,2,2.2614243426363148,2,1.9950515467990784,172185,2,2.261424341795543,354,0
A4_neutral,-0.7076923076923077,0.5230769230769231,true,2,2.2407144281965454,2,1.9952833928719624,175075,2,2.2407144273078616,351,0
A4_neutral,-0.6461538461538462,0.5230769230769231,true,2,2.219301909220267,2,1.9955325720713897,127330,2,2.219301912458966,259,0
A4_neutral,-0.5846153846153846,0.5230769230769231,true,2,2.197352591069865,2,1.99580110330759,127332,2,2.1973525889376218,261,0
A4_neutral,-0.5230769230769231,0.5230769230769231,true,2,2.1750607411178544,2,1.9960913316381377,111423,2,2.1750607408787026,235,0
A4_neutral,-0.46153846153846156,0.5230769230769231,true,2,2.1526399552977047,2,1.9964059968859358,100409,2,2.1526399547445667,206,0
A4_neutral,-0.4,0.5230769230769231,true,2,2.1303113141167302,2,1.9967483203378218,111416,2,2.1303113137714584,229,0
A4_neutral,-0.3384615384615385,0.5230769230769231,true,2,2.1082905319293364,2,1.997122115336357,71629,2,2.108290530695421,152,0
A4_neutral,-0.27692307692307694,0.5230769230769231,true,2,2.0867758436507766,2,1.9975319298146599,63674,2,2.0867758436431334,139,0
A4_neutral,-0.2153846153846154,0.5230769230769231,true,2,2.0659383073955953,2,1.9979832320786053,47295,2,2.0659383043274477,107,0
A4_neutral,-0.15384615384615385,0.5230769230769231,true,2,2.0459154988648156,2,1.998482655957003,31849,2,2.0459155024498754,82,0
A4_neutral,-0.09230769230769231,0.5230769230769231,true,2,2.0268090131437684,2,1.999038328688517,29454,2,2.0268090142488386,67,0
A4_neutral,-0.03076923076923077,0.5230769230769231,true,2,2.0086851832475703,2,1.9996603160507598,7293,2,2.008685183179961,29,0
A4_neutral,0.03076923076923077,0.5230769230769231,true,2,1.9915784036232882,2,2.0003612367163903,7214,2,1.9915784037454833,29,0
A4_neutral,0.09230769230769231,0.5230769230769231,true,2,1.9754959285942202,2,2.0011571259303564,29487,2,1.975495928810582,84,0
A4_neutral,0.15384615384615385,0.5230769230769231,true,2,1.9604232968905901,2,2.0020686750404577,31844,2,1.9604232999222329,77,0
A4_neutral,0.2153846153846154,0.5230769230769231,true,2,1.946329711351301,2,2.0031230524837955,47400,2,1.9463297091047749,98,0
A4_neutral,0.27692307692307694,0.5230769230769231,true,2,1.9331728469231773,2,2.004356651150855,63674,2,1.9331728454160286,140,0
A4_neutral,0.3384615384615385,0.5230769230769231,true,2,1.9209029983586292,2,2.005819362287038,71633,2,1.9209029977190046,157,0
A4_neutral,0.4,0.5230769230769231,true,2,1.9094663484595584,2,2.007581465185986,111425,2,1.9094663483171521,241,0
A4_neutral,0.46153846153846156,0.5230769230769231,true,2,1.8988074987536812,2,2.009745209539524,100397,2,1.898807496852998,219,0
A4_neutral,0.5230769230769231,0.5230769230769231,true,1,0.8888713106317429,0,0.01246528888808851,111535,0,-0.11112869006004367,351,0
A4_neutral,0.5846153846153846,0.5230769230769231,true,0,-0.12039578560882824,0,0.015987313157787897,127348,0,-0.12039578662760841,280,0
A4_neutral,0.6461538461538462,0.5230769230769231,true,0,-0.12904495616529266,0,0.020725835625218014,127337,0,-0.12904495649595882,269,0
A4_neutral,0.7076923076923077,0.5230769230769231,true,0,-0.13712443578081657,0,0.02743889761593321,175078,0,-0.13712443744394465,358,0
A4_neutral,0.7692307692307693,0.5230769230769231,true,0,-0.14467927518623558,0,0.03767311367025916,172252,0,-0.1446792739976437,357,0
A4_neutral,0.8307692307692308,0.5230769230769231,true,0,-0.1517512252156008,-1,NaN,200001,0,-0.15175122713275413,420,0
A4_neutral,0.8923076923076924,0.5230769230769231,true,0,-0.15837880382623526,0,0.09120713774361933,191091,0,-0.1583788060904756,445,0
A4_neutral,0.9538461538461539,0.5230769230769231,true,2,1.8354026137121267,-1,NaN,200001,2,1.8354026191701398,566,0
A4_neutral,1.0153846153846153,0.5230769230769231,false,64,63.82956066224585,-1,NaN,200001,64,63.82956065541679,780,0
A4_neutral,1.0769230769230769,0.5230769230769231,false,64,63.8240656838103,-1,NaN,200001,64,63.824065695447075,605,0
A4_neutral,1.1384615384615384,0.5230769230769231,false,64,63.81889058580906,-1,NaN,200001,64,63.818890714673145,490,0
A4_neutral,1.2,0.5230769230769231,false,64,63.8140109167128,-1,NaN,200001,64,63.81401106552658,448,0
A4_neutral,-1.2,0.5846153846153846,false,64,64.37988893447962,-1,NaN,200001,64,64.37988915884061,443,0
A4_neutral,-1.1384615384615384,0.5846153846153846,false,64,64.36595537489907,-1,NaN,200001,64,64.36595542579542,490,0
A4_neutral,-1.0769230769230769,0.5846153846153846,false,64,64.35104909183363,-1,NaN,200001,64,64.35104905108734,572,0
A4_neutral,-1.0153846153846153,0.5846153846153846,false,64,64.33513690389657,-1,NaN,200001,64,64.33513698375688,745,0
A4_neutral,-0.9538461538461539,0.5846153846153846,true,2,2.3182016642844356,-1,NaN,200001,2,2.3182016672758072,564,0
A4_neutral,-0.8923076923076924,0.5846153846153846,true,2,2.3002463369444666,2,1.9946330910760546,191319,2,2.300246339805543,463,0
A4_neutral,-0.8307692307692308,0.5846153846153846,true,2,2.281300485748313,-1,NaN,200001,2,2.2813004945943263,416,0
A4_neutral,-0.7692307692307693,0.5846153846153846,true,2,2.261424849022215,2,1.9950515467909458,172173,2,2.2614248495804175,355,0
A4_neutral,-0.7076923076923077,0.5846153846153846,true,2,2.24071495446845,2,1.9952833928637994,175072,2,2.2407149544526863,348,0
A4_neutral,-0.6461538461538462,0.5846153846153846,true,2,2.219302451949088,2,1.9955325720632442,127330,2,2.219302455230101,259,0
A4_neutral,-0.5846153846153846,0.5846153846153846,true,2,2.1973531432197015,2,1.995801103299462,127333,2,2.1973531428027524,262,0
A4_neutral,-0.5230769230769231,0.5846153846153846,true,2,2.1750613009998077,2,1.9960913316299889,111406,2,2.175061300694634,218,0
A4_neutral,-0.46153846153846156,0.5846153846153846,true,2,2.152640517018006,2,1.996405996877783,100447,2,2.1526405150250416,205,0
A4_neutral,-0.4,0.5846153846153846,true,2,2.1303118692710514,2,1.9967483203296716,111416,2,2.1303118690029774,229,0
A4_neutral,-0.3384615384615385,0.5846153846153846,true,2,2.108291076231903,2,1.9971221153282124,71631,2,2.108291075656977,154,0
A4_neutral,-0.27692307692307694,0.5846153846153846,true,2,2.086776373815658,2,1.9975319298065013,63674,2,2.0867763736847236,139,0
A4_neutral,-0.2153846153846154,0.5846153846153846,true,2,2.0659388156194582,2,1.99798323207045,47760,2,2.065938815572732,109,0
A4_neutral,-0.15384615384615385,0.5846153846153846,true,2,2.045915991541804,2,1.9984826559488391,31849,2,2.045915991906139,82,0
A4_neutral,-0.09230769230769231,0.5846153846153846,true,2,2.0268094798586453,2,1.9990383286803306,29152,2,2.026809479826345,88,0
A4_neutral,-0.03076923076923077,0.5846153846153846,true,2,2.008685623652678,2,1.9996603160425814,6939,2,2.0086856236371484,32,0
A4_neutral,0.03076923076923077,0.5846153846153846,true,2,1.9915788186345786,2,2.000361236708204,7132,2,1.9915788185837577,29,0
A4_neutral,0.09230769230769231,0.5846153846153846,true,2,1.975496318071267,2,2.001157125922166,29382,2,1.9754963181429628,88,0
A4_neutral,0.15384615384615385,0.5846153846153846,true,2,1.9604236640993478,2,2.0020686750322376,31846,2,1.9604236643360848,79,0
A4_neutral,0.2153846153846154,0.5846153846153846,true,2,1.9463300496639595,2,2.003123052475552,47568,2,1.9463300495328382,100,0
A4_neutral,0.27692307692307694,0.5846153846153846,true,2,1.933173163235807,2,2.004356651142591,63673,2,1.933173163023986,139,0
A4_neutral,0.3384615384615385,0.5846153846153846,true,2,1.920903294486747,2,2.005819362278779,71634,2,1.9209032938130235,158,0
A4_neutral,0.4,0.5846153846153846,true,2,1.909466624450789,2,2.007581465177659,111225,2,1.9094666242714733,165,0
A4_neutral,0.46153846153846156,0.5846153846153846,true,2,1.8988077558746768,2,2.0097452095311343,100479,2,1.8988077540557384,217,0
A4_neutral,0.5230769230769231,0.5846153846153846,true,2,1.8888715493338153,2,2.0124652888796506,111424,2,1.8888715497543396,240,0
A4_neutral,0.5846153846153846,0.5846153846153846,true,1,0.8796044389830132,2,2.0159873131492554,127462,2,1.8796044371104006,394,0
A4_neutral,0.6461538461538462,0.5846153846153846,true,0,-0.1290447471273377,0,0.02072583561658159,127344,0,-0.12904474759023765,276,0
A4_neutral,0.7076923076923077,0.5846153846153846,true,0,-0.13712424075761764,0,0.02743889760699303,175086,0,-0.13712424220378816,366,0
A4_neutral,0.7692307692307693,0.5846153846153846,true,0,-0.14467909188796457,0,0.03767311366086168,172068,0,-0.14467909133790147,360,0
A4_neutral,0.8307692307692308,0.5846153846153846,true,0,-0.15175105608099537,-1,NaN,200001,0,-0.15175105605037653,419,0
A4_neutral,0.8923076923076924,0.5846153846153846,true,0,-0.15837863796195273,0,0.09120713772997091,191034,0,-0.15837864566256465,430,0
A4_neutral,0.9538461538461539,0.5846153846153846,true,0,-0.1645972271272127,-1,NaN,200001,0,-0.1645972302101304,643,0
A4_neutral,1.0153846153846153,0.5846153846153846,false,64,63.829560726542454,-1,NaN,200001,64,63.82956079700248,789,0
A4_neutral,1.0769230769230769,0.5846153846153846,false,64,63.82406574649644,-1,NaN,200001,64,63.82406582870584,597,0
A4_neutral,1.1384615384615384,0.5846153846153846,false,64,63.81889073806775,-1,NaN,200001,64,63.81889084025008,501,0
A4_neutral,1.2,0.5846153846153846,false,64,63.814011170294606,-1,NaN,200001,64,63.81401118400969,442,0
A4_neutral,-1.2,0.6461538461538462,false,64,64.37988941715253,-1,NaN,200001,64,64.37988949536611,439,0
A4_neutral,-1.1384615384615384,0.6461538461538462,false,64,64.36595567625167,-1,NaN,200001,64,64.36595578612517,462,0
A4_neutral,-1.0769230769230769,0.6461538461538462,false,64,64.3510493670286,-1,NaN,200001,64,64.35104943620044,554,0
A4_neutral,-1.0153846153846153,0.6461538461538462,false,64,64.3351374105304,-1,NaN,200001,64,64.33513739430697,752,0
A4_neutral,-0.9538461538461539,0.6461538461538462,true,2,2.3182020976591504,-1,NaN,200001,2,2.318202103464733,611,0
A4_neutral,-0.8923076923076924,0.6461538461538462,true,2,2.300246798550218,2,1.9946330910685468,191080,2,2.300246801246576,416,0
A4_neutral,-0.8307692307692308,0.6461538461538462,true,2,2.281300971944239,-1,NaN,200001,2,2.2813009801785067,430,0
A4_neutral,-0.7692307692307693,0.6461538461538462,true,2,2.2614253578332986,2,1.9950515467834011,172253,2,2.2614253573653755,350,0
A4_neutral,-0.7076923076923077,0.6461538461538462,true,2,2.2407154829257117,2,1.9952833928562976,175056,2,2.240715481597677,332,0
A4_neutral,-0.6461538461538462,0.6461538461538462,true,2,2.2193029953614927,2,1.9955325720557002,127334,2,2.2193029980015053,263,0
A4_neutral,-0.5846153846153846,0.6461538461538462,true,2,2.1973537004328634,2,1.9958011032918712,127333,2,2.197353696668276,262,0
A4_neutral,-0.5230769230769231,0.6461538461538462,true,2,2.1750618607707333,2,1.9960913316224516,111419,2,2.175061860511093,231,0
A4_neutral,-0.46153846153846156,0.6461538461538462,true,2,2.152641078566198,2,1.9964059968702639,100416,2,2.1526410753061818,207,0
A4_neutral,-0.4,0.6461538461538462,true,2,2.130312424576476,2,1.9967483203221223,111274,2,2.1303124242352975,164,0
A4_neutral,-0.3384615384615385,0.6461538461538462,true,2,2.108291621926323,2,1.9971221153206706,71632,2,2.1082916206194557,155,0
A4_neutral,-0.27692307692307694,0.6461538461538462,true,2,2.0867769039895503,2,1.9975319297989653,63675,2,2.086776903727345,140,0
A4_neutral,-0.2153846153846154,0.6461538461538462,true,2,2.065939326842811,2,1.997983232062885,47379,2,2.065939326819133,104,0
A4_neutral,-0.15384615384615385,0.6461538461538462,true,2,2.045916480981246,2,1.9984826559412667,31848,2,2.0459164813635837,81,0
A4_neutral,-0.09230769230769231,0.6461538461538462,true,2,2.026809945246355,2,1.9990383286727704,29143,2,2.0268099454050748,75,0
A4_neutral,-0.03076923076923077,0.6461538461538462,true,2,2.0086860640263025,2,1.9996603160350004,7226,2,2.0086860640955804,27,0
A4_neutral,0.03076923076923077,0.6461538461538462,true,2,1.991579233514507,2,2.00036123670062,7251,2,1.99157923342328,30,0
A4_neutral,0.09230769230769231,0.6461538461538462,true,2,1.9754967075798695,2,2.001157125914559,29712,2,1.9754967074765823,70,0
A4_neutral,0.15384615384615385,0.6461538461538462,true,2,1.9604240272837932,2,2.002068675024641,31841,2,1.9604240287511567,74,0
A4_neutral,0.2153846153846154,0.6461538461538462,true,2,1.946330392666785,2,2.003123052467928,47380,2,1.9463303899620947,105,0
A4_neutral,0.27692307692307694,0.6461538461538462,true,2,1.9331734808103256,2,2.0043566511349713,63673,2,1.9331734806331058,139,0
A4_neutral,0.3384615384615385,0.6461538461538462,true,2,1.9209035905036362,2,2.005819362271107,71634,2,1.920903589908169,158,0
A4_neutral,0.4,0.6461538461538462,true,2,1.909466900492203,2,2.00758146516996,111419,2,1.909466900226888,235,0
A4_neutral,0.46153846153846156,0.6461538461538462,true,2,1.8988080117938342,2,2.009745209523383,100455,2,1.898808011259539,214,0
A4_neutral,0.5230769230769231,0.6461538461538462,true,2,1.888871789182871,2,2.0124652888718497,111424,2,1.8888717895697433,240,0
A4_neutral,0.5846153846153846,0.6461538461538462,true,2,1.8796046627640446,2,2.0159873131413453,127348,2,1.8796046608494024,280,0
A4_neutral,0.6461538461538462,0.6461538461538462,true,1,0.8709554628720486,2,2.020725835608511,127469,2,1.8709554613164454,401,0
A4_neutral,0.7076923076923077,0.6461538461538462,true,0,-0.1371240455204552,0,0.027438897598680234,175088,0,-0.1371240469626991,368,0
A4_neutral,0.7692307692307693,0.6461538461538462,true,0,-0.14467890896122793,0,0.03767311365201942,172431,0,-0.14467890867724975,375,0
A4_neutral,0.8307692307692308,0.6461538461538462,true,0,-0.15175088429034167,-1,NaN,200001,0,-0.1517508849671132,445,0
A4_neutral,0.8923076923076924,0.6461538461538462,true,0,-0.15837848272070887,0,0.09120713771696798,191043,0,-0.1583784852337926,439,0
A4_neutral,0.9538461538461539,0.6461538461538462,true,0,-0.16459707599934092,-1,NaN,200001,0,-0.16459707958955683,620,0
A4_neutral,1.0153846153846153,0.6461538461538462,false,64,63.829561009148854,-1,NaN,200001,64,63.82956093858911,772,0
A4_neutral,1.0769230769230769,0.6461538461538462,false,64,63.82406603525442,-1,NaN,200001,64,63.824065961965424,614,0
A4_neutral,1.1384615384615384,0.6461538461538462,false,64,63.818890819747274,-1,NaN,200001,64,63.818890965827755,496,0
A4_neutral,1.2,0.6461538461538462,false,64,63.81401110887768,-1,NaN,200001,64,63.81401130249359,446,0
A4_neutral,-1.2,0.7076923076923077,false,64,64.37988965739461,-1,NaN,200001,64,64.37988983189157,439,0
A4_neutral,-1.1384615384615384,0.7076923076923077,false,64,64.36595603751223,-1,NaN,200001,64,64.36595614645486,492,0
A4_neutral,-1.0769230769230769,0.7076923076923077,false,64,64.35104973758868,-1,NaN,200001,64,64.35104982131344,562,0
A4_neutral,-1.0153846153846153,0.7076923076923077,false,64,64.3351378097867,-1,NaN,200001,64,64.33513780485691,723,0
A4_neutral,-0.9538461538461539,0.7076923076923077,true,2,2.318202535952278,-1,NaN,200001,2,2.318202539653565,617,0
A4_neutral,-0.8923076923076924,0.7076923076923077,true,2,2.300247257302074,2,1.9946330910615317,191157,2,2.3002472626875283,454,0
A4_neutral,-0.8307692307692308,0.7076923076923077,true,2,2.2813014572437447,-1,NaN,200001,2,2.281301465762644,413,0
A4_neutral,-0.7692307692307693,0.7076923076923077,true,2,2.261425865894544,2,1.9950515467763967,172469,2,2.2614258651503523,349,0
A4_neutral,-0.7076923076923077,0.7076923076923077,true,2,2.2407160101781693,2,1.9952833928492884,175049,2,2.240716008742769,325,0
A4_neutral,-0.6461538461538462,0.7076923076923077,true,2,2.219303537598873,2,1.9955325720487151,127329,2,2.2193035407731125,258,0
A4_neutral,-0.5846153846153846,0.7076923076923077,true,2,2.1973542539966697,2,1.9958011032849035,127331,2,2.197354250534124,260,0
A4_neutral,-0.5230769230769231,0.7076923076923077,true,2,2.1750624206107494,2,1.9960913316154612,111417,2,2.175062420328012,229,0
A4_neutral,-0.46153846153846156,0.7076923076923077,true,2,2.1526416360022935,2,1.9964059968632566,100504,2,2.15264163558792,209,0
A4_neutral,-0.4,0.7076923076923077,true,2,2.130312979814885,2,1.9967483203151115,111417,2,2.1303129794683517,230,0
A4_neutral,-0.3384615384615385,0.7076923076923077,true,2,2.1082921662640066,2,1.997122115313673,71628,2,2.1082921655827938,151,0
A4_neutral,-0.27692307692307694,0.7076923076923077,true,2,2.0867774340407905,2,1.9975319297919327,63672,2,2.0867774337709335,137,0
A4_neutral,-0.2153846153846154,0.7076923076923077,true,2,2.06593983936797,2,1.9979832320558484,47579,2,2.065939838066588,106,0
A4_neutral,-0.15384615384615385,0.7076923076923077,true,2,2.0459169703777977,2,1.9984826559342532,31844,2,2.0459169708221445,77,0
A4_neutral,-0.09230769230769231,0.7076923076923077,true,2,2.0268104109028107,2,1.999038328665745,29230,2,2.026810410984962,62,0
A4_neutral,-0.03076923076923077,0.7076923076923077,true,2,2.0086865045273283,2,1.9996603160279691,7161,2,2.008686504555191,29,0
A4_neutral,0.03076923076923077,0.7076923076923077,true,2,1.9915796484721582,2,2.000361236693574,7405,2,1.991579648263985,33,0
A4_neutral,0.09230769230769231,0.7076923076923077,true,2,1.9754970968613665,2,2.001157125907511,29672,2,1.9754970968113748,69,0
A4_neutral,0.15384615384615385,0.7076923076923077,true,2,1.960424392693057,2,2.002068675017573,31845,2,1.9604243931673824,78,0
A4_neutral,0.2153846153846154,0.7076923076923077,true,2,1.9463307327518207,2,2.0031230524608534,47409,2,1.946330730392478,109,0
A4_neutral,0.27692307692307694,0.7076923076923077,true,2,1.9331737983187396,2,2.0043566511278623,63674,2,1.933173798243321,140,0
A4_neutral,0.3384615384615385,0.7076923076923077,true,2,1.9209038866410348,2,2.0058193622639795,71629,2,1.9209038860043774,153,0
A4_neutral,0.4,0.7076923076923077,true,2,1.9094671739066529,2,2.00758146516279,111340,2,1.9094671761833302,166,0
A4_neutral,0.46153846153846156,0.7076923076923077,true,2,1.8988082720719288,2,2.0097452095161885,100435,2,1.898808268464332,214,0
A4_neutral,0.5230769230769231,0.7076923076923077,true,2,1.888872028737954,2,2.012465288864556,111420,2,1.8888720293861083,236,0
A4_neutral,0.5846153846153846,0.7076923076923077,true,2,1.8796048886274155,2,2.0159873131339836,127337,2,1.8796048845893314,269,0
A4_neutral,0.6461538461538462,0.7076923076923077,true,2,1.8709556666280132,2,2.0207258356009854,127346,2,1.8709556702240264,278,0
A4_neutral,0.7076923076923077,0.7076923076923077,true,1,0.8628761499874742,0,0.027438897590890687,175192,0,-0.13712385172073893,472,0
A4_neutral,0.7692307692307693,0.7076923076923077,true,0,-0.14467872783431912,0,0.03767311364376791,172424,0,-0.1446787260157567,379,0
A4_neutral,0.8307692307692308,0.7076923076923077,true,0,-0.15175071205900958,-1,NaN,200001,0,-0.15175071388303385,403,0
A4_neutral,0.8923076923076924,0.7076923076923077,true,0,-0.1583783225761246,0,0.0912071377045457,191141,0,-0.1583783248042232,469,0
A4_neutral,0.9538461538461539,0.7076923076923077,true,0,-0.16459692613316035,-1,NaN,200001,0,-0.16459692896820544,567,0
A4_neutral,1.0153846153846153,0.7076923076923077,false,64,63.82956091449179,-1,NaN,200001,64,63.8295610801763,751,0
A4_neutral,1.0769230769230769,0.7076923076923077,false,64,63.82406616448675,-1,NaN,200001,64,63.82406609522569,617,0
A4_neutral,1.1384615384615384,0.7076923076923077,false,64,63.81889103784069,-1,NaN,200001,64,63.81889109140607,496,0
A4_neutral,1.2,0.7076923076923077,false,64,63.814011316239856,-1,NaN,200001,64,63.81401142097809,464,0
A4_neutral,-1.2,0.7692307692307693,false,64,64.37989006868587,-1,NaN,200001,64,64.37989016841694,444,0
A4_neutral,-1.1384615384615384,0.7692307692307693,false,64,64.36595632455462,-1,NaN,200001,64,64.36595650678441,460,0
A4_neutral,-1.0769230769230769,0.7692307692307693,false,64,64.35105011747638,-1,NaN,200001,64,64.35105020642618,535,0
A4_neutral,-1.0153846153846153,0.7692307692307693,false,64,64.33513814413368,-1,NaN,200001,64,64.33513821540672,738,0
A4_neutral,-0.9538461538461539,0.7692307692307693,true,2,2.3182029709736627,-1,NaN,200001,2,2.318202975842238,577,0
A4_neutral,-0.8923076923076924,0.7692307692307693,true,2,2.3002477181834964,2,1.9946330910550276,191248,2,2.3002477241283477,479,0
A4_neutral,-0.8307692307692308,0.7692307692307693,true,2,2.281301941218734,-1,NaN,200001,2,2.2813019513466823,397,0
A4_neutral,-0.7692307692307693,0.7692307692307693,true,2,2.261426374164256,2,1.9950515467699081,172326,2,2.261426372935289,356,0
A4_neutral,-0.7076923076923077,0.7692307692307693,true,2,2.2407165372621316,2,1.9952833928428007,175065,2,2.240716535887903,341,0
A4_neutral,-0.6461538461538462,0.7692307692307693,true,2,2.219304080803316,2,1.9955325720422021,127341,2,2.219304083544867,270,0
A4_neutral,-0.5846153846153846,0.7692307692307693,true,2,2.197354807606278,2,1.9958011032783856,127338,2,2.197354804400245,267,0
A4_neutral,-0.5230769230769231,0.7692307692307693,true,2,2.175062980362025,2,1.9960913316089448,111417,2,2.1750629801453334,229,0
A4_neutral,-0.46153846153846156,0.7692307692307693,true,2,2.152642196593302,2,1.996405996856733,100430,2,2.152642195870202,209,0
A4_neutral,-0.4,0.7692307692307693,true,2,2.1303135350550133,2,1.9967483203085856,111417,2,2.1303135347020827,230,0
A4_neutral,-0.3384615384615385,0.7692307692307693,true,2,2.108292712336845,2,1.9971221153071332,71629,2,2.1082927105469356,152,0
A4_neutral,-0.27692307692307694,0.7692307692307693,true,2,2.086777963929875,2,1.997531929785418,63673,2,2.0867779638154316,138,0
A4_neutral,-0.2153846153846154,0.7692307692307693,true,2,2.065940349431637,2,1.9979832320493425,47411,2,2.0659403493150377,107,0
A4_neutral,-0.15384615384615385,0.7692307692307693,true,2,2.045917459826983,2,1.99848265592771,31844,2,2.045917460281765,77,0
A4_neutral,-0.09230769230769231,0.7692307692307693,true,2,2.0268108764920187,2,1.9990383286591893,29115,2,2.026810876565949,83,0
A4_neutral,-0.03076923076923077,0.7692307692307693,true,2,2.0086869449783427,2,1.999660316021414,7065,2,2.0086869450159233,34,0
A4_neutral,0.03076923076923077,0.7692307692307693,true,2,1.9915800629787146,2,2.000361236687011,7189,2,1.991580063105816,32,0
A4_neutral,0.09230769230769231,0.7692307692307693,true,2,1.9754974861155123,2,2.0011571259009373,29335,2,1.975497486147284,76,0
A4_neutral,0.15384615384615385,0.7692307692307693,true,2,1.960424756652658,2,2.0020686750109804,31844,2,1.9604247575847054,77,0
A4_neutral,0.2153846153846154,0.7692307692307693,true,2,1.9463310730057581,2,2.0031230524542583,47494,2,1.9463310708239314,106,0
A4_neutral,0.27692307692307694,0.7692307692307693,true,2,1.9331741158398104,2,2.004356651121242,63674,2,1.933174115854575,140,0
A4_neutral,0.3384615384615385,0.7692307692307693,true,2,1.9209041826525213,2,2.0058193622573373,71630,2,1.9209041821015895,154,0
A4_neutral,0.4,0.7692307692307693,true,2,1.9094674522754551,2,2.007581465156127,111106,2,1.9094674521407415,157,0
A4_neutral,0.46153846153846156,0.7692307692307693,true,2,1.8988085288186407,2,2.009745209509469,100464,2,1.898808525670062,216,0
A4_neutral,0.5230769230769231,0.7692307692307693,true,2,1.8888722686702517,2,2.012465288857785,111421,2,1.8888722692033748,237,0
A4_neutral,0.5846153846153846,0.7692307692307693,true,2,1.8796051144368802,2,2.0159873131271078,127336,2,1.8796051083301324,268,0
A4_neutral,0.6461538461538462,0.7692307692307693,true,2,1.870955875441545,2,2.0207258355939515,127333,2,1.870955879132448,263,0
A4_neutral,0.7076923076923077,0.7692307692307693,true,2,1.86287634487159,2,2.0274388975836075,175074,2,1.862876343522033,354,0
A4_neutral,0.7692307692307693,0.7692307692307693,true,1,0.8553214600129475,0,0.03767311363600612,172216,0,-0.14467854335347607,483,0
A4_neutral,0.8307692307692308,0.7692307692307693,true,0,-0.15175054097447171,-1,NaN,200001,0,-0.15175054279818823,439,0
A4_neutral,0.8923076923076924,0.7692307692307693,true,0,-0.15837816192886778,0,0.09120713769253308,191030,0,-0.1583781643739135,426,0
A4_neutral,0.9538461538461539,0.7692307692307693,true,0,-0.16459677602942313,-1,NaN,200001,0,-0.16459677834613462,569,0
A4_neutral,1.0153846153846153,0.7692307692307693,false,64,63.82956119569992,-1,NaN,200001,64,63.82956122176433,761,0
A4_neutral,1.0769230769230769,0.7692307692307693,false,64,63.8240662443128,-1,NaN,200001,64,63.82406622848673,593,0
A4_neutral,1.1384615384615384,0.7692307692307693,false,64,63.818891100134095,-1,NaN,200001,64,63.818891216985065,514,0
A4_neutral,1.2,0.7692307692307693,false,64,63.814011503197605,-1,NaN,200001,64,63.81401153946342,462,0
A4_neutral,-1.2,0.8307692307692308,false,64,64.3798902638472,-1,NaN,200001,64,64.3798905049422,442,0
A4_neutral,-1.1384615384615384,0.8307692307692308,false,64,64.36595675229023,-1,NaN,200001,64,64.36595686711388,455,0
A4_neutral,-1.0769230769230769,0.8307692307692308,false,64,64.351050583577,-1,NaN,200001,64,64.35105059153884,567,0
A4_neutral,-1.0153846153846153,0.8307692307692308,false,64,64.3351385684559,-1,NaN,200001,64,64.33513862595635,738,0
A4_neutral,-0.9538461538461539,0.8307692307692308,true,4,4.318203172830231,-1,NaN,200001,4,4.318203412030705,573,0
A4_neutral,-0.8923076923076924,0.8307692307692308,true,2,2.3002481810332256,2,1.994633091048951,191029,2,2.3002481855689805,422,0
A4_neutral,-0.8307692307692308,0.8307692307692308,true,2,2.2813024275141807,-1,NaN,200001,2,2.2813024369305746,419,0
A4_neutral,-0.7692307692307693,0.8307692307692308,true,2,2.261426878820015,2,1.995051546763825,172132,2,2.2614268807201396,348,0
A4_neutral,-0.7076923076923077,0.8307692307692308,true,2,2.240716850069357,2,1.9952833928367157,175076,2,2.240717063033034,352,0
A4_neutral,-0.6461538461538462,0.8307692307692308,true,2,2.2193046233629126,2,1.9955325720361374,127330,2,2.219304626316723,259,0
A4_neutral,-0.5846153846153846,0.8307692307692308,true,2,2.197355360452108,2,1.995801103272318,127335,2,2.197355358266583,264,0
A4_neutral,-0.5230769230769231,0.8307692307692308,true,2,2.1750635401285634,2,1.996091331602858,111411,2,2.175063539963012,223,0
A4_neutral,-0.46153846153846156,0.8307692307692308,true,2,2.1526427582782706,2,1.9964059968506231,100446,2,2.152642756152977,208,0
A4_neutral,-0.4,0.8307692307692308,true,2,2.1303140903141937,2,1.9967483203025165,111417,2,2.1303140899364457,230,0
A4_neutral,-0.3384615384615385,0.8307692307692308,true,2,2.108293256247867,2,1.997122115301054,71629,2,2.108293255511831,152,0
A4_neutral,-0.27692307692307694,0.8307692307692308,true,2,2.086778495790547,2,1.9975319297793164,63673,2,2.0867784938607894,138,0
A4_neutral,-0.2153846153846154,0.8307692307692308,true,2,2.0659408604627902,2,1.9979832320432482,47488,2,2.0659408605644343,101,0
A4_neutral,-0.15384615384615385,0.8307692307692308,true,2,2.0459179465647486,2,1.9984826559216136,31842,2,2.045917949742395,75,0
A4_neutral,-0.09230769230769231,0.8307692307692308,true,2,2.026811341984355,2,1.9990383286530924,29024,2,2.026811342147988,78,0
A4_neutral,-0.03076923076923077,0.8307692307692308,true,2,2.00868738558436,2,1.9996603160153041,7030,2,2.008687385477728,29,0
A4_neutral,0.03076923076923077,0.8307692307692308,true,2,1.9915804779566049,2,2.0003612366808934,7215,2,1.9915804779487243,31,0
A4_neutral,0.09230769230769231,0.8307692307692308,true,2,1.9754978755066954,2,2.0011571258947978,29066,2,1.9754978754842616,52,0
A4_neutral,0.15384615384615385,0.8307692307692308,true,2,1.9604251211564931,2,2.002068675004822,31845,2,1.9604251220030768,78,0
A4_neutral,0.2153846153846154,0.8307692307692308,true,2,1.9463314127884268,2,2.0031230524480934,47475,2,1.946331411256407,100,0
A4_neutral,0.27692307692307694,0.8307692307692308,true,2,1.9331744335808623,2,2.0043566511150614,63670,2,1.9331744334668208,136,0
A4_neutral,0.3384615384615385,0.8307692307692308,true,2,1.9209044787357477,2,2.005819362251126,71630,2,1.92090447819976,154,0
A4_neutral,0.4,0.8307692307692308,true,2,1.9094677284462258,2,2.0075814651498884,111296,2,1.9094677280990757,153,0
A4_neutral,0.46153846153846156,0.8307692307692308,true,2,1.8988087860234868,2,2.0097452095031745,100435,2,1.8988087828766786,218,0
A4_neutral,0.5230769230769231,0.8307692307692308,true,2,1.888872510043959,2,2.0124652888514114,111418,2,1.8888725090214966,234,0
A4_neutral,0.5846153846153846,0.8307692307692308,true,2,1.879605330929373,2,2.015987313120652,127333,2,1.879605332071753,265,0
A4_neutral,0.6461538461538462,0.8307692307692308,true,2,1.8709560847895506,2,2.0207258355873483,127336,2,1.8709560880416611,268,0
A4_neutral,0.7076923076923077,0.8307692307692308,true,2,1.86287653987344,2,2.0274388975767437,175084,2,1.8628765387655686,364,0
A4_neutral,0.7692307692307693,0.8307692307692308,true,2,1.855321639216395,2,2.037673113628647,172415,2,1.855321639309542,370,0
A4_neutral,0.8307692307692308,0.8307692307692308,true,1,0.8482496326126846,-1,NaN,200001,0,-0.15175037171263117,560,0
A4_neutral,0.8923076923076924,0.8307692307692308,true,0,-0.1583779949040014,0,0.09120713768099808,191257,0,-0.15837800394291213,459,0
A4_neutral,0.9538461538461539,0.8307692307692308,true,0,-0.16459662517384377,-1,NaN,200001,0,-0.16459662772339478,564,0
A4_neutral,1.0153846153846153,0.8307692307692308,false,64,63.82956133746819,-1,NaN,200001,64,63.82956136335302,760,0
A4_neutral,1.0769230769230769,0.8307692307692308,false,64,63.82406670024139,-1,NaN,200001,64,63.82406636174836,582,0
A4_neutral,1.1384615384615384,0.8307692307692308,false,64,63.81889116636976,-1,NaN,200001,64,63.81889134256474,494,0
A4_neutral,1.2,0.8307692307692308,false,64,63.81401154260172,-1,NaN,200001,64,63.81401165794928,453,0
A4_neutral,-1.2,0.8923076923076924,false,64,64.37989075876013,-1,NaN,200001,64,64.37989084146722,439,0
A4_neutral,-1.1384615384615384,0.8923076923076924,false,64,64.36595716712765,-1,NaN,200001,64,64.36595722744298,459,0
A4_neutral,-1.0769230769230769,0.8923076923076924,false,64,64.3510508836747,-1,NaN,200001,64,64.35105097665117,571,0
A4_neutral,-1.0153846153846153,0.8923076923076924,false,64,64.33513891105237,-1,NaN,200001,64,64.33513903650571,734,0
A4_neutral,-0.9538461538461539,0.8923076923076924,true,4,4.3182038416691535,-1,NaN,200001,4,4.318203848218942,590,0
A4_neutral,-0.8923076923076924,0.8923076923076924,true,2,2.3002486426519058,2,1.9946330910432861,191055,2,2.3002486470093855,445,0
A4_neutral,-0.8307692307692308,0.8923076923076924,true,2,2.2813029124680964,-1,NaN,200001,2,2.281302922514277,430,0
A4_neutral,-0.7692307692307693,0.8923076923076924,true,2,2.2614273892224492,2,1.9950515467581273,172159,2,2.261427388504861,354,0
A4_neutral,-0.7076923076923077,0.8923076923076924,true,2,2.2407175908767325,2,1.9952833928310336,175075,2,2.240717590178116,351,0
A4_neutral,-0.6461538461538462,0.8923076923076924,true,2,2.2193051658295166,2,1.9955325720304642,127335,2,2.219305169088633,264,0
A4_neutral,-0.5846153846153846,0.8923076923076924,true,2,2.1973559155306686,2,1.9958011032666092,127331,2,2.1973559121331006,260,0
A4_neutral,-0.5230769230769231,0.8923076923076924,true,2,2.175064099861526,2,1.9960913315971585,111416,2,2.1750640997810007,228,0
A4_neutral,-0.46153846153846156,0.8923076923076924,true,2,2.152643318112384,2,1.9964059968449712,100488,2,2.1526433164362033,207,0
A4_neutral,-0.4,0.8923076923076924,true,2,2.130314645710663,2,1.9967483202968097,111418,2,2.130314645171392,231,0
A4_neutral,-0.3384615384615385,0.8923076923076924,true,2,2.1082938011353853,2,1.9971221152953598,71628,2,2.108293800477436,151,0
A4_neutral,-0.27692307692307694,0.8923076923076924,true,2,2.0867790240712716,2,1.997531929773626,63673,2,2.086779023906966,138,0
A4_neutral,-0.2153846153846154,0.8923076923076924,true,2,2.0659413740600163,2,1.9979832320375444,47487,2,2.065941371814736,100,0
A4_neutral,-0.15384615384615385,0.8923076923076924,true,2,2.045918439059485,2,1.9984826559159172,31845,2,2.0459184392039944,78,0
A4_neutral,-0.09230769230769231,0.8923076923076924,true,2,2.0268118075919563,2,1.999038328647368,29495,2,2.026811807731036,80,0
A4_neutral,-0.03076923076923077,0.8923076923076924,true,2,2.008687826056244,2,1.9996603160095852,7112,2,2.0086878259405636,33,0
A4_neutral,0.03076923076923077,0.8923076923076924,true,2,1.9915808930434467,2,2.0003612366751664,7026,2,1.9915808927926673,33,0
A4_neutral,0.09230769230769231,0.8923076923076924,true,2,1.975498264642694,2,2.001157125889065,29631,2,1.9754982648222636,78,0
A4_neutral,0.15384615384615385,0.8923076923076924,true,2,1.9604254859914771,2,2.002068674999098,31842,2,1.9604254864224533,75,0
A4_neutral,0.2153846153846154,0.8923076923076924,true,2,1.9463317517129588,2,2.0031230524423123,47593,2,1.9463317516898613,102,0
A4_neutral,0.27692307692307694,0.8923076923076924,true,2,1.9331747511840631,2,2.0043566511092816,63671,2,1.9331747510800137,137,0
A4_neutral,0.3384615384615385,0.8923076923076924,true,2,1.9209047749362074,2,2.0058193622453055,71627,2,1.9209047742988443,151,0
A4_neutral,0.4,0.8923076923076924,true,2,1.9094680043063479,2,2.0075814651440487,111204,2,1.909468004058291,162,0
A4_neutral,0.46153846153846156,0.8923076923076924,true,2,1.8988090402979039,2,2.0097452094972725,100387,2,1.8988090400841409,210,0
A4_neutral,0.5230769230769231,0.8923076923076924,true,2,1.8888727507614216,2,2.0124652888454797,111420,2,1.8888727488404302,236,0
A4_neutral,0.5846153846153846,0.8923076923076924,true,2,1.8796055548059427,2,2.015987313114575,127338,2,1.8796055558141542,270,0
A4_neutral,0.6461538461538462,0.8923076923076924,true,2,1.8709562936133208,2,2.0207258355811257,127344,2,1.8709562969516234,274,0
A4_neutral,0.7076923076923077,0.8923076923076924,true,2,1.8628767348535233,2,2.027438897570282,175064,2,1.8628767340098247,344,0
A4_neutral,0.7692307692307693,0.8923076923076924,true,2,1.8553218220934624,2,2.0376731136217066,172347,2,1.8553218219732546,367,0
A4_neutral,0.8307692307692308,0.8923076923076924,true,2,1.8482497926224162,-1,NaN,200001,2,1.848249799373596,421,0
A4_neutral,0.8923076923076924,0.8923076923076924,true,1,0.8416221588140512,0,0.09120713766982536,191397,0,-0.15837784351126372,590,0
A4_neutral,0.9538461538461539,0.8923076923076924,true,0,-0.16459647371597463,-1,NaN,200001,0,-0.16459647710002545,621,0
A4_neutral,1.0153846153846153,0.8923076923076924,false,64,63.82956127117628,-1,NaN,200001,64,63.829561504942305,754,0
A4_neutral,1.0769230769230769,0.8923076923076924,false,64,63.824066572408235,-1,NaN,200001,64,63.82406649501058,607,0
A4_neutral,1.1384615384615384,0.8923076923076924,false,64,63.81889133353392,-1,NaN,200001,64,63.81889146814501,507,0
A4_neutral,1.2,0.8923076923076924,false,64,63.814011683055405,-1,NaN,200001,64,63.81401177643571,444,0
A4_neutral,-1.2,0.9538461538461539,false,64,64.37989096744923,-1,NaN,200001,64,64.37989117799198,432,0
A4_neutral,-1.1384615384615384,0.9538461538461539,false,64,64.365957568709,-1,NaN,200001,64,64.36595758777194,477,0
A4_neutral,-1.0769230769230769,0.9538461538461539,false,64,64.35105134756618,-1,NaN,200001,64,64.35105136176327,570,0
A4_neutral,-1.0153846153846153,0.9538461538461539,false,64,64.33513941611984,-1,NaN,200001,64,64.33513944705473,695,0
A4_neutral,-0.9538461538461539,0.9538461538461539,true,4,4.318204279306977,-1,NaN,200001,4,4.3182042844068835,601,0
A4_neutral,-0.8923076923076924,0.9538461538461539,true,2,2.3002491062387618,2,1.994633091037984,191268,2,2.300249108449528,452,0
A4_neutral,-0.8307692307692308,0.9538461538461539,true,2,2.281303399223086,-1,NaN,200001,2,2.2813034080977506,404,0
A4_neutral,-0.7692307692307693,0.9538461538461539,true,2,2.261427897135249,2,1.9950515467528112,172393,2,2.261427896289412,355,0
A4_neutral,-0.7076923076923077,0.9538461538461539,true,2,2.24071811859565,2,1.9952833928257099,175067,2,2.2407181173231114,343,0
A4_neutral,-0.6461538461538462,0.9538461538461539,true,2,2.219305709032186,2,1.995532572025153,127338,2,2.219305711860563,267,0
A4_neutral,-0.5846153846153846,0.9538461538461539,true,2,2.197356469427077,2,1.995801103261329,127330,2,2.197356465999759,259,0
A4_neutral,-0.5230769230769231,0.9538461538461539,true,2,2.175064659745898,2,1.996091331591823,111416,2,2.1750646595992658,228,0
A4_neutral,-0.46153846153846156,0.9538461538461539,true,2,2.152643878471735,2,1.9964059968396184,100466,2,2.152643876719844,204,0
A4_neutral,-0.4,0.9538461538461539,true,2,2.1303152007989934,2,1.9967483202914904,111208,2,2.1303152004068897,158,0
A4_neutral,-0.3384615384615385,0.9538461538461539,true,2,2.1082943459798136,2,1.9971221152900305,71630,2,2.1082943454437153,153,0
A4_neutral,-0.27692307692307694,0.9538461538461539,true,2,2.0867795541011165,2,1.9975319297683023,63673,2,2.0867795539539253,138,0
A4_neutral,-0.2153846153846154,0.9538461538461539,true,2,2.065941884778365,2,1.9979832320322015,47422,2,2.0659418830659044,107,0
A4_neutral,-0.15384615384615385,0.9538461538461539,true,2,2.045918928436447,2,1.9984826559105562,31844,2,2.045918928666524,77,0
A4_neutral,-0.09230769230769231,0.9538461538461539,true,2,2.026812273138601,2,1.999038328642027,28833,2,2.0268122733150564,81,0
A4_neutral,-0.03076923076923077,0.9538461538461539,true,2,2.0086882664661436,2,1.9996603160042223,6916,2,2.008688266404392,29,0
A4_neutral,0.03076923076923077,0.9538461538461539,true,2,1.9915813077303912,2,2.0003612366697983,7120,2,1.9915813076376074,28,0
A4_neutral,0.09230769230769231,0.9538461538461539,true,2,1.9754986540496877,2,2.0011571258836836,29608,2,1.9754986541612551,79,0
A4_neutral,0.15384615384615385,0.9538461538461539,true,2,1.9604258499128866,2,2.002068674993698,31843,2,1.9604258508427992,76,0
A4_neutral,0.2153846153846154,0.9538461538461539,true,2,1.946332092268114,2,2.003123052436914,47475,2,1.946332092124258,106,0
A4_neutral,0.27692307692307694,0.9538461538461539,true,2,1.93317507008522,2,2.0043566511038398,63672,2,1.9331750686941174,138,0
A4_neutral,0.3384615384615385,0.9538461538461539,true,2,1.920905071031144,2,2.005819362239854,71628,2,1.9209050703988055,152,0
A4_neutral,0.4,0.9538461538461539,true,2,1.909468280282556,2,2.0075814651385477,111266,2,1.9094682800183467,164,0
A4_neutral,0.46153846153846156,0.9538461538461539,true,2,1.8988092992146322,2,2.0097452094917325,100426,2,1.8988092972924102,211,0
A4_neutral,0.5230769230769231,0.9538461538461539,true,2,1.8888729884612034,2,2.0124652888398606,111421,2,1.888872988660136,237,0
A4_neutral,0.5846153846153846,0.9538461538461539,true,2,1.8796057820722412,2,2.0159873131088997,127340,2,1.8796057795572976,272,0
A4_neutral,0.6461538461538462,0.9538461538461539,true,2,1.8709565026098027,2,2.0207258355752664,127332,2,1.8709565058622988,264,0
A4_neutral,0.7076923076923077,0.9538461538461539,true,2,1.8628769305781365,2,2.0274388975641386,175082,2,1.862876929254765,362,0
A4_neutral,0.7692307692307693,0.9538461538461539,true,2,1.8553220035084395,2,2.0376731136151376,172321,2,1.8553220046376244,349,0
A4_neutral,0.8307692307692308,0.9538461538461539,true,2,1.8482499600976725,-1,NaN,200001,2,1.8482499704604571,412,0
A4_neutral,0.8923076923076924,0.9538461538461539,true,2,1.841622316042951,2,2.0912071376590275,191224,2,1.8416223169209975,515,0
A4_neutral,0.9538461538461539,0.9538461538461539,true,1,0.8354036822615118,-1,NaN,200001,0,-0.16459632647606393,638,0
A4_neutral,1.0153846153846153,0.9538461538461539,false,64,63.82956162242753,-1,NaN,200001,64,63.829561646532184,759,0
A4_neutral,1.0769230769230769,0.9538461538461539,false,64,63.824066623390216,-1,NaN,200001,64,63.824066628273386,613,0
A4_neutral,1.1384615384615384,0.9538461538461539,false,64,63.81889157324825,-1,NaN,200001,64,63.81889159372577,499,0
A4_neutral,1.2,0.9538461538461539,false,64,63.81401183629178,-1,NaN,200001,64,63.8140118949226,453,0
A4_neutral,-1.2,1.0153846153846153,false,64,64.37989143458555,-1,NaN,200001,64,64.37989151451652,423,0
A4_neutral,-1.1384615384615384,1.0153846153846153,false,64,64.36595776691877,-1,NaN,200001,64,64.36595794810057,475,0
A4_neutral,-1.0769230769230769,1.0153846153846153,false,64,64.3510517054294,-1,NaN,200001,64,64.35105174687514,586,0
A4_neutral,-1.0153846153846153,1.0153846153846153,false,64,64.3351398459102,-1,NaN,200001,64,64.33513985760351,714,0
A4_neutral,-0.9538461538461539,1.0153846153846153,true,4,4.318204709741633,-1,NaN,200001,4,4.31820472059451,600,0
A4_neutral,-0.8923076923076924,1.0153846153846153,true,2,2.3002495672204146,2,1.9946330910330126,191150,2,2.3002495698893717,447,0
A4_neutral,-0.8307692307692308,1.0153846153846153,true,2,2.2813038901590303,-1,NaN,200001,2,2.2813038936809678,411,0
A4_neutral,-0.7692307692307693,1.0153846153846153,true,2,2.261428404265124,2,1.9950515467478265,172461,2,2.2614284040737673,369,0
A4_neutral,-0.7076923076923077,1.0153846153846153,true,2,2.2407186453977923,2,1.995283392820741,175068,2,2.240718644467993,344,0
A4_neutral,-0.6461538461538462,1.0153846153846153,true,2,2.2193062515795603,2,1.995532572020135,127340,2,2.21930625463248,269,0
A4_neutral,-0.5846153846153846,1.0153846153846153,true,2,2.197357018971579,2,1.9958011032562943,127329,2,2.1973570198665247,258,0
A4_neutral,-0.5230769230769231,1.0153846153846153,true,2,2.175065219633786,2,1.996091331586836,111415,2,2.1750652194177733,227,0
A4_neutral,-0.46153846153846156,1.0153846153846153,true,2,2.1526444392447046,2,1.9964059968346048,100477,2,2.1526444370038647,207,0
A4_neutral,-0.4,1.0153846153846153,true,2,2.1303157560221244,2,1.9967483202864829,111325,2,2.130315755642905,163,0
A4_neutral,-0.3384615384615385,1.0153846153846153,true,2,2.108294891191627,2,1.9971221152850123,71627,2,2.108294890410636,150,0
A4_neutral,-0.27692307692307694,1.0153846153846153,true,2,2.086780084149533,2,1.9975319297632739,63674,2,2.0867800840016315,139,0
A4_neutral,-0.2153846153846154,1.0153846153846153,true,2,2.0659423978208302,2,1.9979832320271835,47530,2,2.065942394317907,109,0
A4_neutral,-0.15384615384615385,1.0153846153846153,true,2,2.045919417849361,2,1.9984826559055406,31843,2,2.0459194181299507,76,0
A4_neutral,-0.09230769230769231,1.0153846153846153,true,2,2.026812738798016,2,1.9990383286369844,29331,2,2.0268127389000155,70,0
A4_neutral,-0.03076923076923077,1.0153846153846153,true,2,2.0086887070803936,2,1.9996603159991828,7060,2,2.0086887068691817,27,0
A4_neutral,0.03076923076923077,1.0153846153846153,true,2,1.991581722537723,2,2.0003612366647467,7064,2,1.9915817224835126,26,0
A4_neutral,0.09230769230769231,1.0153846153846153,true,2,1.9754990434869106,2,2.0011571258786245,29806,2,1.9754990435012012,74,0
A4_neutral,0.15384615384615385,1.0153846153846153,true,2,1.960426214449744,2,2.0020686749886316,31841,2,1.9604262152640803,74,0
A4_neutral,0.2153846153846154,1.0153846153846153,true,2,1.9463324348608237,2,2.0031230524318344,47356,2,1.9463324325595637,104,0
A4_neutral,0.27692307692307694,1.0153846153846153,true,2,1.9331753882658966,2,2.004356651098752,63669,2,1.9331753863090995,135,0
A4_neutral,0.3384615384615385,1.0153846153846153,true,2,1.9209053672112586,2,2.005819362234723,71628,2,1.9209053664996105,152,0
A4_neutral,0.4,1.0153846153846153,true,2,1.9094685562177427,2,2.0075814651333705,111162,2,1.9094685559792124,161,0
A4_neutral,0.46153846153846156,1.0153846153846153,true,2,1.8988095576223074,2,2.009745209486521,100435,2,1.8988095545014558,210,0
A4_neutral,0.5230769230769231,1.0153846153846153,true,2,1.8888732280971618,2,2.012465288834561,111420,2,1.8888732284805843,236,0
A4_neutral,0.5846153846153846,1.0153846153846153,true,2,1.8796060089788607,2,2.015987313103495,127337,2,1.8796060033011512,269,0
A4_neutral,0.6461538461538462,1.0153846153846153,true,2,1.8709567115732837,2,2.020725835569727,127338,2,1.8709567147736523,268,0
A4_neutral,0.7076923076923077,1.0153846153846153,true,2,1.8628771258718286,2,2.027438897558368,175084,2,1.8628771245003573,364,0
A4_neutral,0.7692307692307693,1.0153846153846153,true,2,1.855322186232613,2,2.037673113608844,172257,2,1.8553221873026207,361,0
A4_neutral,0.8307692307692308,1.0153846153846153,true,2,1.8482501364498434,-1,NaN,200001,2,1.84825014154792,441,0
A4_neutral,0.8923076923076924,1.0153846153846153,true,2,1.8416224767923899,2,2.091207137648585,191131,2,1.8416224773538374,474,0
A4_neutral,0.9538461538461539,1.0153846153846153,true,2,1.83540382164376,-1,NaN,200001,2,1.8354038241484565,645,0
A4_neutral,1.0153846153846153,1.0153846153846153,false,65,64.82956175688582,-1,NaN,200001,66,65.8295617881225,877,0
A4_neutral,1.0769230769230769,1.0153846153846153,false,64,63.82406674257519,-1,NaN,200001,64,63.824066761536706,579,0
A4_neutral,1.1384615384615384,1.0153846153846153,false,64,63.81889164592008,-1,NaN,200001,64,63.818891719307054,493,0
A4_neutral,1.2,1.0153846153846153,false,64,63.81401191715584,-1,NaN,200001,64,63.81401201341005,459,0
A4_neutral,-1.2,1.0769230769230769,false,64,64.37989173907846,-1,NaN,200001,64,64.37989185104075,438,0
A4_neutral,-1.1384615384615384,1.0769230769230769,false,64,64.36595821423764,-1,NaN,200001,64,64.36595830842889,472,0
A4_neutral,-1.0769230769230769,1.0769230769230769,false,64,64.35105213421446,-1,NaN,200001,64,64.35105213198655,570,0
A4_neutral,-1.0153846153846153,1.0769230769230769,false,64,64.33514016293458,-1,NaN,200001,64,64.33514026815189,731,0
A4_neutral,-0.9538461538461539,1.0769230769230769,true,4,4.318205150113244,-1,NaN,200001,4,4.318205156781795,616,0
A4_neutral,-0.8923076923076924,1.0769230769230769,true,2,2.300250026448034,2,1.9946330910282424,191016,2,2.300250031328889,409,0
A4_neutral,-0.8307692307692308,1.0769230769230769,true,2,2.281304372008982,-1,NaN,200001,2,2.2813043792638954,404,0
A4_neutral,-0.7692307692307693,1.0769230769230769,true,2,2.2614289135079777,2,1.995051546743145,172179,2,2.261428911857891,347,0
A4_neutral,-0.7076923076923077,1.0769230769230769,true,2,2.240719172833317,2,1.9952833928160096,175067,2,2.240719171612727,343,0
A4_neutral,-0.6461538461538462,1.0769230769230769,true,2,2.219306794348839,2,1.9955325720154302,127327,2,2.2193067974043537,256,0
A4_neutral,-0.5846153846153846,1.0769230769230769,true,2,2.1973575733541626,2,1.995801103251601,127329,2,2.1973575737333726,258,0
A4_neutral,-0.5230769230769231,1.0769230769230769,true,2,2.175065779413335,2,1.9960913315821314,111416,2,2.1750657792364945,228,0
A4_neutral,-0.46153846153846156,1.0769230769230769,true,2,2.152644999001625,2,1.9964059968299073,100494,2,2.152644997288239,209,0
A4_neutral,-0.4,1.0769230769230769,true,2,2.130316312294382,2,1.9967483202817482,111245,2,2.1303163108794068,162,0
A4_neutral,-0.3384615384615385,1.0769230769230769,true,2,2.1082954361983655,2,1.9971221152802925,71629,2,2.108295435378169,152,0
A4_neutral,-0.27692307692307694,1.0769230769230769,true,2,2.0867806161427938,2,1.9975319297585439,63673,2,2.086780614050057,138,0
A4_neutral,-0.2153846153846154,1.0769230769230769,true,2,2.0659429056384813,2,1.9979832320224522,47617,2,2.065942905570717,111,0
A4_neutral,-0.15384615384615385,1.0769230769230769,true,2,2.0459199071975167,2,1.9984826559008013,31844,2,2.045919907594248,77,0
A4_neutral,-0.09230769230769231,1.0769230769230769,true,2,2.026813204253324,2,1.9990383286322597,29477,2,2.0268132044858858,83,0
A4_neutral,-0.03076923076923077,1.0769230769230769,true,2,2.0086891474052284,2,1.999660315994437,7149,2,2.008689147334903,28,0
A4_neutral,0.03076923076923077,1.0769230769230769,true,2,1.9915821374166414,2,2.0003612366599923,7180,2,1.991582137330354,21,0
A4_neutral,0.09230769230769231,1.0769230769230769,true,2,1.9754994329381,2,2.0011571258738563,30049,2,1.9754994328420743,67,0
A4_neutral,0.15384615384615385,1.0769230769230769,true,2,1.9604265787897268,2,2.0020686749838372,31841,2,1.9604265796862703,74,0
A4_neutral,0.2153846153846154,1.0769230769230769,true,2,1.946332773200187,2,2.0031230524270396,47414,2,1.946332772995751,102,0
A4_neutral,0.27692307692307694,1.0769230769230769,true,2,1.9331757059012533,2,2.004356651093901,63662,2,1.933175703924932,128,0
A4_neutral,0.3384615384615385,1.0769230769230769,true,2,1.920905663123699,2,2.00581936222988,71629,2,1.9209056626012329,153,0
A4_neutral,0.4,1.0769230769230769,true,2,1.9094688319282072,2,2.007581465128502,111182,2,1.9094688319408584,168,0
A4_neutral,0.46153846153846156,1.0769230769230769,true,2,1.8988098124899238,2,2.009745209481588,100446,2,1.898809811711247,211,0
A4_neutral,0.5230769230769231,1.0769230769230769,true,2,1.8888734678853019,2,2.0124652888295853,111415,2,1.8888734683017452,231,0
A4_neutral,0.5846153846153846,1.0769230769230769,true,2,1.8796062314869726,2,2.0159873130984343,127333,2,1.8796062270456866,265,0
A4_neutral,0.6461538461538462,1.0769230769230769,true,2,1.870956920261515,2,2.0207258355645044,127345,2,1.8709569236856565,275,0
A4_neutral,0.7076923076923077,1.0769230769230769,true,2,1.862877321447556,2,2.0274388975528863,175077,2,1.8628773197465713,357,0
A4_neutral,0.7692307692307693,1.0769230769230769,true,2,1.855322368856645,2,2.0376731136028967,172278,2,1.8553223699682126,373,0
A4_neutral,0.8307692307692308,1.0769230769230769,true,2,1.8482503062388067,-1,NaN,200001,2,1.8482503126359555,430,0
A4_neutral,0.8923076923076924,1.0769230769230769,true,2,1.8416226375592948,2,2.0912071376383743,191100,2,1.8416226377872271,452,0
A4_neutral,0.9538461538461539,1.0769230769230769,true,2,1.8354039719971538,-1,NaN,200001,2,1.8354039747735076,551,0
A4_neutral,1.0153846153846153,1.0769230769230769,false,66,65.8295618994503,-1,NaN,200001,66,65.82956192971339,794,0
A4_neutral,1.0769230769230769,1.0769230769230769,false,65,64.824066901955,-1,NaN,200001,66,65.82406689480045,703,0
A4_neutral,1.1384615384615384,1.0769230769230769,false,64,63.81889146610972,-1,NaN,200001,64,63.81889184488881,502,0
A4_neutral,1.2,1.0769230769230769,false,64,63.81401188416041,-1,NaN,200001,64,63.81401213189792,452,0
A4_neutral,-1.2,1.1384615384615384,false,64,64.37989203804241,-1,NaN,200001,64,64.37989218756468,448,0
A4_neutral,-1.1384615384615384,1.1384615384615384,false,64,64.36595851167039,-1,NaN,200001,64,64.36595866875685,475,0
A4_neutral,-1.0769230769230769,1.1384615384615384,false,64,64.35105250574021,-1,NaN,200001,64,64.35105251709761,559,0
A4_neutral,-1.0153846153846153,1.1384615384615384,false,64,64.33514058966423,-1,NaN,200001,64,64.33514067869993,708,0
A4_neutral,-0.9538461538461539,1.1384615384615384,true,4,4.318205584778907,-1,NaN,200001,4,4.31820559296871,549,0
A4_neutral,-0.8923076923076924,1.1384615384615384,true,2,2.3002504872642424,2,1.9946330910238321,191087,2,2.3002504927680563,435,0
A4_neutral,-0.8307692307692308,1.1384615384615384,true,2,2.281304858542023,-1,NaN,200001,2,2.2813048648465086,416,0
A4_neutral,-0.7692307692307693,1.1384615384615384,true,2,2.261429419569919,2,1.995051546738715,172316,2,2.261429419641762,353,0
A4_neutral,-0.7076923076923077,1.1384615384615384,true,2,2.2407197001086456,2,1.99528339281159,175068,2,2.240719698757288,344,0
A4_neutral,-0.6461538461538462,1.1384615384615384,true,2,2.2193073371034853,2,1.995532572010986,127329,2,2.2193073401761607,258,0
A4_neutral,-0.5846153846153846,1.1384615384615384,true,2,2.1973581280383687,2,1.9958011032471545,127329,2,2.197358127600273,258,0
A4_neutral,-0.5230769230769231,1.1384615384615384,true,2,2.175066339227288,2,1.9960913315777038,111419,2,2.1750663390554035,231,0
A4_neutral,-0.46153846153846156,1.1384615384615384,true,2,2.15264556244914,2,1.996405996825467,100454,2,2.1526455575729426,207,0
A4_neutral,-0.4,1.1384615384615384,true,2,2.1303168667507144,2,1.996748320277322,111127,2,2.130316866116372,163,0
A4_neutral,-0.3384615384615385,1.1384615384615384,true,2,2.108295981029233,2,1.9971221152758183,71630,2,2.1082959803462904,153,0
A4_neutral,-0.27692307692307694,1.1384615384615384,true,2,2.086781144360786,2,1.9975319297540945,63674,2,2.0867811440991786,139,0
A4_neutral,-0.2153846153846154,1.1384615384615384,true,2,2.0659434184003547,2,1.997983232017995,47565,2,2.0659434168243065,104,0
A4_neutral,-0.15384615384615385,1.1384615384615384,true,2,2.045920397039529,2,1.9984826558963285,31843,2,2.0459203970593878,76,0
A4_neutral,-0.09230769230769231,1.1384615384615384,true,2,2.026813670178097,2,1.999038328627782,29262,2,2.0268136700726407,63,0
A4_neutral,-0.03076923076923077,1.1384615384615384,true,2,2.0086895878167126,2,1.9996603159899617,7255,2,2.00868958780153,36,0
A4_neutral,0.03076923076923077,1.1384615384615384,true,2,1.9915825523128874,2,2.000361236655505,7213,2,1.991582552178106,26,0
A4_neutral,0.09230769230769231,1.1384615384615384,true,2,1.9754998222587181,2,2.0011571258693692,28960,2,1.975499822183849,55,0
A4_neutral,0.15384615384615385,1.1384615384615384,true,2,1.9604269431621835,2,2.002068674979338,31843,2,1.960426944109341,76,0
A4_neutral,0.2153846153846154,1.1384615384615384,true,2,1.9463331140439637,2,2.003123052422513,47466,2,1.9463331134327921,101,0
A4_neutral,0.27692307692307694,1.1384615384615384,true,2,1.933176021753869,2,2.0043566510893758,63672,2,1.9331760215415859,138,0
A4_neutral,0.3384615384615385,1.1384615384615384,true,2,1.9209059594190028,2,2.005819362225302,71626,2,1.9209059587036443,150,0
A4_neutral,0.4,1.1384615384615384,true,2,1.9094691055426083,2,2.007581465123895,111416,2,1.9094691079032624,232,0
A4_neutral,0.46153846153846156,1.1384615384615384,true,2,1.8988100693637224,2,2.0097452094769506,100452,2,1.898810068921759,211,0
A4_neutral,0.5230769230769231,1.1384615384615384,true,2,1.8888737076264643,2,2.0124652888248886,111416,2,1.8888737081235938,232,0
A4_neutral,0.5846153846153846,1.1384615384615384,true,2,1.8796064507590284,2,2.0159873130935946,127340,2,1.8796064507908758,272,0
A4_neutral,0.6461538461538462,1.1384615384615384,true,2,1.8709571289143692,2,2.0207258355595457,127346,2,1.8709571325982863,278,0
A4_neutral,0.7076923076923077,1.1384615384615384,true,2,1.8628775166058824,2,2.027438897547665,175081,2,1.8628775149933823,361,0
A4_neutral,0.7692307692307693,1.1384615384615384,true,2,1.8553225510245017,2,2.0376731135971946,172056,2,1.8553225526343766,367,0
A4_neutral,0.8307692307692308,1.1384615384615384,true,2,1.848250474056829,-1,NaN,200001,2,1.848250483724538,460,0
A4_neutral,0.8923076923076924,1.1384615384615384,true,2,1.8416227977340274,2,2.0912071376284977,191045,2,1.8416227982211417,442,0
A4_neutral,0.9538461538461539,1.1384615384615384,true,2,1.83540412325377,-1,NaN,200001,2,1.8354041253990623,559,0
A4_neutral,1.0153846153846153,1.1384615384615384,false,66,65.82956215921483,-1,NaN,200001,66,65.82956207130482,773,0
A4_neutral,1.0769230769230769,1.1384615384615384,false,66,65.82406701105961,-1,NaN,200001,66,65.82406702806472,613,0
A4_neutral,1.1384615384615384,1.1384615384615384,false,65,64.8188917282731,-1,NaN,200001,66,65.81889197047107,629,0
A4_neutral,1.2,1.1384615384615384,false,64,63.81401217242479,-1,NaN,200001,64,63.81401225038627,461,0
A4_neutral,-1.2,1.2,false,64,64.37989234714331,-1,NaN,200001,64,64.37989252408836,430,0
A4_neutral,-1.1384615384615384,1.2,false,64,64.3659589173294,-1,NaN,200001,64,64.36595902908448,478,0
A4_neutral,-1.0769230769230769,1.2,false,64,64.35105314837345,-1,NaN,200001,64,64.35105290220837,592,0
A4_neutral,-1.0153846153846153,1.2,false,64,64.33514104229847,-1,NaN,200001,64,64.33514108924754,744,0
A4_neutral,-0.9538461538461539,1.2,true,4,4.3182058497321805,-1,NaN,200001,4,4.31820602915523,599,0
A4_neutral,-0.8923076923076924,1.2,true,2,2.300250949206185,2,1.994633091019678,191219,2,2.300250954206848,425,0
A4_neutral,-0.8307692307692308,1.2,true,2,2.2813053479107817,-1,NaN,200001,2,2.2813053504287883,409,0
A4_neutral,-0.7692307692307693,1.2,true,2,2.261429927747077,2,1.9950515467345418,172328,2,2.2614299274253558,346,0
A4_neutral,-0.7076923076923077,1.2,true,2,2.2407202274284463,2,1.9952833928073668,175065,2,2.2407202259016565,341,0
A4_neutral,-0.6461538461538462,1.2,true,2,2.219307879918696,2,1.9955325720068076,127334,2,2.219307882947877,263,0
A4_neutral,-0.5846153846153846,1.2,true,2,2.1973586851198244,2,1.9958011032429772,127330,2,2.197358681467205,259,0
A4_neutral,-0.5230769230769231,1.2,true,2,2.1750668988786974,2,1.996091331573515,111416,2,2.175066898874479,228,0
A4_neutral,-0.46153846153846156,1.2,true,2,2.152646119624129,2,1.9964059968212498,100433,2,2.1526461178579472,207,0
A4_neutral,-0.4,1.2,true,2,2.130317421805235,2,1.9967483202730953,111387,2,2.1303174213537766,200,0
A4_neutral,-0.3384615384615385,1.2,true,2,2.108296525752151,2,1.9971221152716447,71629,2,2.108296525314975,152,0
A4_neutral,-0.27692307692307694,1.2,true,2,2.0867816761789033,2,1.9975319297498952,63674,2,2.0867816741489706,139,0
A4_neutral,-0.2153846153846154,1.2,true,2,2.0659439289300714,2,1.9979832320137718,47765,2,2.065943928078654,113,0
A4_neutral,-0.15384615384615385,1.2,true,2,2.0459208827213287,2,1.9984826558921163,31844,2,2.0459208865253498,77,0
A4_neutral,-0.09230769230769231,1.2,true,2,2.0268141356010485,2,1.9990383286235585,29688,2,2.026814135660258,75,0
A4_neutral,-0.03076923076923077,1.2,true,2,2.0086900283665527,2,1.9996603159857291,7230,2,2.008690028269042,23,0
A4_neutral,0.03076923076923077,1.2,true,2,1.991582967300991,2,2.000361236651271,7229,2,1.9915829670267458,37,0
A4_neutral,0.09230769230769231,1.2,true,2,1.9755002115184197,2,2.0011571258651086,29670,2,1.9755002115265023,37,0
A4_neutral,0.15384615384615385,1.2,true,2,1.9604273064233384,2,2.0020686749750776,31844,2,1.9604273085332704,77,0
A4_neutral,0.2153846153846154,1.2,true,2,1.9463334551602196,2,2.0031230524182453,47531,2,1.9463334538706665,101,0
A4_neutral,0.27692307692307694,1.2,true,2,1.933176339326933,2,2.0043566510850748,63670,2,1.9331763391590426,136,0
A4_neutral,0.3384615384615385,1.2,true,2,1.9209062555861234,2,2.0058193622209854,71625,2,1.9209062548068223,149,0
A4_neutral,0.4,1.2,true,2,1.909469384251502,2,2.007581465119533,111301,2,1.9094693838663965,163,0
A4_neutral,0.46153846153846156,1.2,true,2,1.898810328299461,2,2.009745209472545,100434,2,1.89881032613297,213,0
A4_neutral,0.5230769230769231,1.2,true,2,1.888873947594512,2,2.0124652888204126,111412,2,1.8888739479461076,228,0
A4_neutral,0.5846153846153846,1.2,true,2,1.8796066747711633,2,2.015987313089018,127332,2,1.879606674536697,264,0
A4_neutral,0.6461538461538462,1.2,true,2,1.8709573391891903,2,2.020725835554806,127346,2,1.870957341511518,276,0
A4_neutral,0.7076923076923077,1.2,true,2,1.862877711681886,2,2.027438897542682,175085,2,1.8628777102407679,365,0
A4_neutral,0.7692307692307693,1.2,true,2,1.8553227346697865,2,2.0376731135917403,172297,2,1.8553227353010868,364,0
A4_neutral,0.8307692307692308,1.2,true,2,1.8482506434606165,-1,NaN,200001,2,1.848250654813643,456,0
A4_neutral,0.8923076923076924,1.2,true,2,1.8416229565995348,2,2.0912071376188157,191149,2,1.8416229586555586,423,0
A4_neutral,0.9538461538461539,1.2,true,2,1.8354042695738926,-1,NaN,200001,2,1.8354042760250953,563,0
A4_neutral,1.0153846153846153,1.2,false,64,63.829562174809894,-1,NaN,200001,64,63.82956221289671,764,0
A4_neutral,1.0769230769230769,1.2,false,66,65.8240670902288,-1,NaN,200001,66,65.82406716132942,599,0
A4_neutral,1.1384615384615384,1.2,false,66,65.8188919389867,-1,NaN,200001,66,65.81889209605363,506,0
A4_neutral,1.2,1.2,false,65,64.81401222667,-1,NaN,200001,64,63.81401236887509,574,0
A5_neutral_hg,-1.2,-1.0,false,61,61.382422527385515,-1,NaN,200001,61,61.38242265422826,453,1
A5_neutral_hg,-1.1384615384615384,-1.0,false,61,61.36886442179043,-1,NaN,200001,61,61.368864488537966,486,1
A5_neutral_hg,-1.0769230769230769,-1.0,false,59,59.35436826262554,-1,NaN,200001,59,59.35436822926977,581,1
A5_neutral_hg,-1.0153846153846153,-1.0,false,55,55.3388996286441,-1,NaN,200001,55,55.33889963514294,731,1
A5_neutral_hg,-0.9538461538461539,-1.0,true,1,1.322438097396255,-1,NaN,200001,1,1.3224380936508,545,1
A5_neutral_hg,-0.8923076923076924,-1.0,true,1,1.3049814813575096,1,0.9946415000595445,191003,1,1.3049814747502666,396,1
A5_neutral_hg,-0.8307692307692308,-1.0,true,1,1.2865512461433524,-1,NaN,200001,1,1.2865512392821592,427,1
A5_neutral_hg,-0.7692307692307693,-1.0,true,1,1.2671972696650058,1,0.9950605410436726,172336,1,1.2671972645664573,343,1
A5_neutral_hg,-0.7076923076923077,-1.0,true,1,1.247001643745064,1,0.995292711383105,175060,1,1.2470016398794663,336,1
A5_neutral_hg,-0.6461538461538462,-1.0,true,1,1.2260805554310936,1,0.9955422390883978,127323,1,1.2260805519323381,252,1
A5_neutral_hg,-0.5846153846153846,-1.0,true,1,1.2045834178614254,1,0.9958111458917706,127327,1,1.2045834144545096,256,1
A5_neutral_hg,-0.5230769230769231,-1.0,true,1,1.1826886729243122,1,0.9961017801282838,111411,1,1.1826886692633176,223,1
A5_neutral_hg,-0.46153846153846156,-1.0,true,1,1.1605962081510746,1,0.9964168854494211,100454,1,1.160596206061482,203,1
A5_neutral_hg,-0.4,-1.0,true,1,1.1385170216236156,1,0.9967596876427595,110997,1,1.1385170188025902,157,1
A5_neutral_hg,-0.3384615384615385,-1.0,true,1,1.116661348410644,1,0.9971340053777584,71622,1,1.116661346606772,145,1
A5_neutral_hg,-0.27692307692307694,-1.0,true,1,1.0952269211145624,1,0.9975443929390664,63665,1,1.0952269194852935,130,1
A5_neutral_hg,-0.2153846153846154,-1.0,true,1,1.0743889047329873,1,0.9979963262675522,47451,1,1.0743889028206919,98,1
A5_neutral_hg,-0.15384615384615385,-1.0,true,1,1.0542927215032358,1,0.9984964484513381,31840,1,1.054292719852604,73,1
A5_neutral_hg,-0.09230769230769231,-1.0,true,1,1.0350502858122714,1,0.9990528980685613,29599,1,1.0350502839287452,80,1
A5_neutral_hg,-0.03076923076923077,-1.0,true,1,1.0167395134996682,1,0.9996757549346292,7319,1,1.0167395115861302,27,1
A5_neutral_hg,0.03076923076923077,-1.0,true,1,0.9994064972467963,1,1.0003776553104338,7236,1,0.9994064955036396,31,1
A5_neutral_hg,0.09230769230769231,-1.0,true,1,0.9830694770153797,1,1.0011746567760405,29581,1,0.9830694751813215,65,1
A5_neutral_hg,0.15384615384615385,-1.0,true,1,0.9677237361994675,1,1.0020874794753751,31841,1,0.9677237347728785,74,1
A5_neutral_hg,0.2153846153846154,-1.0,true,1,0.953346706417589,1,1.0031433296156829,47484,1,0.9533467044857621,100,1
A5_neutral_hg,0.27692307692307694,-1.0,true,1,0.9399027573349866,1,1.0043786506133223,63668,1,0.9399027556969981,134,1
A5_neutral_hg,0.3384615384615385,-1.0,true,1,0.9273473937015071,1,1.0058434028589305,71627,1,0.927347391875382,151,1
A5_neutral_hg,0.4,-1.0,true,1,0.9156307118296177,1,1.0076079628230197,111302,1,0.9156307093105794,165,1
A5_neutral_hg,0.46153846153846156,-1.0,true,1,0.9047001234226743,1,1.0097747211403125,100432,1,0.9047001212580473,203,1
A5_neutral_hg,0.5230769230769231,-1.0,true,1,0.8945024158378715,1,1.0124985836600275,111409,1,0.8945024103704349,225,1
A5_neutral_hg,0.5846153846153846,-1.0,true,1,0.8849852117750556,1,1.0160254952883492,127331,1,0.8849852082997652,263,1
A5_neutral_hg,0.6461538461538462,-1.0,true,1,0.8760980145396953,1,1.0207705693551572,127332,1,0.8760980103258824,262,1
A5_neutral_hg,0.7076923076923077,-1.0,true,1,0.8677928303042098,1,1.0274928556868832,175075,1,0.8677928270978622,355,1
A5_neutral_hg,0.7692307692307693,-1.0,true,1,0.8600245673357562,1,1.0377409711590655,172115,1,0.8600245625392334,362,1
A5_neutral_hg,0.8307692307692308,-1.0,true,1,0.852751196449386,-1,NaN,200001,1,0.8527511914888397,410,1
A5_neutral_hg,0.8923076923076924,-1.0,true,1,0.8459338002882346,1,1.0913423841703114,190991,1,0.8459337955026893,388,1
A5_neutral_hg,0.9538461538461539,-1.0,true,1,0.8395365059913599,-1,NaN,200001,1,0.8395365018017049,561,1
A5_neutral_hg,1.0153846153846153,-1.0,false,57,56.83352630294244,-1,NaN,200001,57,56.833526359119034,776,1
A5_neutral_hg,1.0769230769230769,-1.0,false,61,60.82787312641096,-1,NaN,200001,61,60.82787317519317,563,1
A5_neutral_hg,1.1384615384615384,-1.0,false,63,62.822549237677414,-1,NaN,200001,63,62.82254933364524,491,1
A5_neutral_hg,1.2,-1.0,false,63,62.81752960107765,-1,NaN,200001,63,62.81752960265225,460,1
A5_neutral_hg,-1.2,-0.717948717948718,false,61,61.38242413536282,-1,NaN,200001,61,61.382424154989515,449,1
A5_neutral_hg,-1.1384615384615384,-0.717948717948718,false,61,61.36886610621409,-1,NaN,200001,61,61.368866094433095,476,1
A5_neutral_hg,-1.0769230769230769,-0.717948717948718,false,61,61.3543697286081,-1,NaN,200001,61,61.35436994483315,593,1
A5_neutral_hg,-1.0153846153846153,-0.717948717948718,false,55,55.33890146182877,-1,NaN,200001,55,55.33890146360527,750,1
A5_neutral_hg,-0.9538461538461539,-0.717948717948718,true,1,1.3224400427712073,-1,NaN,200001,1,1.3224400364120203,539,1
A5_neutral_hg,-0.8923076923076924,-0.717948717948718,true,1,1.304983537640643,1,0.9946414994341991,190996,1,1.3049835308003348,389,1
A5_neutral_hg,-0.8307692307692308,-0.717948717948718,true,1,1.2865534105399528,-1,NaN,200001,1,1.2865534046197047,424,1
A5_neutral_hg,-0.7692307692307693,-0.717948717948718,true,1,1.267199536940047,1,0.995060540418314,172274,1,1.2671995316888207,336,1
A5_neutral_hg,-0.7076923076923077,-0.717948717948718,true,1,1.2470040010300794,1,0.9952927107577335,175071,1,1.247003997439928,347,1
A5_neutral_hg,-0.6461538461538462,-0.717948717948718,true,1,1.2260829881923554,1,0.9955422384630305,127321,1,1.2260829846673986,250,1
A5_neutral_hg,-0.5846153846153846,-0.717948717948718,true,1,1.2045859074867087,1,0.9958111452663961,127328,1,1.2045859034674757,257,1
A5_neutral_hg,-0.5230769230769231,-0.717948717948718,true,1,1.1826911973103913,1,0.9961017795028935,111413,1,1.1826911927042507,225,1
A5_neutral_hg,-0.46153846153846156,-0.717948717948718,true,1,1.160598743247929,1,0.9964168848240236,100453,1,1.160598740172472,200,1
A5_neutral_hg,-0.4,-0.717948717948718,true,1,1.1385195434844468,1,0.9967596870173422,110876,1,1.1385195392185212,156,1
A5_neutral_hg,-0.3384615384615385,-0.717948717948718,true,1,1.1166638320949889,1,0.9971340047523253,71628,1,1.116663829740505,151,1
A5_neutral_hg,-0.27692307692307694,-0.717948717948718,true,1,1.0952293460881957,1,0.9975443923136148,63671,1,1.0952293438049578,136,1
A5_neutral_hg,-0.2153846153846154,-0.717948717948718,true,1,1.0743912523988215,1,0.9979963256420831,47485,1,1.0743912498538317,102,1
A5_neutral_hg,-0.15384615384615385,-0.717948717948718,true,1,1.0542949770427228,1,0.9984964478258465,31841,1,1.0542949748167538,74,1
A5_neutral_hg,-0.09230769230769231,-0.717948717948718,true,1,1.0350524383423878,1,0.9990528974430397,29342,1,1.035052435967155,53,1
A5_neutral_hg,-0.03076923076923077,-0.717948717948718,true,1,1.0167415560699289,1,0.9996757543090752,7033,1,1.016741553656032,23,1
A5_neutral_hg,0.03076923076923077,-0.717948717948718,true,1,0.9994084264179316,1,1.00037765468484,7126,1,0.9994084240069683,29,1
A5_neutral_hg,0.09230769230769231,-0.717948717948718,true,1,0.983071291865926,1,1.0011746561503987,29747,1,0.9830712894409886,46,1
A5_neutral_hg,0.15384615384615385,-0.717948717948718,true,1,0.9677254387719303,1,1.002087478849675,31840,1,0.9677254364480254,73,1
A5_neutral_hg,0.2153846153846154,-0.717948717948718,true,1,0.9533482995566858,1,1.0031433289899088,47438,1,0.9533482969971593,104,1
A5_neutral_hg,0.27692307692307694,-0.717948717948718,true,1,0.9399042459945843,1,1.004378649987459,63664,1,0.9399042437083635,130,1
A5_neutral_hg,0.3384615384615385,-0.717948717948718,true,1,0.9273487832917977,1,1.0058434022329428,71628,1,0.9273487808539378,152,1
A5_neutral_hg,0.4,-0.717948717948718,true,1,0.9156320087086461,1,1.00760796219687,111177,1,0.9156320051734287,159,1
A5_neutral_hg,0.46153846153846156,-0.717948717948718,true,1,0.9047013329447663,1,1.0097747205139553,100475,1,0.9047013301001943,208,1
A5_neutral_hg,0.5230769230769231,-0.717948717948718,true,1,0.8945035427199132,1,1.0124985830333675,111410,1,0.894503538264473,226,1
A5_neutral_hg,0.5846153846153846,-0.717948717948718,true,1,0.8849862653041238,1,1.016025494661229,127336,1,0.884986261155019,268,1
A5_neutral_hg,0.6461538461538462,-0.717948717948718,true,1,0.8760989974902462,1,1.0207705687273603,127326,1,0.8760989937947787,258,1
A5_neutral_hg,0.7076923076923077,-0.717948717948718,true,1,0.8677937502209776,1,1.0274928550579103,175060,1,0.8677937465184943,340,1
A5_neutral_hg,0.7692307692307693,-0.717948717948718,true,1,0.860025428722957,1,1.0377409705278842,172328,1,0.8600254229047841,349,1
A5_neutral_hg,0.8307692307692308,-0.717948717948718,true,1,0.8527520038381557,-1,NaN,200001,1,0.8527519974363331,421,1
A5_neutral_hg,0.8923076923076924,-0.717948717948718,true,1,0.8459345582845185,1,1.0913423835198324,190995,1,0.8459345513151811,392,1
A5_neutral_hg,0.9538461538461539,-0.717948717948718,true,1,0.8395372148963681,-1,NaN,200001,1,0.8395372114194418,570,1
A5_neutral_hg,1.0153846153846153,-0.717948717948718,false,57,56.83352704233905,-1,NaN,200001,57,56.83352702615627,756,1
A5_neutral_hg,1.0769230769230769,-0.717948717948718,false,61,60.82787378207582,-1,NaN,200001,61,60.827873802958315,573,1
A5_neutral_hg,1.1384615384615384,-0.717948717948718,false,63,62.82254988637174,-1,NaN,200001,63,62.822549925162356,500,1
A5_neutral_hg,1.2,-0.717948717948718,false,63,62.817530035490236,-1,NaN,200001,63,62.81753016068318,448,1
A5_neutral_hg,-1.2,-0.4358974358974359,false,61,61.38242563050229,-1,NaN,200001,61,61.382425654929946,446,1
A5_neutral_hg,-1.1384615384615384,-0.4358974358974359,false,61,61.36886757417573,-1,NaN,200001,61,61.36886769950675,464,1
A5_neutral_hg,-1.0769230769230769,-0.4358974358974359,false,61,61.35437162516343,-1,NaN,200001,61,61.35437165957457,538,1
A5_neutral_hg,-1.0153846153846153,-0.4358974358974359,false,55,55.338903243331615,-1,NaN,200001,55,55.338903291245444,750,1
A5_neutral_hg,-0.9538461538461539,-0.4358974358974359,true,1,1.3224419840983073,-1,NaN,200001,1,1.3224419783510024,535,1
A5_neutral_hg,-0.8923076923076924,-0.4358974358974359,true,1,1.304985594105148,1,0.9946414979997137,191010,1,1.3049855860284407,403,1
A5_neutral_hg,-0.8307692307692308,-0.4358974358974359,true,1,1.2865555765602337,-1,NaN,200001,1,1.2865555691359376,404,1
A5_neutral_hg,-0.7692307692307693,-0.4358974358974359,true,1,1.2672018043312487,1,0.9950605389838182,172198,1,1.2672017979909476,336,1
A5_neutral_hg,-0.7076923076923077,-0.4358974358974359,true,1,1.247006359144003,1,0.9952927093232182,175071,1,1.2470063541816794,347,1
A5_neutral_hg,-0.6461538461538462,-0.4358974358974359,true,1,1.2260854215990418,1,0.995542237028505,127333,1,1.2260854165857142,262,1
A5_neutral_hg,-0.5846153846153846,-0.4358974358974359,true,1,1.2045883972105347,1,0.9958111438318465,127316,1,1.2045883916660478,245,1
A5_neutral_hg,-0.5230769230769231,-0.4358974358974359,true,1,1.1826937218222073,1,0.9961017780683538,111413,1,1.182693715333426,225,1
A5_neutral_hg,-0.46153846153846156,-0.4358974358974359,true,1,1.1606012777436963,1,0.9964168833894657,100436,1,1.1606012734744877,207,1
A5_neutral_hg,-0.4,-0.4358974358974359,true,1,1.1385220635162834,1,0.9967596855827746,111379,1,1.1385220588282514,192,1
A5_neutral_hg,-0.3384615384615385,-0.4358974358974359,true,1,1.1166663159588956,1,0.9971340033177444,71628,1,1.1166663120706442,151,1
A5_neutral_hg,-0.27692307692307694,-0.4358974358974359,true,1,1.095231770983703,1,0.997544390879017,63669,1,1.0952317673233365,134,1
A5_neutral_hg,-0.2153846153846154,-0.4358974358974359,true,1,1.0743936000459324,1,0.9979963242074645,47517,1,1.0743935960875994,100,1
A5_neutral_hg,-0.15384615384615385,-0.4358974358974359,true,1,1.0542972329183733,1,0.9984964463912037,31842,1,1.0542972289830013,75,1
A5_neutral_hg,-0.09230769230769231,-0.4358974358974359,true,1,1.0350545908096662,1,0.9990528960083714,29600,1,1.0350545872086827,74,1
A5_neutral_hg,-0.03076923076923077,-0.4358974358974359,true,1,1.016743598748773,1,0.999675752874372,7376,1,1.0167435949296528,25,1
A5_neutral_hg,0.03076923076923077,-0.4358974358974359,true,1,0.9994103555311192,1,1.0003776532500972,7126,1,0.9994103517142497,27,1
A5_neutral_hg,0.09230769230769231,-0.4358974358974359,true,1,0.9830731067854922,1,1.001174654715608,29880,1,0.9830731029045414,77,1
A5_neutral_hg,0.15384615384615385,-0.4358974358974359,true,1,0.9677271414406552,1,1.002087477414828,31839,1,0.9677271373267561,72,1
A5_neutral_hg,0.2153846153846154,-0.4358974358974359,true,1,0.9533498927019484,1,1.0031433275549866,47399,1,0.9533498887116676,106,1
A5_neutral_hg,0.27692307692307694,-0.4358974358974359,true,1,0.9399057346245556,1,1.0043786485524406,63668,1,0.9399057309222526,134,1
A5_neutral_hg,0.3384615384615385,-0.4358974358974359,true,1,0.9273501729443587,1,1.005843400797807,71627,1,0.9273501690343582,151,1
A5_neutral_hg,0.4,-0.4358974358974359,true,1,0.9156333048713599,1,1.0076079607615827,111241,1,0.91563330023745,152,1
A5_neutral_hg,0.46153846153846156,-0.4358974358974359,true,1,0.9047025426412906,1,1.0097747190784474,100489,1,0.9047025381428132,205,1
A5_neutral_hg,0.5230769230769231,-0.4358974358974359,true,1,0.8945046723584746,1,1.012498581597562,111410,1,0.8945046653582943,226,1
A5_neutral_hg,0.5846153846153846,-0.4358974358974359,true,1,0.8849873188214803,1,1.0160254932249924,127329,1,0.8849873132093933,261,1
A5_neutral_hg,0.6461538461538462,-0.4358974358974359,true,1,0.8760999815280089,1,1.0207705672904115,127324,1,0.8760999764621653,256,1
A5_neutral_hg,0.7076923076923077,-0.4358974358974359,true,1,0.8677946704041243,1,1.0274928536197854,175065,1,0.867794665137023,345,1
A5_neutral_hg,0.7692307692307693,-0.4358974358974359,true,1,0.8600262886406617,1,1.037740969087561,172339,1,0.8600262824676793,348,1
A5_neutral_hg,0.8307692307692308,-0.4358974358974359,true,1,0.8527528099325092,-1,NaN,200001,1,0.8527528025806601,416,1
A5_neutral_hg,0.8923076923076924,-0.4358974358974359,true,1,0.8459353157340308,1,1.0913423820602282,191016,1,0.8459353063240372,408,1
A5_neutral_hg,0.9538461538461539,-0.4358974358974359,true,1,0.839537927879631,-1,NaN,200001,1,0.8395379202331098,558,1
A5_neutral_hg,1.0153846153846153,-0.4358974358974359,false,57,56.83352754266917,-1,NaN,200001,57,56.83352769238905,770,1
A5_neutral_hg,1.0769230769230769,-0.4358974358974359,false,61,60.82787448457404,-1,NaN,200001,61,60.827874429918566,602,1
A5_neutral_hg,1.1384615384615384,-0.4358974358974359,false,63,62.82255116997945,-1,NaN,200001,63,62.82255051587422,499,1
A5_neutral_hg,1.2,-0.4358974358974359,false,63,62.81753057265767,-1,NaN,200001,63,62.81753071790864,462,1
A5_neutral_hg,-1.2,-0.15384615384615385,false,61,61.38242701018341,-1,NaN,200001,61,61.382427149599096,447,1
A5_neutral_hg,-1.1384615384615384,-0.15384615384615385,false,61,61.36886926131754,-1,NaN,200001,61,61.36886929930854,483,1
A5_neutral_hg,-1.0769230769230769,-0.15384615384615385,false,61,61.35437322173554,-1,NaN,200001,61,61.3543733690438,596,1
A5_neutral_hg,-1.0153846153846153,-0.15384615384615385,false,55,55.33890503164628,-1,NaN,200001,55,55.338905113613094,753,1
A5_neutral_hg,-0.9538461538461539,-0.15384615384615385,true,1,1.322443928581587,-1,NaN,200001,1,1.3224439150174248,560,1
A5_neutral_hg,-0.8923076923076924,-0.15384615384615385,true,1,1.3049876485796887,1,0.9946414913057533,190994,1,1.3049876359842616,387,1
A5_neutral_hg,-0.8307692307692308,-0.15384615384615385,true,1,1.286557742581292,-1,NaN,200001,1,1.2865577283805374,407,1
A5_neutral_hg,-0.7692307692307693,-0.15384615384615385,true,1,1.267204072314422,1,0.9950605322898451,172603,1,1.2672040590225162,336,1
A5_neutral_hg,-0.7076923076923077,-0.15384615384615385,true,1,1.2470087172436746,1,0.9952927026292473,175070,1,1.2470087056543986,346,1
A5_neutral_hg,-0.6461538461538462,-0.15384615384615385,true,1,1.2260878550482661,1,0.9955422303345254,127327,1,1.2260878432369653,256,1
A5_neutral_hg,-0.5846153846153846,-0.15384615384615385,true,1,1.2045908867833588,1,0.9958111371378763,127329,1,1.2045908745999065,258,1
A5_neutral_hg,-0.5230769230769231,-0.15384615384615385,true,1,1.1826962458785701,1,0.9961017713743407,111417,1,1.1826962327005233,229,1
A5_neutral_hg,-0.46153846153846156,-0.15384615384615385,true,1,1.1606038123899711,1,0.9964168766954477,100433,1,1.160603801517209,201,1
A5_neutral_hg,-0.4,-0.15384615384615385,true,1,1.1385245859754018,1,0.9967596788887453,110976,1,1.1385245731814606,158,1
A5_neutral_hg,-0.3384615384615385,-0.15384615384615385,true,1,1.1166687996956948,1,0.9971339966236952,71629,1,1.1166687891468694,152,1
A5_neutral_hg,-0.27692307692307694,-0.15384615384615385,true,1,1.0952341960378085,1,0.9975443841849528,63667,1,1.0952341855901093,132,1
A5_neutral_hg,-0.2153846153846154,-0.15384615384615385,true,1,1.0743959477400244,1,0.997996317513377,47426,1,1.0743959370716747,99,1
A5_neutral_hg,-0.15384615384615385,-0.15384615384615385,true,1,1.0542994883564127,1,0.998496439697091,31844,1,1.0542994779010262,77,1
A5_neutral_hg,-0.09230769230769231,-0.15384615384615385,true,1,1.0350567437682952,1,0.9990528893142322,29230,1,1.0350567332030085,72,1
A5_neutral_hg,-0.03076923076923077,-0.15384615384615385,true,1,1.0167456414717102,1,0.9996757461801999,7281,1,1.0167456309566723,25,1
A5_neutral_hg,0.03076923076923077,-0.15384615384615385,true,1,0.9994122847256944,1,1.0003776465558856,7007,1,0.9994122741751641,25,1
A5_neutral_hg,0.09230769230769231,-0.15384615384615385,true,1,0.983074921725162,1,1.0011746480213484,29202,1,0.9830749111216596,79,1
A5_neutral_hg,0.15384615384615385,-0.15384615384615385,true,1,0.9677288437245547,1,1.002087470720507,31841,1,0.9677288329587503,74,1
A5_neutral_hg,0.2153846153846154,-0.15384615384615385,true,1,0.953351485827574,1,1.0031433208605953,47495,1,0.9533514751789676,101,1
A5_neutral_hg,0.27692307692307694,-0.15384615384615385,true,1,0.9399072232801584,1,1.0043786418579592,63668,1,0.9399072128883448,134,1
A5_neutral_hg,0.3384615384615385,-0.15384615384615385,true,1,0.927351562513777,1,1.0058433941032048,71626,1,0.9273515519663246,150,1
A5_neutral_hg,0.4,-0.15384615384615385,true,1,0.9156346017455703,1,1.007607954066813,111228,1,0.9156345900523245,159,1
A5_neutral_hg,0.46153846153846156,-0.15384615384615385,true,1,0.904703752229866,1,1.0097747123834757,100461,1,0.9047037409355847,208,1
A5_neutral_hg,0.5230769230769231,-0.15384615384615385,true,1,0.8945058018033253,1,1.0124985749022815,111411,1,0.8945057872015799,227,1
A5_neutral_hg,0.5846153846153846,-0.15384615384615385,true,1,0.8849883723475518,1,1.0160254865292657,127327,1,0.8849883600125669,259,1
A5_neutral_hg,0.6461538461538462,-0.15384615384615385,true,1,0.876100965720818,1,1.0207705605939843,127350,1,0.8761009538777208,280,1
A5_neutral_hg,0.7076923076923077,-0.15384615384615385,true,1,0.8677955902813456,1,1.0274928469221951,175071,1,0.8677955785031288,351,1
A5_neutral_hg,0.7692307692307693,-0.15384615384615385,true,1,0.8600271504113783,1,1.037740962387768,172428,1,0.8600271367775999,357,1
A5_neutral_hg,0.8307692307692308,-0.15384615384615385,true,1,0.8527536165501151,-1,NaN,200001,1,0.8527536024715024,404,1
A5_neutral_hg,0.8923076923076924,-0.15384615384615385,true,1,0.845936071759329,1,1.0913423753411216,190998,1,0.8459360560789356,395,1
A5_neutral_hg,0.9538461538461539,-0.15384615384615385,true,1,0.839538637532145,-1,NaN,200001,1,0.8395386237923895,552,1
A5_neutral_hg,1.0153846153846153,-0.15384615384615385,false,57,56.83352844031042,-1,NaN,200001,57,56.833528353366994,786,1
A5_neutral_hg,1.0769230769230769,-0.15384615384615385,false,61,60.82787507531745,-1,NaN,200001,61,60.82787505162367,577,1
A5_neutral_hg,1.1384615384615384,-0.15384615384615385,false,63,62.8225511046029,-1,NaN,200001,63,62.82255110133072,495,1
A5_neutral_hg,1.2,-0.15384615384615385,false,63,62.81753111207061,-1,NaN,200001,63,62.81753126987831,465,1
A5_neutral_hg,-1.2,0.1282051282051282,false,60,60.3824285815921,-1,NaN,200001,60,60.38242867370953,444,0
A5_neutral_hg,-1.1384615384615384,0.1282051282051282,false,60,60.36887091094405,-1,NaN,200001,60,60.36887092855107,474,0
A5_neutral_hg,-1.0769230769230769,0.1282051282051282,false,60,60.35437509316902,-1,NaN,200001,60,60.354375107953175,582,0
A5_neutral_hg,-1.0153846153846153,0.1282051282051282,false,54,54.33890696801129,-1,NaN,200001,54,54.3389069654207,770,0
A5_neutral_hg,-0.9538461538461539,0.1282051282051282,true,0,0.32244586731308555,-1,NaN,200001,0,0.3224458811237829,547,0
A5_neutral_hg,-0.8923076923076924,0.1282051282051282,true,0,0.3049897047912089,0,-0.005358485935168744,191006,0,0.30498971538029485,399,0
A5_neutral_hg,-0.8307692307692308,0.1282051282051282,true,0,0.286559906687071,-1,NaN,200001,0,0.28655991706600026,414,0
A5_neutral_hg,-0.7692307692307693,0.1282051282051282,true,0,0.26720633697228025,0,-0.004939444951101102,172470,0,0.2672063494960235,339,0
A5_neutral_hg,-0.7076923076923077,0.1282051282051282,true,0,0.24701107534614808,0,-0.004707274611724488,175060,0,0.24701108657058213,336,0
A5_neutral_hg,-0.6461538461538462,0.1282051282051282,true,0,0.22609028703958278,0,-0.00445774690644396,127330,0,0.22609029933364533,259,0
A5_neutral_hg,-0.5846153846153846,0.1282051282051282,true,0,0.20459337434709657,0,-0.004188840103089619,127322,0,0.20459338698154628,251,0
A5_neutral_hg,-0.5230769230769231,0.1282051282051282,true,0,0.1826987674443611,0,-0.0038982058666348074,111411,0,0.1826987795180376,223,0
A5_neutral_hg,-0.46153846153846156,0.1282051282051282,true,0,0.16060634874325064,0,-0.0035831005455546627,100458,0,0.16060635901313036,201,0
A5_neutral_hg,-0.4,0.1282051282051282,true,0,0.13852710486755682,0,-0.003240298352269466,111346,0,0.13852711699064357,159,0
A5_neutral_hg,-0.3384615384615385,0.1282051282051282,true,0,0.11667128424482232,0,-0.0028659806173354507,71627,0,0.116671295681676,150,0
A5_neutral_hg,-0.27692307692307694,0.1282051282051282,true,0,0.09523662106694197,0,-0.002455593056096328,63670,0,0.09523663331777121,135,0
A5_neutral_hg,-0.2153846153846154,0.1282051282051282,true,0,0.0743982967903225,0,-0.0020036597276771317,47523,0,0.07439830751855292,105,0
A5_neutral_hg,-0.15384615384615385,0.1282051282051282,true,0,0.05430174403413546,0,-0.0015035375439893528,31841,0,0.05430175628332323,74,0
A5_neutral_hg,-0.09230769230769231,0.1282051282051282,true,0,0.03505889626641401,0,-0.00094708792688869,29473,0,0.03505890866262762,80,0
A5_neutral_hg,-0.03076923076923077,0.1282051282051282,true,0,0.01674768428929052,0,-0.00032423106094703336,7223,0,0.01674769644958618,36,0
A5_neutral_hg,0.03076923076923077,0.1282051282051282,true,0,-0.0005857860604934206,0,0.0003776693147026222,7133,0,-0.0005857738977934623,28,0
A5_neutral_hg,0.09230769230769231,0.1282051282051282,true,0,-0.016923263311965364,0,0.0011746707801093548,29129,0,-0.016923251195161804,75,0
A5_neutral_hg,0.15384615384615385,0.1282051282051282,true,0,-0.03226945456028174,0,0.0020874934792273203,31841,0,-0.032269441943496124,74,0
A5_neutral_hg,0.2153846153846154,0.1282051282051282,true,0,-0.046646919767401984,0,0.003143343619240402,47604,0,-0.04664690888844536,104,0
A5_neutral_hg,0.27692307692307694,0.1282051282051282,true,0,-0.06009128782684536,0,0.004378664616498273,63667,0,-0.06009127568086359,133,0
A5_neutral_hg,0.3384615384615385,0.1282051282051282,true,0,-0.07264704716674308,0,0.005843416861604722,71626,0,-0.07264703563766872,150,0
A5_neutral_hg,0.4,0.1282051282051282,true,0,-0.08436410124612714,0,0.007607976825079632,111136,0,-0.08436409066945316,160,0
A5_neutral_hg,0.46153846153846156,0.1282051282051282,true,0,-0.09529503746821333,0,0.009774735141523161,100450,0,-0.09529502680899626,202,0
A5_neutral_hg,0.5230769230769231,0.1282051282051282,true,0,-0.10549307355968751,0,0.01249859766002226,111416,0,-0.10549306149317528,232,0
A5_neutral_hg,0.5846153846153846,0.1282051282051282,true,0,-0.11501057517499769,0,0.01602550928656299,127324,0,-0.11501056372296414,256,0
A5_neutral_hg,0.6461538461538462,0.1282051282051282,true,0,-0.12389805110553853,0,0.020770583350582017,127330,0,-0.12389803924605847,260,0
A5_neutral_hg,0.7076923076923077,0.1282051282051282,true,0,-0.13220349015729882,0,0.027492869677619547,175060,0,-0.13220347867069138,340,0
A5_neutral_hg,0.7692307692307693,0.1282051282051282,true,0,-0.139971992104869,0,0.037740985140985894,172164,0,-0.13997197945295925,341,0
A5_neutral_hg,0.8307692307692308,0.1282051282051282,true,0,-0.14724557755260337,-1,NaN,200001,0,-0.14724556817864665,402,0
A5_neutral_hg,0.8923076923076924,0.1282051282051282,true,0,-0.15406317558450255,0,0.09134239807505318,191006,0,-0.1540631647076267,397,0
A5_neutral_hg,0.9538461538461539,0.1282051282051282,true,0,-0.1604606572926608,-1,NaN,200001,0,-0.16046064319022535,557,0
A5_neutral_hg,1.0153846153846153,0.1282051282051282,false,54,53.833528922337436,-1,NaN,200001,54,53.83352904380273,785,0
A5_neutral_hg,1.0769230769230769,0.1282051282051282,false,60,59.82787563111146,-1,NaN,200001,60,59.82787570278614,575,0
A5_neutral_hg,1.1384615384615384,0.1282051282051282,false,62,61.82255154418434,-1,NaN,200001,62,61.822551716244156,488,0
A5_neutral_hg,1.2,0.1282051282051282,false,62,61.817531650944375,-1,NaN,200001,62,61.817531851304715,448,0
A5_neutral_hg,-1.2,0.41025641025641024,false,60,60.38243017975177,-1,NaN,200001,60,60.3824301665144,454,0
A5_neutral_hg,-1.1384615384615384,0.41025641025641024,false,60,60.36887248863135,-1,NaN,200001,60,60.368872526487486,479,0
A5_neutral_hg,-1.0769230769230769,0.41025641025641024,false,60,60.35437680522676,-1,NaN,200001,60,60.35437681555598,580,0
A5_neutral_hg,-1.0153846153846153,0.41025641025641024,false,54,54.33890887293703,-1,NaN,200001,54,54.3389087859214,762,0
A5_neutral_hg,-0.9538461538461539,0.41025641025641024,true,0,0.32244781057160754,-1,NaN,200001,0,0.32244781592321015,535,0
A5_neutral_hg,-0.8923076923076924,0.41025641025641024,true,0,0.3049917616114717,0,-0.005358494469941633,191382,0,0.3049917634696737,408,0
A5_neutral_hg,-0.8307692307692308,0.41025641025641024,true,0,0.2865620724953185,-1,NaN,200001,0,0.286562074445457,410,0
A5_neutral_hg,-0.7692307692307693,0.41025641025641024,true,0,0.26720860466384677,0,-0.004939453485917733,171943,0,0.2672086086646014,343,0
A5_neutral_hg,-0.7076923076923077,0.41025641025641024,true,0,0.24701343289024646,0,-0.004707283146512475,175072,0,0.24701343618336402,348,0
A5_neutral_hg,-0.6461538461538462,0.41025641025641024,true,0,0.22609272078286013,0,-0.004457755441251932,127326,0,0.2260927241288907,255,0
A5_neutral_hg,-0.5846153846153846,0.41025641025641024,true,0,0.20459586406925856,0,-0.004188848637909803,127302,0,0.20459586806410013,231,0
A5_neutral_hg,-0.5230769230769231,0.41025641025641024,true,0,0.1827012926732452,0,-0.0038982144014663156,111415,0,0.18270129503910293,227,0
A5_neutral_hg,-0.46153846153846156,0.41025641025641024,true,0,0.16060888183954303,0,-0.0035831090803692955,100434,0,0.1606088852153863,205,0
A5_neutral_hg,-0.4,0.41025641025641024,true,0,0.13852962630329435,0,-0.0032403068871222906,111242,0,0.13852962950893444,156,0
A5_neutral_hg,-0.3384615384615385,0.41025641025641024,true,0,0.1166737677110643,0,-0.002865989152188275,71628,0,0.11667377092819653,151,0
A5_neutral_hg,-0.27692307692307694,0.41025641025641024,true,0,0.09523904594463084,0,-0.0024556015909533713,63666,0,0.09523904975945563,131,0
A5_neutral_hg,-0.2153846153846154,0.41025641025641024,true,0,0.07440064374567412,0,-0.002003668262589464,47521,0,0.07440064668136659,102,0
A5_neutral_hg,-0.15384615384615385,0.41025641025641024,true,0,0.05430399903816785,0,-0.001503546078910789,31839,0,0.05430400338302688,72,0
A5_neutral_hg,-0.09230769230769231,0.41025641025641024,true,0,0.03506104906492702,0,-0.0009470964618318867,29422,0,0.035061052840672846,61,0
A5_neutral_hg,-0.03076923076923077,0.41025641025641024,true,0,0.016749726999173875,0,-0.00032423959592842166,7266,0,0.016749730661527074,25,0
A5_neutral_hg,0.03076923076923077,0.41025641025641024,true,0,-0.0005838568944103173,0,0.0003776607796709408,7192,0,-0.0005838532514892414,27,0
A5_neutral_hg,0.09230769230769231,0.41025641025641024,true,0,-0.016921448050433607,0,0.0011746622450474753,29273,0,-0.01692144479278901,56,0
A5_neutral_hg,0.15384615384615385,0.41025641025641024,true,0,-0.03226775206296906,0,0.0020874849440839505,31840,0,-0.03226774812685029,73,0
A5_neutral_hg,0.2153846153846154,0.41025641025641024,true,0,-0.04664532654700282,0,0.003143335084012433,47451,0,-0.0466453242374385,103,0
A5_neutral_hg,0.27692307692307694,0.41025641025641024,true,0,-0.060089799150099044,0,0.004378656081192922,63664,0,-0.060089795532240364,130,0
A5_neutral_hg,0.3384615384615385,0.41025641025641024,true,0,-0.07264565740010842,0,0.005843408326206445,71623,0,-0.07264565452448823,147,0
A5_neutral_hg,0.4,0.41025641025641024,true,0,-0.08436280632827953,0,0.007607968289512379,111205,0,-0.08436280267474916,159,0
A5_neutral_hg,0.46153846153846156,0.41025641025641024,true,0,-0.09529382925439478,0,0.009774726605723538,100430,0,-0.09529382583779533,207,0
A5_neutral_hg,0.5230769230769231,0.41025641025641024,true,0,-0.1054919451427001,0,0.012498589123926651,111409,0,-0.10549194147283902,225,0
A5_neutral_hg,0.5846153846153846,0.41025641025641024,true,0,-0.11500952027101263,0,0.016025500750009414,127330,0,-0.11500951874406673,262,0
A5_neutral_hg,0.6461538461538462,0.41025641025641024,true,0,-0.12389706711281989,0,0.020770574813368525,127328,0,-0.12389706365604036,260,0
A5_neutral_hg,0.7076923076923077,0.41025641025641024,true,0,-0.13220257034782468,0,0.027492861139218006,175061,0,-0.13220256713130807,341,0
A5_neutral_hg,0.7692307692307693,0.41025641025641024,true,0,-0.1399711312095453,0,0.037740976600382115,171966,0,-0.13997112697086433,338,0
A5_neutral_hg,0.8307692307692308,0.41025641025641024,true,0,-0.14724477139927572,-1,NaN,200001,0,-0.14724477011665082,398,0
A5_neutral_hg,0.8923076923076924,0.41025641025641024,true,0,-0.15406241937445553,0,0.09134238951514873,191042,0,-0.15406241678251553,401,0
A5_neutral_hg,0.9538461538461539,0.41025641025641024,true,0,-0.16045994725713641,-1,NaN,200001,0,-0.1604599414615997,574,0
A5_neutral_hg,1.0153846153846153,0.41025641025641024,false,54,53.833529786739255,-1,NaN,200001,54,53.83352970294933,764,0
A5_neutral_hg,1.0769230769230769,0.41025641025641024,false,60,59.82787632638072,-1,NaN,200001,60,59.827876322659066,571,0
A5_neutral_hg,1.1384615384615384,0.41025641025641024,false,62,61.82255221130878,-1,NaN,200001,62,61.8225522998677,499,0
A5_neutral_hg,1.2,0.41025641025641024,false,62,61.81753229182515,-1,NaN,200001,62,61.8175324014409,449,0
A5_neutral_hg,-1.2,0.6923076923076923,false,60,60.382431601762484,-1,NaN,200001,60,60.38243166626164,458,0
A5_neutral_hg,-1.1384615384615384,0.6923076923076923,false,60,60.36887400868597,-1,NaN,200001,60,60.368874131365764,472,0
A5_neutral_hg,-1.0769230769230769,0.6923076923076923,false,60,60.35437851361712,-1,NaN,200001,60,60.35437853010017,556,0
A5_neutral_hg,-1.0153846153846153,0.6923076923076923,false,54,54.338910565892235,-1,NaN,200001,54,54.33891061336329,777,0
A5_neutral_hg,-0.9538461538461539,0.6923076923076923,true,0,0.32244975404221743,-1,NaN,200001,0,0.32244975766373185,555,0
A5_neutral_hg,-0.8923076923076924,0.6923076923076923,true,0,0.30499381812983895,0,-0.005358496050541284,191007,0,0.30499381850042695,400,0
A5_neutral_hg,-0.8307692307692308,0.6923076923076923,true,0,0.28656423929960084,-1,NaN,200001,0,0.2865642387669385,418,0
A5_neutral_hg,-0.7692307692307693,0.6923076923076923,true,0,0.26721087228913076,0,-0.004939455066478526,172237,0,0.2672108747762769,346,0
A5_neutral_hg,-0.7076923076923077,0.6923076923076923,true,0,0.24701579044128774,0,-0.004707284727109462,175067,0,0.24701579274076801,343,0
A5_neutral_hg,-0.6461538461538462,0.6923076923076923,true,0,0.22609515391943735,0,-0.0044577570218453655,127327,0,0.22609515587072493,256,0
A5_neutral_hg,-0.5846153846153846,0.6923076923076923,true,0,0.204598353660145,0,-0.004188850218542983,127320,0,0.2045983560955955,249,0
A5_neutral_hg,-0.5230769230769231,0.6923076923076923,true,0,0.18270381548223558,0,-0.00389821598213147,111413,0,0.18270381751174425,225,0
A5_neutral_hg,-0.46153846153846156,0.6923076923076923,true,0,0.1606114178230903,0,-0.003583110661015576,100481,0,0.1606114183720012,205,0
A5_neutral_hg,-0.4,0.6923076923076923,true,0,0.13853214721003204,0,-0.0032403084677663507,111050,0,0.1385321489843565,163,0
A5_neutral_hg,-0.3384615384615385,0.6923076923076923,true,0,0.11667625168873863,0,-0.0028659907328725254,71623,0,0.11667625313445917,146,0
A5_neutral_hg,-0.27692307692307694,0.6923076923076923,true,0,0.09524147270284311,0,-0.0024556031716722604,63665,0,0.09524147316318843,130,0
A5_neutral_hg,-0.2153846153846154,0.6923076923076923,true,0,0.07440299217113633,0,-0.0020036698433043565,47435,0,0.07440299280814267,103,0
A5_neutral_hg,-0.15384615384615385,0.6923076923076923,true,0,0.05430625531201938,0,-0.001503547659663651,31840,0,0.054306257448162865,73,0
A5_neutral_hg,-0.09230769230769231,0.6923076923076923,true,0,0.035063202140971916,0,-0.0009470980425978492,29769,0,0.03506320398517215,79,0
A5_neutral_hg,-0.03076923076923077,0.6923076923076923,true,0,0.016751769802879624,0,-0.00032424117672635866,7046,0,0.016751771840522345,24,0
A5_neutral_hg,0.03076923076923077,0.6923076923076923,true,0,-0.0005819277639977916,0,0.00037765919883436805,7222,0,-0.0005819256378969406,25,0
A5_neutral_hg,0.09230769230769231,0.6923076923076923,true,0,-0.01691963306370048,0,0.001174660664153837,29560,0,-0.01691963142319497,59,0
A5_neutral_hg,0.15384615384615385,0.6923076923076923,true,0,-0.03226604986376547,0,0.002087483363134135,31841,0,-0.03226604734328431,74,0
A5_neutral_hg,0.2153846153846154,0.6923076923076923,true,0,-0.04664373344129902,0,0.0031433335029987797,47604,0,-0.046643732619984446,101,0
A5_neutral_hg,0.27692307692307694,0.6923076923076923,true,0,-0.060088309069269874,0,0.004378654500078127,63669,0,-0.060088308417757696,135,0
A5_neutral_hg,0.3384615384615385,0.6923076923076923,true,0,-0.07264426776267507,0,0.005843406744989843,71628,0,-0.07264426644610578,152,0
A5_neutral_hg,0.4,0.6923076923076923,true,0,-0.0843615088038816,0,0.0076079667081195845,111266,0,-0.08436150771553774,156,0
A5_neutral_hg,0.46153846153846156,0.6923076923076923,true,0,-0.09529261942596556,0,0.009774725024142894,100454,0,-0.09529261790278687,203,0
A5_neutral_hg,0.5230769230769231,0.6923076923076923,true,0,-0.10549081664691684,0,0.012498587542048911,111406,0,-0.10549081448938225,222,0
A5_neutral_hg,0.5846153846153846,0.6923076923076923,true,0,-0.1150084691432589,0,0.016025499167659163,127318,0,-0.11500846680271293,250,0
A5_neutral_hg,0.6461538461538462,0.6923076923076923,true,0,-0.1238960832372038,0,0.020770573230303402,127320,0,-0.12389608110419492,252,0
A5_neutral_hg,0.7076923076923077,0.6923076923076923,true,0,-0.13220165046082277,0,0.0274928595550048,175064,0,-0.13220164863069073,344,0
A5_neutral_hg,0.7692307692307693,0.6923076923076923,true,0,-0.1399702703542831,0,0.03774097501401297,172626,0,-0.13997026752808828,365,0
A5_neutral_hg,0.8307692307692308,0.6923076923076923,true,0,-0.14724396507679582,-1,NaN,200001,0,-0.14724396509448723,419,0
A5_neutral_hg,0.8923076923076924,0.6923076923076923,true,0,-0.15406166254485876,0,0.09134238790938354,191013,0,-0.1540616618977082,410,0
A5_neutral_hg,0.9538461538461539,0.6923076923076923,true,0,-0.1604592372589515,-1,NaN,200001,0,-0.16045923277370644,555,0
A5_neutral_hg,1.0153846153846153,0.6923076923076923,false,54,53.83353032540916,-1,NaN,200001,54,53.83353036905467,763,0
A5_neutral_hg,1.0769230769230769,0.6923076923076923,false,60,59.82787702541249,-1,NaN,200001,60,59.82787694949056,539,0
A5_neutral_hg,1.1384615384615384,0.6923076923076923,false,62,61.822552627502,-1,NaN,200001,62,61.822552890449444,487,0
A5_neutral_hg,1.2,0.6923076923076923,false,62,61.81753284331468,-1,NaN,200001,62,61.817532958535004,450,0
A5_neutral_hg,-1.2,0.9743589743589743,false,60,60.38243305353541,-1,NaN,200001,60,60.382433166912236,465,0
A5_neutral_hg,-1.1384615384615384,0.9743589743589743,false,60,60.36887554614316,-1,NaN,200001,60,60.36887573714665,490,0
A5_neutral_hg,-1.0769230769230769,0.9743589743589743,false,60,60.35438025398161,-1,NaN,200001,60,60.35438024554663,590,0
A5_neutral_hg,-1.0153846153846153,0.9743589743589743,false,54,54.338912494818,-1,NaN,200001,54,54.33891244170706,779,0
A5_neutral_hg,-0.9538461538461539,0.9743589743589743,true,0,0.32245169684749075,-1,NaN,200001,0,0.32245170030618786,568,0
A5_neutral_hg,-0.8923076923076924,0.9743589743589743,true,0,0.3049958745487774,0,-0.005358496716131755,191041,0,0.3049958744333874,400,0
A5_neutral_hg,-0.8307692307692308,0.9743589743589743,true,0,0.2865664069870755,-1,NaN,200001,0,0.28656640399127997,429,0
A5_neutral_hg,-0.7692307692307693,0.9743589743589743,true,0,0.26721314009478847,0,-0.004939455732073883,171827,0,0.2672131417918885,354,0
A5_neutral_hg,-0.7076923076923077,0.9743589743589743,true,0,0.2470181497615883,0,-0.004707285392681726,175065,0,0.24701815020363438,341,0
A5_neutral_hg,-0.6461538461538462,0.9743589743589743,true,0,0.22609758812096503,0,-0.004457757687454045,127324,0,0.22609758851998651,253,0
A5_neutral_hg,-0.5846153846153846,0.9743589743589743,true,0,0.20460084337660345,0,-0.004188850884139228,127325,0,0.20460084503686993,254,0
A5_neutral_hg,-0.5230769230769231,0.9743589743589743,true,0,0.1827063393770728,0,-0.003898216647719277,111410,0,0.1827063408968005,222,0
A5_neutral_hg,-0.46153846153846156,0.9743589743589743,true,0,0.16061395395998435,0,-0.003583111326682209,100423,0,0.16061395244381438,199,0
A5_neutral_hg,-0.4,0.9743589743589743,true,0,0.1385346682108085,0,-0.0032403091334027856,110548,0,0.13853466937775183,158,0
A5_neutral_hg,-0.3384615384615385,0.9743589743589743,true,0,0.11667873542687879,0,-0.0028659913985007446,71627,0,0.11667873626129965,150,0
A5_neutral_hg,-0.27692307692307694,0.9743589743589743,true,0,0.09524389598281235,0,-0.0024556038373291234,63670,0,0.09524389748980777,135,0
A5_neutral_hg,-0.2153846153846154,0.9743589743589743,true,0,0.07440533990645548,0,-0.002003670508979205,47382,0,0.07440533985971909,103,0
A5_neutral_hg,-0.15384615384615385,0.9743589743589743,true,0,0.054308510685102895,0,-0.0015035483253611481,31838,0,0.05430851243956902,71,0
A5_neutral_hg,-0.09230769230769231,0.9743589743589743,true,0,0.03506535455451121,0,-0.0009470987083362026,29570,0,0.03506535605696204,50,0
A5_neutral_hg,-0.03076923076923077,0.9743589743589743,true,0,0.016753812572072646,0,-0.0003242418425060123,7183,0,0.016753813947409824,28,0
A5_neutral_hg,0.03076923076923077,0.9743589743589743,true,0,-0.0005799984955898729,0,0.00037765853301796604,7231,0,-0.0005799970961772871,26,0
A5_neutral_hg,0.09230769230769231,0.9743589743589743,true,0,-0.016917818657855577,0,0.0011746599982891404,29454,0,-0.01691781712554241,78,0
A5_neutral_hg,0.15384615384615385,0.9743589743589743,true,0,-0.03226434732768313,0,0.002087482697219478,31840,0,-0.03226434563196112,73,0
A5_neutral_hg,0.2153846153846154,0.9743589743589743,true,0,-0.046642141390923264,0,0.0031433328370126246,47615,0,-0.04664214007524459,104,0
A5_neutral_hg,0.27692307692307694,0.9743589743589743,true,0,-0.06008682185000502,0,0.00437865383399183,63667,0,-0.06008682037657742,133,0
A5_neutral_hg,0.3384615384615385,0.9743589743589743,true,0,-0.07264287822146431,0,0.005843406078780866,71625,0,-0.07264287744168474,149,0
A5_neutral_hg,0.4,0.9743589743589743,true,0,-0.08436021301330099,0,0.007607966041761505,110845,0,-0.08436021183097786,158,0
A5_neutral_hg,0.46153846153846156,0.9743589743589743,true,0,-0.09529140905811628,0,0.009774724357541342,100461,0,-0.09529140904313138,202,0
A5_neutral_hg,0.5230769230769231,0.9743589743589743,true,0,-0.10548968801363867,0,0.012498586875152595,111409,0,-0.10548968658196856,225,0
A5_neutral_hg,0.5846153846153846,0.9743589743589743,true,0,-0.11500741439020468,0,0.016025498500354507,127327,0,-0.11500741393806391,259,0
A5_neutral_hg,0.6461538461538462,0.9743589743589743,true,0,-0.12389509835408119,0,0.0207705725623204,127316,0,-0.12389509762968931,246,0
A5_neutral_hg,0.7076923076923077,0.9743589743589743,true,0,-0.1322007307783517,0,0.027492858885803217,175066,0,-0.1322007292080034,346,0
A5_neutral_hg,0.7692307692307693,0.9743589743589743,true,0,-0.13996940908156552,0,0.037740974342592715,171937,0,-0.13996940716379158,358,0
A5_neutral_hg,0.8307692307692308,0.9743589743589743,true,0,-0.14724315886364092,-1,NaN,200001,0,-0.14724315915131236,426,0
A5_neutral_hg,0.8923076923076924,0.9743589743589743,true,0,-0.15406090662366134,0,0.09134238721871013,191325,0,-0.15406090609236012,440,0
A5_neutral_hg,0.9538461538461539,0.9743589743589743,true,0,-0.16045852636666713,-1,NaN,200001,0,-0.16045852316571052,561,0
A5_neutral_hg,1.0153846153846153,0.9743589743589743,false,54,53.83353105335374,-1,NaN,200001,54,53.83353103607981,768,0
A5_neutral_hg,1.0769230769230769,0.9743589743589743,false,60,59.82787756371313,-1,NaN,200001,60,59.82787757724138,582,0
A5_neutral_hg,1.1384615384615384,0.9743589743589743,false,62,61.82255348718182,-1,NaN,200001,62,61.822553481950244,496,0
A5_neutral_hg,1.2,0.9743589743589743,false,62,61.81753343136028,-1,NaN,200001,62,61.81753351654781,468,0
A5_neutral_hg,-1.2,1.2564102564102564,false,60,60.38243455993026,-1,NaN,200001,60,60.38243466784986,473,0
A5_neutral_hg,-1.1384615384615384,1.2564102564102564,false,60,60.36887729168818,-1,NaN,200001,60,60.368877343214066,495,0
A5_neutral_hg,-1.0769230769230769,1.2564102564102564,false,60,60.35438177870875,-1,NaN,200001,60,60.354381961279095,559,0
A5_neutral_hg,-1.0153846153846153,1.2564102564102564,false,54,54.338914171925616,-1,NaN,200001,54,54.33891427033657,772,0
A5_neutral_hg,-0.9538461538461539,1.2564102564102564,true,0,0.3224536400660676,-1,NaN,200001,0,0.3224536432343391,534,0
A5_neutral_hg,-0.8923076923076924,1.2564102564102564,true,0,0.30499793106189166,0,-0.005358497082852409,190996,0,0.30499793065231817,389,0
A5_neutral_hg,-0.8307692307692308,1.2564102564102564,true,0,0.28656857000803826,-1,NaN,200001,0,0.2865685695022383,394,0
A5_neutral_hg,-0.7692307692307693,1.2564102564102564,true,0,0.2672154074154902,0,-0.004939456098835393,172131,0,0.2672154090951949,345,0
A5_neutral_hg,-0.7076923076923077,1.2564102564102564,true,0,0.24702050740471315,0,-0.004707285759487645,175055,0,0.2470205079557214,331,0
A5_neutral_hg,-0.6461538461538462,1.2564102564102564,true,0,0.2261000205641236,0,-0.004457758054279504,127335,0,0.22610002146043473,264,0
A5_neutral_hg,-0.5846153846153846,1.2564102564102564,true,0,0.20460333304929312,0,-0.004188851250955805,127318,0,0.20460333427168087,247,0
A5_neutral_hg,-0.5230769230769231,1.2564102564102564,true,0,0.18270886485580473,0,-0.0038982170145416273,111409,0,0.18270886457802993,221,0
A5_neutral_hg,-0.46153846153846156,1.2564102564102564,true,0,0.16061648614258994,0,-0.0035831116935007845,100411,0,0.1606164868145843,204,0
A5_neutral_hg,-0.4,1.2564102564102564,true,0,0.13853718909837787,0,-0.003240309500251781,111182,0,0.13853719007287613,162,0
A5_neutral_hg,-0.3384615384615385,1.2564102564102564,true,0,0.11668121920213392,0,-0.00286599176539748,71624,0,0.11668121969247813,147,0
A5_neutral_hg,-0.27692307692307694,1.2564102564102564,true,0,0.09524632108750264,0,-0.0024556042042060966,63669,0,0.09524632212307305,134,0
A5_neutral_hg,-0.2153846153846154,1.2564102564102564,true,0,0.07440768612886206,0,-0.002003670875909247,47758,0,0.0744076872198558,106,0
A5_neutral_hg,-0.15384615384615385,1.2564102564102564,true,0,0.05431076669272861,0,-0.0015035486922940766,31841,0,0.05431076774100474,74,0
A5_neutral_hg,-0.09230769230769231,1.2564102564102564,true,0,0.03506750721025487,0,-0.0009470990752977748,28914,0,0.035067508439801776,48,0
A5_neutral_hg,-0.03076923076923077,1.2564102564102564,true,0,0.016755855463910008,0,-0.0003242422094908992,7237,0,0.016755856365948563,30,0
A5_neutral_hg,0.03076923076923077,1.2564102564102564,true,0,-0.0005780692721528702,0,0.0003776581659843403,7374,0,-0.0005780682425731154,22,0
A5_neutral_hg,0.09230769230769231,1.2564102564102564,true,0,-0.01691600372564883,0,0.0011746596312097735,29293,0,-0.016916002516070172,62,0
A5_neutral_hg,0.15384615384615385,1.2564102564102564,true,0,-0.03226264493299058,0,0.002087482330082824,31839,0,-0.03226264360912179,72,0
A5_neutral_hg,0.2153846153846154,1.2564102564102564,true,0,-0.046640546794013193,0,0.003143332469796589,47349,0,-0.04664054721946065,101,0
A5_neutral_hg,0.27692307692307694,1.2564102564102564,true,0,-0.06008533285541229,0,0.004378653466695415,63661,0,-0.06008533202494082,127,0
A5_neutral_hg,0.3384615384615385,1.2564102564102564,true,0,-0.072641488614831,0,0.00584340571134645,71626,0,-0.0726414881274644,150,0
A5_neutral_hg,0.4,1.2564102564102564,true,0,-0.08435891602783818,0,0.007607965674168438,111226,0,-0.08435891563731324,161,0
A5_neutral_hg,0.46153846153846156,1.2564102564102564,true,0,-0.0952901989015138,0,0.009774723989748546,100443,0,-0.09529019987507237,203,0
A5_neutral_hg,0.5230769230769231,1.2564102564102564,true,0,-0.10548855947309521,0,0.012498586507056153,111408,0,-0.10548855836683768,224,0
A5_neutral_hg,0.5846153846153846,1.2564102564102564,true,0,-0.11500636191454272,0,0.016025498131829408,127329,0,-0.11500636076636495,261,0
A5_neutral_hg,0.6461538461538462,1.2564102564102564,true,0,-0.1238941135475824,0,0.020770572193082204,127322,0,-0.12389411384875992,252,0
A5_neutral_hg,0.7076923076923077,1.2564102564102564,true,0,-0.13219980988446256,0,0.027492858515397955,175065,0,-0.13219980947948473,345,0
A5_neutral_hg,0.7692307692307693,1.2564102564102564,true,0,-0.13996854732345398,0,0.037740973969954905,172343,0,-0.13996854649421753,356,0
A5_neutral_hg,0.8307692307692308,1.2564102564102564,true,0,-0.14724235121651974,-1,NaN,200001,0,-0.14724235290337173,380,0
A5_neutral_hg,0.8923076923076924,1.2564102564102564,true,0,-0.1540601493758864,0,0.09134238682679863,191008,0,-0.15406014998271722,404,0
A5_neutral_hg,0.9538461538461539,1.2564102564102564,true,0,-0.16045781642378243,-1,NaN,200001,0,-0.16045781325384922,549,0
A5_neutral_hg,1.0153846153846153,1.2564102564102564,false,54,53.833531703841004,-1,NaN,200001,54,53.8335317034084,783,0
A5_neutral_hg,1.0769230769230769,1.2564102564102564,false,60,59.82787818830696,-1,NaN,200001,60,59.82787820529523,584,0
A5_neutral_hg,1.1384615384615384,1.2564102564102564,false,62,61.822553959996554,-1,NaN,200001,62,61.82255407375379,496,0
A5_neutral_hg,1.2,1.2564102564102564,false,62,61.81753397853553,-1,NaN,200001,62,61.81753407486312,450,0
A5_neutral_hg,-1.2,1.5384615384615385,false,60,60.382436085079384,-1,NaN,200001,60,60.38243616891016,468,0
A5_neutral_hg,-1.1384615384615384,1.5384615384615385,false,60,60.368878915091955,-1,NaN,200001,60,60.368878949403616,500,0
A5_neutral_hg,-1.0769230769230769,1.5384615384615385,false,60,60.3543836251396,-1,NaN,200001,60,60.35438367713325,573,0
A5_neutral_hg,-1.0153846153846153,1.5384615384615385,false,54,54.33891606209225,-1,NaN,200001,54,54.33891609908751,771,0
A5_neutral_hg,-0.9538461538461539,1.5384615384615385,true,0,0.32245558385133455,-1,NaN,200001,0,0.32245558628384896,545,0
A5_neutral_hg,-0.8923076923076924,1.5384615384615385,true,0,0.3049999874352276,0,-0.005358497315195887,191005,0,0.3049999869928832,398,0
A5_neutral_hg,-0.8307692307692308,1.5384615384615385,true,0,0.286570736925184,-1,NaN,200001,0,0.2865707351354888,386,0
A5_neutral_hg,-0.7692307692307693,1.5384615384615385,true,0,0.26721767538873087,0,-0.00493945633120485,172164,0,0.267217676521863,357,0
A5_neutral_hg,-0.7076923076923077,1.5384615384615385,true,0,0.24702286513117044,0,-0.004707285991837784,175064,0,0.24702286583269795,340,0
A5_neutral_hg,-0.6461538461538462,1.5384615384615385,true,0,0.22610245478072177,0,-0.004457758286610325,127322,0,0.22610245452773825,251,0
A5_neutral_hg,-0.5846153846153846,1.5384615384615385,true,0,0.20460582237549596,0,-0.004188851483332812,127316,0,0.20460582363569646,245,0
A5_neutral_hg,-0.5230769230769231,1.5384615384615385,true,0,0.18271138750540916,0,-0.0038982172468911003,111410,0,0.18271138839109946,222,0
A5_neutral_hg,-0.46153846153846156,1.5384615384615385,true,0,0.1606190210703854,0,-0.0035831119259039923,100448,0,0.1606190213199784,202,0
A5_neutral_hg,-0.4,1.5384615384615385,true,0,0.1385397099921435,0,-0.003240309732655655,111295,0,0.13853971090540074,159,0
A5_neutral_hg,-0.3384615384615385,1.5384615384615385,true,0,0.11668370296639907,0,-0.0028659919978011317,71625,0,0.11668370326366151,148,0
A5_neutral_hg,-0.27692307692307694,1.5384615384615385,true,0,0.09524874601955924,0,-0.0024556044366457197,63668,0,0.09524874689865359,133,0
A5_neutral_hg,-0.2153846153846154,1.5384615384615385,true,0,0.07441003464098173,0,-0.0020036711083519787,47432,0,0.07441003472421825,99,0
A5_neutral_hg,-0.15384615384615385,1.5384615384615385,true,0,0.054313022236366804,0,-0.0015035489247856582,31841,0,0.05431302318813913,74,0
A5_neutral_hg,-0.09230769230769231,1.5384615384615385,true,0,0.035069660007159276,0,-0.0009470993078053436,28810,0,0.03506966096936204,77,0
A5_neutral_hg,-0.03076923076923077,1.5384615384615385,true,0,0.01675789810928241,0,-0.00032424244203510533,7082,0,0.016757898931807236,18,0
A5_neutral_hg,0.03076923076923077,1.5384615384615385,true,0,-0.0005761398929149397,0,0.0003776579334081598,7260,0,-0.0005761392414140865,23,0
A5_neutral_hg,0.09230769230769231,1.5384615384615385,true,0,-0.016914188720242418,0,0.001174659398579747,29388,0,-0.016914187759112798,75,0
A5_neutral_hg,0.15384615384615385,1.5384615384615385,true,0,-0.03226094259033685,0,0.0020874820974019492,31839,0,-0.0322609414390953,72,0
A5_neutral_hg,0.2153846153846154,1.5384615384615385,true,0,-0.0466389539375085,0,0.0031433322370558736,47493,0,-0.046638954216963846,97,0
A5_neutral_hg,0.27692307692307694,1.5384615384615385,true,0,-0.06008384435861225,0,0.0043786532338619955,63668,0,-0.06008384352717755,134,0
A5_neutral_hg,0.3384615384615385,1.5384615384615385,true,0,-0.07264009893957946,0,0.005843405478375252,71622,0,-0.07264009866777776,146,0
A5_neutral_hg,0.4,1.5384615384615385,true,0,-0.08435761982232837,0,0.007607965441035591,110593,0,-0.0843576192988742,155,0
A5_neutral_hg,0.46153846153846156,1.5384615384615385,true,0,-0.09528899107409439,0,0.009774723756420634,100470,0,-0.09528899056293638,201,0
A5_neutral_hg,0.5230769230769231,1.5384615384615385,true,0,-0.1054874307519651,0,0.012498586273410495,111409,0,-0.10548743000832084,225,0
A5_neutral_hg,0.5846153846153846,1.5384615384615385,true,0,-0.11500530651779917,0,0.01602549789772012,127322,0,-0.11500530745194348,254,0
A5_neutral_hg,0.6461538461538462,1.5384615384615385,true,0,-0.12389313064609286,0,0.020770571958263928,127321,0,-0.12389312992573887,253,0
A5_neutral_hg,0.7076923076923077,1.5384615384615385,true,0,-0.13219888989016115,0,0.027492858279421273,175061,0,-0.13219888960946768,341,0
A5_neutral_hg,0.7692307692307693,1.5384615384615385,true,0,-0.13996768720458297,0,0.037740973731795635,172130,0,-0.139967685683698,349,0
A5_neutral_hg,0.8307692307692308,1.5384615384615385,true,0,-0.14724154452105576,-1,NaN,200001,0,-0.14724154651499521,388,0
A5_neutral_hg,0.8923076923076924,1.5384615384615385,true,0,-0.154059393036045,0,0.09134238656937155,191009,0,-0.1540593937331085,406,0
A5_neutral_hg,0.9538461538461539,1.5384615384615385,true,0,-0.1604571052315078,-1,NaN,200001,0,-0.16045710320245465,578,0
A5_neutral_hg,1.0153846153846153,1.5384615384615385,false,54,53.833532439518365,-1,NaN,200001,54,53.83353237087611,778,0
A5_neutral_hg,1.0769230769230769,1.5384615384615385,false,60,59.827878757016904,-1,NaN,200001,60,59.827878833487986,562,0
A5_neutral_hg,1.1384615384615384,1.5384615384615385,false,62,61.82255467445738,-1,NaN,200001,62,61.82255466569588,503,0
A5_neutral_hg,1.2,1.5384615384615385,false,62,61.81753455103162,-1,NaN,200001,62,61.81753463331652,450,0
A5_neutral_hg,-1.2,1.8205128205128205,false,62,62.3824373896758,-1,NaN,200001,62,62.38243767003067,456,0
A5_neutral_hg,-1.1384615384615384,1.8205128205128205,false,60,60.36888050494904,-1,NaN,200001,60,60.36888055565273,475,0
A5_neutral_hg,-1.0769230769230769,1.8205128205128205,false,60,60.35438529654417,-1,NaN,200001,60,60.354385393046506,561,0
A5_neutral_hg,-1.0153846153846153,1.8205128205128205,false,54,54.33891787976727,-1,NaN,200001,54,54.338917927897384,766,0
A5_neutral_hg,-0.9538461538461539,1.8205128205128205,true,0,0.3224575274689886,-1,NaN,200001,0,0.3224575293922316,532,0
A5_neutral_hg,-0.8923076923076924,1.8205128205128205,true,0,0.3050020453651826,0,-0.005358497475537627,190994,0,0.3050020433925964,387,0
A5_neutral_hg,-0.8307692307692308,1.8205128205128205,true,0,0.28657290201216545,-1,NaN,200001,0,0.2865729008285338,415,0
A5_neutral_hg,-0.7692307692307693,1.8205128205128205,true,0,0.2672199429381854,0,-0.004939456491546146,172086,0,0.2672199440094043,342,0
A5_neutral_hg,-0.7076923076923077,1.8205128205128205,true,0,0.2470252239770131,0,-0.004707286152206613,175070,0,0.24702522377207103,346,0
A5_neutral_hg,-0.6461538461538462,1.8205128205128205,true,0,0.22610488863563893,0,-0.00445775844699936,127326,0,0.22610488765940473,255,0
A5_neutral_hg,-0.5846153846153846,1.8205128205128205,true,0,0.20460831327504736,0,-0.0041888516437254,127330,0,0.20460831306642868,259,0
A5_neutral_hg,-0.5230769230769231,1.8205128205128205,true,0,0.18271391155626637,0,-0.0038982174073203257,111407,0,0.18271391227351963,219,0
A5_neutral_hg,-0.46153846153846156,1.8205128205128205,true,0,0.16062155712229764,0,-0.003583112086278595,100459,0,0.16062155589750682,204,0
A5_neutral_hg,-0.4,1.8205128205128205,true,0,0.13854223134617638,0,-0.003240309893102422,111386,0,0.1385422318128302,199,0
A5_neutral_hg,-0.3384615384615385,1.8205128205128205,true,0,0.11668618763978023,0,-0.0028659921582525616,71627,0,0.11668618691235888,150,0
A5_neutral_hg,-0.27692307692307694,1.8205128205128205,true,0,0.09525117278761275,0,-0.002455604597134897,63668,0,0.09525117175405307,133,0
A5_neutral_hg,-0.2153846153846154,1.8205128205128205,true,0,0.07441238324620048,0,-0.002003671268829832,47754,0,0.07441238231031877,102,0
A5_neutral_hg,-0.15384615384615385,1.8205128205128205,true,0,0.05431527795832147,0,-0.0015035490852852718,31843,0,0.05431527871847874,76,0
A5_neutral_hg,-0.09230769230769231,1.8205128205128205,true,0,0.03507181286024641,0,-0.0009470994683511424,29125,0,0.03507181358314748,73,0
A5_neutral_hg,-0.03076923076923077,1.8205128205128205,true,0,0.016759941125585653,0,-0.00032424260261754156,7297,0,0.016759941582494053,22,0
A5_neutral_hg,0.03076923076923077,1.8205128205128205,true,0,-0.0005742107588948553,0,0.00037765777279596957,7145,0,-0.0005742101551931,26,0
A5_neutral_hg,0.09230769230769231,1.8205128205128205,true,0,-0.01691237370957821,0,0.0011746592379167087,28801,0,-0.01691237291715897,75,0
A5_neutral_hg,0.15384615384615385,1.8205128205128205,true,0,-0.03225924076459741,0,0.0020874819366627495,31840,0,-0.03225923918437679,73,0
A5_neutral_hg,0.2153846153846154,1.8205128205128205,true,0,-0.046637360391518445,0,0.003143332076247951,47515,0,-0.046637361130244415,96,0
A5_neutral_hg,0.27692307692307694,1.8205128205128205,true,0,-0.0600823556595631,0,0.004378653072963812,63667,0,-0.060082354945781846,133,0
A5_neutral_hg,0.3384615384615385,1.8205128205128205,true,0,-0.07263870922707327,0,0.00584340531737948,71625,0,-0.07263870912511528,149,0
A5_neutral_hg,0.4,1.8205128205128205,true,0,-0.08435632357129297,0,0.007607965279894047,111254,0,-0.08435632287815231,159,0
A5_neutral_hg,0.46153846153846156,1.8205128205128205,true,0,-0.09528777993658344,0,0.009774723595047385,100436,0,-0.09528778116921965,205,0
A5_neutral_hg,0.5230769230769231,1.8205128205128205,true,0,-0.10548630227709355,0,0.012498586111720056,111410,0,-0.10548630156891048,226,0
A5_neutral_hg,0.5846153846153846,1.8205128205128205,true,0,-0.11500425506907508,0,0.016025497735594807,127323,0,-0.11500425405729042,255,0
A5_neutral_hg,0.6461538461538462,1.8205128205128205,true,0,-0.12389214570490803,0,0.020770571795441173,127359,0,-0.12389214592311726,289,0
A5_neutral_hg,0.7076923076923077,1.8205128205128205,true,0,-0.13219796966315966,0,0.02749285811545288,175061,0,-0.13219796966044295,341,0
A5_neutral_hg,0.7692307692307693,1.8205128205128205,true,0,-0.13996682564069074,0,0.037740973565574376,172098,0,-0.139966824794721,348,0
A5_neutral_hg,0.8307692307692308,1.8205128205128205,true,0,-0.14724073804051052,-1,NaN,200001,0,-0.14724074004867482,426,0
A5_neutral_hg,0.8923076923076924,1.8205128205128205,true,0,-0.15405863702960287,0,0.09134238638383319,191034,0,-0.15405863740602466,419,0
A5_neutral_hg,0.9538461538461539,1.8205128205128205,true,0,-0.16045639561183256,-1,NaN,200001,0,-0.16045639307401616,568,0
A5_neutral_hg,1.0153846153846153,1.8205128205128205,false,54,53.83353311691317,-1,NaN,200001,54,53.8335330384205,773,0
A5_neutral_hg,1.0769230769230769,1.8205128205128205,false,60,59.8278793701582,-1,NaN,200001,60,59.82787946175698,555,0
A5_neutral_hg,1.1384615384615384,1.8205128205128205,false,60,59.82255600640005,-1,NaN,200001,60,59.822555257713795,510,0
A5_neutral_hg,1.2,1.8205128205128205,false,62,61.81753505875189,-1,NaN,200001,62,61.81753519184562,442,0
A5_neutral_hg,-1.2,2.1025641025641026,false,62,62.38243935314389,-1,NaN,200001,62,62.38243917118242,452,0
A5_neutral_hg,-1.1384615384615384,2.1025641025641026,false,60,60.368882121783884,-1,NaN,200001,60,60.368882161932646,483,0
A5_neutral_hg,-1.0769230769230769,2.1025641025641026,false,60,60.354387136863075,-1,NaN,200001,60,60.35438710899,574,0
A5_neutral_hg,-1.0153846153846153,2.1025641025641026,false,54,54.338919763973614,-1,NaN,200001,54,54.33891975673713,759,0
A5_neutral_hg,-0.9538461538461539,2.1025641025641026,true,0,0.3224594702167505,-1,NaN,200001,0,0.3224594725305241,550,0
A5_neutral_hg,-0.8923076923076924,2.1025641025641026,true,0,0.3050041011029173,0,-0.005358497592945488,190995,0,0.305004099822499,388,0
A5_neutral_hg,-0.8307692307692308,2.1025641025641026,true,0,0.2865750679933745,-1,NaN,200001,0,0.28657506655241394,407,0
A5_neutral_hg,-0.7692307692307693,2.1025641025641026,true,0,0.26722221026766246,0,-0.004939456608959336,172241,0,0.26722221152885617,345,0
A5_neutral_hg,-0.7076923076923077,2.1025641025641026,true,0,0.2470275820925557,0,-0.0047072862696186935,175069,0,0.24702758174488115,345,0
A5_neutral_hg,-0.6461538461538462,2.1025641025641026,true,0,0.22610732065268158,0,-0.0044577585644201,127329,0,0.226107320826474,258,0
A5_neutral_hg,-0.5846153846153846,2.1025641025641026,true,0,0.2046108026141229,0,-0.004188851761125267,127330,0,0.20461080253491304,259,0
A5_neutral_hg,-0.5230769230769231,2.1025641025641026,true,0,0.1827164370818969,0,-0.0038982175247150863,111416,0,0.18271643619633005,228,0
A5_neutral_hg,-0.46153846153846156,2.1025641025641026,true,0,0.16062409015716206,0,-0.0035831122037239815,100438,0,0.16062409051820692,201,0
A5_neutral_hg,-0.4,2.1025641025641026,true,0,0.13854475237175168,0,-0.003240310010519387,111111,0,0.1385447527662067,154,0
A5_neutral_hg,-0.3384615384615385,2.1025641025641026,true,0,0.11668867061218857,0,-0.0028659922757234835,71625,0,0.11668867060961152,148,0
A5_neutral_hg,-0.27692307692307694,2.1025641025641026,true,0,0.09525359794598265,0,-0.002455604714596049,63668,0,0.09525359666031619,133,0
A5_neutral_hg,-0.2153846153846154,2.1025641025641026,true,0,0.07441473091290363,0,-0.0020036713863391675,47754,0,0.07441472994919429,102,0
A5_neutral_hg,-0.15384615384615385,2.1025641025641026,true,0,0.05431753371537629,0,-0.0015035492028083741,31841,0,0.054317534303064297,74,0
A5_neutral_hg,-0.09230769230769231,2.1025641025641026,true,0,0.03507396594896639,0,-0.0009470995858842368,28826,0,0.035073966252201494,73,0
A5_neutral_hg,-0.03076923076923077,2.1025641025641026,true,0,0.01676198369451365,0,-0.0003242427201972653,7228,0,0.01676198428904896,24,0
A5_neutral_hg,0.03076923076923077,2.1025641025641026,true,0,-0.0005722814027526724,0,0.00037765765517361327,7087,0,-0.0005722810128692135,21,0
A5_neutral_hg,0.09230769230769231,2.1025641025641026,true,0,-0.016910558713261636,0,0.0011746591202503875,29982,0,-0.01691055801917063,52,0
A5_neutral_hg,0.15384615384615385,2.1025641025641026,true,0,-0.03225753765310002,0,0.0020874818189511313,31842,0,-0.03225753687392352,75,0
A5_neutral_hg,0.2153846153846154,2.1025641025641026,true,0,-0.046635768130744326,0,0.003143331958441631,47483,0,-0.0466357679882643,101,0
A5_neutral_hg,0.27692307692307694,2.1025641025641026,true,0,-0.06008086694144166,0,0.004378652955076889,63666,0,-0.06008086630971343,132,0
A5_neutral_hg,0.3384615384615385,2.1025641025641026,true,0,-0.07263731904110182,0,0.0058434051993589975,71624,0,-0.07263731952843555,148,0
A5_neutral_hg,0.4,2.1025641025641026,true,0,-0.0843550265420443,0,0.007607965161720465,111194,0,-0.08435502640410708,154,0
A5_neutral_hg,0.46153846153846156,2.1025641025641026,true,0,-0.09528657206825919,0,0.009774723476652647,100439,0,-0.09528657172288013,199,0
A5_neutral_hg,0.5230769230769231,2.1025641025641026,true,0,-0.10548517369507793,0,0.012498585993053979,111407,0,-0.10548517307756677,223,0
A5_neutral_hg,0.5846153846153846,2.1025641025641026,true,0,-0.11500320153227683,0,0.016025497616445672,127303,0,-0.11500320061136948,235,0
A5_neutral_hg,0.6461538461538462,2.1025641025641026,true,0,-0.12389116253257071,0,0.020770571675606808,127321,0,-0.12389116186985816,251,0
A5_neutral_hg,0.7076923076923077,2.1025641025641026,true,0,-0.13219704926663067,0,0.02749285799443768,175064,0,-0.1321970496613698,344,0
A5_neutral_hg,0.7692307692307693,2.1025641025641026,true,0,-0.1399659657893877,0,0.03774097344238492,172108,0,-0.1399659638562476,337,0
A5_neutral_hg,0.8307692307692308,2.1025641025641026,true,0,-0.14723993011031333,-1,NaN,200001,0,-0.14723993353336806,426,0
A5_neutral_hg,0.8923076923076924,2.1025641025641026,true,0,-0.15405788047945457,0,0.09134238624132163,190993,0,-0.1540578810304296,390,0
A5_neutral_hg,0.9538461538461539,2.1025641025641026,true,0,-0.1604556847895655,-1,NaN,200001,0,-0.16045568289750323,584,0
A5_neutral_hg,1.0153846153846153,2.1025641025641026,false,54,53.833533781428606,-1,NaN,200001,54,53.833533706012574,782,0
A5_neutral_hg,1.0769230769230769,2.1025641025641026,false,60,59.8278800142287,-1,NaN,200001,60,59.827880090073194,588,0
A5_neutral_hg,1.1384615384615384,2.1025641025641026,false,60,59.82255572601794,-1,NaN,200001,60,59.822555849778674,507,0
A5_neutral_hg,1.2,2.1025641025641026,false,62,61.81753589973129,-1,NaN,200001,62,61.817535750421364,462,0
A5_neutral_hg,-1.2,2.3846153846153846,false,62,62.3824406228301,-1,NaN,200001,62,62.38244067235017,435,0
A5_neutral_hg,-1.1384615384615384,2.3846153846153846,false,60,60.36888352823061,-1,NaN,200001,60,60.368883768227846,485,0
A5_neutral_hg,-1.0769230769230769,2.3846153846153846,false,60,60.35438877807491,-1,NaN,200001,60,60.354388824948515,572,0
A5_neutral_hg,-1.0153846153846153,2.3846153846153846,false,54,54.33892161262932,-1,NaN,200001,54,54.33892158559161,762,0
A5_neutral_hg,-0.9538461538461539,2.3846153846153846,true,0,0.3224614139998565,-1,NaN,200001,0,0.3224614156834653,559,0
A5_neutral_hg,-0.8923076923076924,2.3846153846153846,true,0,0.3050061574617401,0,-0.005358497682543373,191032,0,0.30500615626732774,401,0
A5_neutral_hg,-0.8307692307692308,2.3846153846153846,true,0,0.28657723397830037,-1,NaN,200001,0,0.28657723229187093,403,0
A5_neutral_hg,-0.7692307692307693,2.3846153846153846,true,0,0.2672244769766319,0,-0.004939456698570099,172178,0,0.2672244790649596,339,0
A5_neutral_hg,-0.7076923076923077,2.3846153846153846,true,0,0.24702994028647818,0,-0.004707286359250773,175073,0,0.24702993973586995,349,0
A5_neutral_hg,-0.6461538461538462,2.3846153846153846,true,0,0.22610975399777433,0,-0.004457758654057287,127316,0,0.22610975401368671,245,0
A5_neutral_hg,-0.5846153846153846,2.3846153846153846,true,0,0.20461329151474528,0,-0.00418885185077178,127325,0,0.20461329202589218,254,0
A5_neutral_hg,-0.5230769230769231,2.3846153846153846,true,0,0.18271896083814254,0,-0.003898217614392463,111409,0,0.1827189601442698,221,0
A5_neutral_hg,-0.46153846153846156,2.3846153846153846,true,0,0.16062662488591517,0,-0.003583112293400248,100423,0,0.16062662516682202,202,0
A5_neutral_hg,-0.4,2.3846153846153846,true,0,0.13854727337231154,0,-0.0032403101002338452,111224,0,0.13854727375027032,161,0
A5_neutral_hg,-0.3384615384615385,2.3846153846153846,true,0,0.11669115437939681,0,-0.0028659923654217323,71625,0,0.11669115434015787,148,0
A5_neutral_hg,-0.27692307692307694,2.3846153846153846,true,0,0.09525602280831924,0,-0.0024556048043411494,63668,0,0.09525602160218283,133,0
A5_neutral_hg,-0.2153846153846154,2.3846153846153846,true,0,0.0744170780391522,0,-0.002003671476084712,47440,0,0.07441707762558636,102,0
A5_neutral_hg,-0.15384615384615385,2.3846153846153846,true,0,0.054319789284362874,0,-0.0015035492925932203,31844,0,0.05431978992663844,77,0
A5_neutral_hg,-0.09230769230769231,2.3846153846153846,true,0,0.035076118233952736,0,-0.0009470996756995032,29221,0,0.03507611896126295,76,0
A5_neutral_hg,-0.03076923076923077,2.3846153846153846,true,0,0.016764026602570148,0,-0.00032424281002763067,6873,0,0.016764027036214046,27,0
A5_neutral_hg,0.03076923076923077,2.3846153846153846,true,0,-0.0005703522549740381,0,0.000377657565303946,6913,0,-0.000570351829700444,25,0
A5_neutral_hg,0.09230769230769231,2.3846153846153846,true,0,-0.016908743325480202,0,0.0011746590303318705,29525,0,-0.01690874308040513,56,0
A5_neutral_hg,0.15384615384615385,2.3846153846153846,true,0,-0.03225583591526404,0,0.0020874817289540104,31843,0,-0.032255834522993965,76,0
A5_neutral_hg,0.2153846153846154,2.3846153846153846,true,0,-0.04663417393541791,0,0.0031433318683882217,47421,0,-0.04663417480628085,101,0
A5_neutral_hg,0.27692307692307694,2.3846153846153846,true,0,-0.060079378136296935,0,0.004378652864932553,63669,0,-0.060079377634229214,135,0
A5_neutral_hg,0.3384615384615385,2.3846153846153846,true,0,-0.07263592969774035,0,0.005843405109109301,71628,0,-0.07263592989300105,152,0
A5_neutral_hg,0.4,2.3846153846153846,true,0,-0.08435373029003967,0,0.00760796507127981,111282,0,-0.08435372989199719,158,0
A5_neutral_hg,0.46153846153846156,2.3846153846153846,true,0,-0.09528536259312448,0,0.00977472338600549,100439,0,-0.09528536223917494,205,0
A5_neutral_hg,0.5230769230769231,2.3846153846153846,true,0,-0.10548404503383013,0,0.01249858590210251,111401,0,-0.10548404454954641,217,0
A5_neutral_hg,0.5846153846153846,2.3846153846153846,true,0,-0.1150021464623423,0,0.016025497525052668,127321,0,-0.11500214712943535,253,0
A5_neutral_hg,0.6461538461538462,2.3846153846153846,true,0,-0.12389017805738578,0,0.02077057158355078,127320,0,-0.12389017778121669,252,0
A5_neutral_hg,0.7076923076923077,2.3846153846153846,true,0,-0.13219612826540117,0,0.02749285790118694,175062,0,-0.13219612962750915,342,0
A5_neutral_hg,0.7692307692307693,2.3846153846153846,true,0,-0.13996510373076254,0,0.0377409733469346,172093,0,-0.13996510288353914,354,0
A5_neutral_hg,0.8307692307692308,2.3846153846153846,true,0,-0.14723912582698806,-1,NaN,200001,0,-0.14723912698433472,418,0
A5_neutral_hg,0.8923076923076924,2.3846153846153846,true,0,-0.154057124957651,0,0.09134238612657175,190996,0,-0.15405712462157872,393,0
A5_neutral_hg,0.9538461538461539,2.3846153846153846,true,0,-0.16045497516152607,-1,NaN,200001,0,-0.16045497268816455,560,0
A5_neutral_hg,1.0153846153846153,2.3846153846153846,false,54,53.833534378608064,-1,NaN,200001,54,53.83353437363707,774,0
A5_neutral_hg,1.0769230769230769,2.3846153846153846,false,60,59.82788071594158,-1,NaN,200001,60,59.827880718421625,565,0
A5_neutral_hg,1.1384615384615384,2.3846153846153846,false,60,59.82255638273274,-1,NaN,200001,60,59.82255644187548,504,0
A5_neutral_hg,1.2,2.3846153846153846,false,62,61.81753612958736,-1,NaN,200001,62,61.81753630902858,466,0
A5_neutral_hg,-1.2,2.6666666666666665,false,62,62.38244209814838,-1,NaN,200001,62,62.38244217352512,452,0
A5_neutral_hg,-1.1384615384615384,2.6666666666666665,false,60,60.36888533153221,-1,NaN,200001,60,60.36888537452968,494,0
A5_neutral_hg,-1.0769230769230769,2.6666666666666665,false,60,60.354390512094255,-1,NaN,200001,60,60.35439054091316,544,0
A5_neutral_hg,-1.0153846153846153,2.6666666666666665,false,56,56.338923444306644,-1,NaN,200001,56,56.33892341445196,793,0
A5_neutral_hg,-0.9538461538461539,2.6666666666666665,true,0,0.32246335852749186,-1,NaN,200001,0,0.32246335884225863,557,0
A5_neutral_hg,-0.8923076923076924,2.6666666666666665,true,0,0.30500821353918783,0,-0.005358497753246816,191020,0,0.30500821271828005,413,0
A5_neutral_hg,-0.8307692307692308,2.6666666666666665,true,0,0.2865794002558575,-1,NaN,200001,0,0.28657939803810506,410,0
A5_neutral_hg,-0.7692307692307693,2.6666666666666665,true,0,0.26722674630994847,0,-0.004939456769277761,172651,0,0.2672267466089141,343,0
A5_neutral_hg,-0.7076923076923077,2.6666666666666665,true,0,0.24703229832800866,0,-0.004707286429959323,175066,0,0.24703229773623436,342,0
A5_neutral_hg,-0.6461538461538462,2.6666666666666665,true,0,0.22611218697567192,0,-0.004457758724756067,127325,0,0.2261121872122408,254,0
A5_neutral_hg,-0.5846153846153846,2.6666666666666665,true,0,0.20461578205183806,0,-0.004188851921516523,127319,0,0.2046157815305646,248,0
A5_neutral_hg,-0.5230769230769231,2.6666666666666665,true,0,0.1827214836603136,0,-0.0038982176851269923,111412,0,0.18272148410853983,224,0
A5_neutral_hg,-0.46153846153846156,2.6666666666666665,true,0,0.16062915994826965,0,-0.0035831123641500984,100428,0,0.16062915983454662,202,0
A5_neutral_hg,-0.4,2.6666666666666665,true,0,0.13854979429065128,0,-0.003240310170975258,111158,0,0.1385497947562192,154,0
A5_neutral_hg,-0.3384615384615385,2.6666666666666665,true,0,0.1166936382967586,0,-0.002865992436208442,71626,0,0.11669363809519673,149,0
A5_neutral_hg,-0.27692307692307694,2.6666666666666665,true,0,0.095258446136255,0,-0.0024556048751254167,63668,0,0.09525844657084903,133,0
A5_neutral_hg,-0.2153846153846154,2.6666666666666665,true,0,0.07441942667087509,0,-0.002003671546898289,47428,0,0.07441942533069323,103,0
A5_neutral_hg,-0.15384615384615385,2.6666666666666665,true,0,0.05432204474936053,0,-0.0015035493634281138,31844,0,0.05432204558039633,77,0
A5_neutral_hg,-0.09230769230769231,2.6666666666666665,true,0,0.03507827096647642,0,-0.0009470997465557129,29032,0,0.03507827170153033,79,0
A5_neutral_hg,-0.03076923076923077,2.6666666666666665,true,0,0.016766069399168138,0,-0.00032424288091825737,7195,0,0.01676606981518569,27,0
A5_neutral_hg,0.03076923076923077,2.6666666666666665,true,0,-0.0005684230207692043,0,0.00037765749436580176,7405,0,-0.000568422614491082,31,0
A5_neutral_hg,0.09230769230769231,2.6666666666666665,true,0,-0.016906928680782585,0,0.0011746589593522039,29222,0,-0.01690692810966521,69,0
A5_neutral_hg,0.15384615384615385,2.6666666666666665,true,0,-0.03225413364348517,0,0.002087481657920609,31845,0,-0.03225413214039374,78,0
A5_neutral_hg,0.2153846153846154,2.6666666666666665,true,0,-0.04663258054052899,0,0.003143331797278104,47417,0,-0.04663258159309591,102,0
A5_neutral_hg,0.27692307692307694,2.6666666666666665,true,0,-0.06007788931077762,0,0.004378652793698645,63669,0,-0.060077888928130374,135,0
A5_neutral_hg,0.3384615384615385,2.6666666666666665,true,0,-0.07263453982010049,0,0.005843405037765481,71626,0,-0.07263454022761051,150,0
A5_neutral_hg,0.4,2.6666666666666665,true,0,-0.08435243369878065,0,0.007607964999781558,111296,0,-0.08435243335062448,160,0
A5_neutral_hg,0.46153846153846156,2.6666666666666665,true,0,-0.09528415121975509,0,0.00977472331432272,100484,0,-0.09528415272690949,200,0
A5_neutral_hg,0.5230769230769231,2.6666666666666665,true,0,-0.10548291647891417,0,0.012498585830101105,111404,0,-0.10548291599365278,220,0
A5_neutral_hg,0.5846153846153846,2.6666666666666665,true,0,-0.11500109254562552,0,0.016025497452614612,127303,0,-0.11500109362029165,235,0
A5_neutral_hg,0.6461538461538462,2.6666666666666665,true,0,-0.12388919377052421,0,0.020770571510376534,127324,0,-0.12388919366599693,256,0
A5_neutral_hg,0.7076923076923077,2.6666666666666665,true,0,-0.13219520914098437,0,0.02749285782688493,175059,0,-0.13219520956766195,339,0
A5_neutral_hg,0.7692307692307693,2.6666666666666665,true,0,-0.1399642433985513,0,0.03774097327043757,172441,0,-0.13996424188539458,343,0
A5_neutral_hg,0.8307692307692308,2.6666666666666665,true,0,-0.1472383183659156,-1,NaN,200001,0,-0.14723832041037976,416,0
A5_neutral_hg,0.8923076923076924,2.6666666666666665,true,0,-0.15405636715409887,0,0.09134238603077838,190985,0,-0.15405636818827473,382,0
A5_neutral_hg,0.9538461538461539,2.6666666666666665,true,0,-0.1604542640684996,-1,NaN,200001,0,-0.16045426245480687,534,0
A5_neutral_hg,1.0153846153846153,2.6666666666666665,false,54,53.83353497150539,-1,NaN,200001,54,53.833535041285195,774,0
A5_neutral_hg,1.0769230769230769,2.6666666666666665,false,60,59.82788129681597,-1,NaN,200001,60,59.82788134679325,593,0
A5_neutral_hg,1.1384615384615384,2.6666666666666665,false,60,59.82255686563492,-1,NaN,200001,60,59.82255703399499,504,0
A5_neutral_hg,1.2,2.6666666666666665,false,62,61.817536857741615,-1,NaN,200001,62,61.81753686765843,459,0
A5_neutral_hg,-1.2,2.948717948717949,false,62,62.38244361257194,-1,NaN,200001,62,62.382443674701825,452,0
A5_neutral_hg,-1.1384615384615384,2.948717948717949,false,60,60.36888694106698,-1,NaN,200001,60,60.36888698083274,489,0
A5_neutral_hg,-1.0769230769230769,2.948717948717949,false,60,60.35439223507684,-1,NaN,200001,60,60.35439225687854,581,0
A5_neutral_hg,-1.0153846153846153,2.948717948717949,false,56,56.33892534510618,-1,NaN,200001,56,56.33892524331273,741,0
A5_neutral_hg,-0.9538461538461539,2.948717948717949,true,0,0.3224653004415492,-1,NaN,200001,0,0.32246530200146484,565,0
A5_neutral_hg,-0.8923076923076924,2.948717948717949,true,0,0.3050102708548442,0,-0.005358497810382223,190993,0,0.3050102691699199,386,0
A5_neutral_hg,-0.8307692307692308,2.948717948717949,true,0,0.286581566642759,-1,NaN,200001,0,0.28658156378567934,412,0
A5_neutral_hg,-0.7692307692307693,2.948717948717949,true,0,0.2672290126948802,0,-0.004939456826498656,172523,0,0.26722901415528266,346,0
A5_neutral_hg,-0.7076923076923077,2.948717948717949,true,0,0.247034656636001,0,-0.0047072864871435804,175067,0,0.24703465574053884,343,0
A5_neutral_hg,-0.6461538461538462,2.948717948717949,true,0,0.22611462011783712,0,-0.0044577587819918385,127340,0,0.22611462041670272,269,0
A5_neutral_hg,-0.5846153846153846,2.948717948717949,true,0,0.20461827036095703,0,-0.004188851978736752,127328,0,0.20461827104349184,257,0
A5_neutral_hg,-0.5230769230769231,2.948717948717949,true,0,0.18272400765951902,0,-0.003898217742382526,111418,0,0.18272400808369937,230,0
A5_neutral_hg,-0.46153846153846156,2.948717948717949,true,0,0.16063169694620738,0,-0.0035831124213938637,100424,0,0.16063169451594816,202,0
A5_neutral_hg,-0.4,2.948717948717949,true,0,0.1385523155386248,0,-0.0032403102282312357,111265,0,0.1385523157786156,161,0
A5_neutral_hg,-0.3384615384615385,2.948717948717949,true,0,0.11669612199501178,0,-0.0028659924934579806,71628,0,0.11669612186929224,151,0
A5_neutral_hg,-0.27692307692307694,2.948717948717949,true,0,0.09526087113210435,0,-0.0024556049324027107,63670,0,0.09526087156088148,135,0
A5_neutral_hg,-0.2153846153846154,2.948717948717949,true,0,0.07442177315344833,0,-0.0020036716041931246,47481,0,0.07442177305907904,98,0
A5_neutral_hg,-0.15384615384615385,2.948717948717949,true,0,0.05432430082957607,0,-0.0015035494207495947,31841,0,0.05432430125890464,74,0
A5_neutral_hg,-0.09230769230769231,2.948717948717949,true,0,0.03508042407513268,0,-0.0009470998039191603,29331,0,0.03508042446756976,68,0
A5_neutral_hg,-0.03076923076923077,2.948717948717949,true,0,0.016768112369463406,0,-0.00032424293831478934,7122,0,0.01676811262052913,29,0
A5_neutral_hg,0.03076923076923077,2.948717948717949,true,0,-0.000566493675104196,0,0.0003776574369385166,7310,0,-0.0005664933726750032,25,0
A5_neutral_hg,0.09230769230769231,2.948717948717949,true,0,-0.016905113853965315,0,0.0011746589018621911,29491,0,-0.016905113112386294,64,0
A5_neutral_hg,0.15384615384615385,2.948717948717949,true,0,-0.03225243092392116,0,0.002087481600390295,31845,0,-0.032252429731553844,78,0
A5_neutral_hg,0.2153846153846154,2.948717948717949,true,0,-0.04663098767926854,0,0.0031433317396594163,47455,0,-0.046630988354145364,103,0
A5_neutral_hg,0.27692307692307694,2.948717948717949,true,0,-0.060076400563113364,0,0.00437865273601068,63668,0,-0.06007640019685434,134,0
A5_neutral_hg,0.3384615384615385,2.948717948717949,true,0,-0.07263315008870852,0,0.005843404979952949,71628,0,-0.07263315053770092,152,0
A5_neutral_hg,0.4,2.948717948717949,true,0,-0.08435113701885033,0,0.007607964941848566,110830,0,-0.08435113678542505,160,0
A5_neutral_hg,0.46153846153846156,2.948717948717949,true,0,-0.09528294291658135,0,0.009774723256119944,100506,0,-0.09528294319151676,207,0
A5_neutral_hg,0.5230769230769231,2.948717948717949,true,0,-0.10548178778523032,0,0.012498585771589688,111411,0,-0.10548178741532244,227,0
A5_neutral_hg,0.5846153846153846,2.948717948717949,true,0,-0.11500004074627879,0,0.016025497393668764,127315,0,-0.1150000400893727,247,0
A5_neutral_hg,0.6461538461538462,2.948717948717949,true,0,-0.12388820964726444,0,0.020770571450746345,127328,0,-0.12388820952963164,260,0
A5_neutral_hg,0.7076923076923077,2.948717948717949,true,0,-0.1321942890786718,0,0.02749285776607202,175067,0,-0.13219428948726342,347,0
A5_neutral_hg,0.7692307692307693,2.948717948717949,true,0,-0.13996338230104244,0,0.03774097320737879,172147,0,-0.13996338086725024,339,0
A5_neutral_hg,0.8307692307692308,2.948717948717949,true,0,-0.14723751206913915,-1,NaN,200001,0,-0.14723751381693528,422,0
A5_neutral_hg,0.8923076923076924,2.948717948717949,true,0,-0.1540556114825773,0,0.09134238594846411,191000,0,-0.15405561173595417,397,0
A5_neutral_hg,0.9538461538461539,2.948717948717949,true,0,-0.16045355415474072,-1,NaN,200001,0,-0.16045355220285873,583,0
A5_neutral_hg,1.0153846153846153,2.948717948717949,false,54,53.83353558945337,-1,NaN,200001,54,53.833535708951416,778,0
A5_neutral_hg,1.0769230769230769,2.948717948717949,false,60,59.82788201599485,-1,NaN,200001,60,59.82788197518262,564,0
A5_neutral_hg,1.1384615384615384,2.948717948717949,false,60,59.8225575744229,-1,NaN,200001,60,59.822557626132124,471,0
A5_neutral_hg,1.2,2.948717948717949,false,62,61.81753739802197,-1,NaN,200001,62,61.817537426305414,447,0
A5_neutral_hg,-1.2,3.230769230769231,false,62,62.3824454195328,-1,NaN,200001,62,62.382445175876725,456,0
A5_neutral_hg,-1.1384615384615384,3.230769230769231,false,60,60.368888500429044,-1,NaN,200001,60,60.36888858713342,490,0
A5_neutral_hg,-1.0769230769230769,3.230769230769231,false,60,60.35439401027901,-1,NaN,200001,60,60.35439397284103,567,0
A5_neutral_hg,-1.0153846153846153,3.230769230769231,false,56,56.33892707043693,-1,NaN,200001,56,56.338927072170485,769,0
A5_neutral_hg,-0.9538461538461539,3.230769230769231,true,0,0.32246724334726684,-1,NaN,200001,0,0.3224672451575502,547,0
A5_neutral_hg,-0.8923076923076924,3.230769230769231,true,0,0.30501232833290703,0,-0.005358497857600009,191147,0,0.3050123256187175,397,0
A5_neutral_hg,-0.8307692307692308,3.230769230769231,true,0,0.2865837312974656,-1,NaN,200001,0,0.28658372953105515,415,0
A5_neutral_hg,-0.7692307692307693,3.230769230769231,true,0,0.2672312809278251,0,-0.004939456873700898,172364,0,0.26723128170052957,352,0
A5_neutral_hg,-0.7076923076923077,3.230769230769231,true,0,0.2470370142846764,0,-0.004707286534379573,175056,0,0.24703701374524767,332,0
A5_neutral_hg,-0.6461538461538462,3.230769230769231,true,0,0.22611705359239953,0,-0.004457758829195635,127336,0,0.22611705362353152,265,0
A5_neutral_hg,-0.5846153846153846,3.230769230769231,true,0,0.20462076105862992,0,-0.004188852025964529,127323,0,0.20462076056114087,252,0
A5_neutral_hg,-0.5230769230769231,3.230769230769231,true,0,0.18272653162336383,0,-0.0038982177896356163,111417,0,0.18272653206621414,229,0
A5_neutral_hg,-0.46153846153846156,3.230769230769231,true,0,0.1606342322261417,0,-0.003583112468670935,100491,0,0.16063422920748638,207,0
A5_neutral_hg,-0.4,3.230769230769231,true,0,0.1385548343507943,0,-0.0032403102755176327,111311,0,0.13855483681392367,170,0
A5_neutral_hg,-0.3384615384615385,3.230769230769231,true,0,0.11669860579402302,0,-0.002865992540750595,71628,0,0.11669860565890722,151,0
A5_neutral_hg,-0.27692307692307694,3.230769230769231,true,0,0.09526329628068031,0,-0.002455604979725967,63672,0,0.09526329656874111,137,0
A5_neutral_hg,-0.2153846153846154,3.230769230769231,true,0,0.07442412124686282,0,-0.0020036716515381414,47582,0,0.07442412080720717,100,0
A5_neutral_hg,-0.15384615384615385,3.230769230769231,true,0,0.054326556588703334,0,-0.0015035494680928352,31842,0,0.05432655695862498,75,0
A5_neutral_hg,-0.09230769230769231,3.230769230769231,true,0,0.03508257661785352,0,-0.0009470998513021467,29736,0,0.035082577255841185,83,0
A5_neutral_hg,-0.03076923076923077,3.230769230769231,true,0,0.016770155058114855,0,-0.00032424298573596744,6977,0,0.01677015544870819,28,0
A5_neutral_hg,0.03076923076923077,3.230769230769231,true,0,-0.0005645643773841691,0,0.00037765738947326266,6966,0,-0.0005645641077893782,24,0
A5_neutral_hg,0.09230769230769231,3.230769230769231,true,0,-0.016903298523273325,0,0.001174658854366073,29566,0,-0.016903298092104224,69,0
A5_neutral_hg,0.15384615384615385,3.230769230769231,true,0,-0.032250728396886696,0,0.002087481552813464,31840,0,-0.03225072730001233,73,0
A5_neutral_hg,0.2153846153846154,3.230769230769231,true,0,-0.04662939403752153,0,0.0031433316920357335,47479,0,-0.046629395092965265,99,0
A5_neutral_hg,0.27692307692307694,3.230769230769231,true,0,-0.060074911698616784,0,0.0043786526882851895,63664,0,-0.06007491144393784,130,0
A5_neutral_hg,0.3384615384615385,3.230769230769231,true,0,-0.07263176048623321,0,0.0058434049320934545,71628,0,-0.07263176082680656,152,0
A5_neutral_hg,0.4,3.230769230769231,true,0,-0.0843498404580385,0,0.0076079648938172095,111271,0,-0.08434984019993585,156,0
A5_neutral_hg,0.46153846153846156,3.230769230769231,true,0,-0.09528173236819582,0,0.009774723207873648,100422,0,-0.0952817336365328,208,0
A5_neutral_hg,0.5230769230769231,3.230769230769231,true,0,-0.10548065919788718,0,0.012498585723061839,111403,0,-0.10548065881808855,219,0
A5_neutral_hg,0.5846153846153846,3.230769230769231,true,0,-0.1149989869902801,0,0.016025497344709816,127313,0,-0.11499898654021767,245,0
A5_neutral_hg,0.6461538461538462,3.230769230769231,true,0,-0.12388722435378119,0,0.02077057140107541,127332,0,-0.1238872253756611,262,0
A5_neutral_hg,0.7076923076923077,3.230769230769231,true,0,-0.13219337050078073,0,0.027492857715220476,175059,0,-0.13219336938984827,339,0
A5_neutral_hg,0.7692307692307693,3.230769230769231,true,0,-0.13996251994680264,0,0.037740973154348545,172127,0,-0.13996251983264396,343,0
A5_neutral_hg,0.8307692307692308,3.230769230769231,true,0,-0.14723670372861908,-1,NaN,200001,0,-0.14723670720753845,409,0
A5_neutral_hg,0.8923076923076924,3.230769230769231,true,0,-0.1540548550979839,0,0.09134238587613042,190994,0,-0.15405485526815044,391,0
A5_neutral_hg,0.9538461538461539,3.230769230769231,true,0,-0.16045284445348007,-1,NaN,200001,0,-0.16045284193586506,535,0
A5_neutral_hg,1.0153846153846153,3.230769230769231,false,54,53.83353642179726,-1,NaN,200001,54,53.83353637663239,778,0
A5_neutral_hg,1.0769230769230769,3.230769230769231,false,60,59.82788264626421,-1,NaN,200001,60,59.82788260358635,586,0
A5_neutral_hg,1.1384615384615384,3.230769230769231,false,60,59.822558097741606,-1,NaN,200001,60,59.82255821828323,507,0
A5_neutral_hg,1.2,3.230769230769231,false,62,61.81753779439308,-1,NaN,200001,62,61.8175379849661,435,0
A5_neutral_hg,-1.2,3.5128205128205128,false,62,62.3824465309086,-1,NaN,200001,62,62.38244667704742,457,0
A5_neutral_hg,-1.1384615384615384,3.5128205128205128,false,60,60.36889014145354,-1,NaN,200001,60,60.368890193429365,466,0
A5_neutral_hg,-1.0769230769230769,3.5128205128205128,false,60,60.35439552203412,-1,NaN,200001,60,60.354395688798455,565,0
A5_neutral_hg,-1.0153846153846153,3.5128205128205128,false,56,56.33892893402042,-1,NaN,200001,56,56.33892890102273,765,0
A5_neutral_hg,-0.9538461538461539,3.5128205128205128,true,0,0.32246918687461323,-1,NaN,200001,0,0.322469188308109,556,0
A5_neutral_hg,-0.8923076923076924,3.5128205128205128,true,0,0.3050143844672688,0,-0.00535849789727183,191004,0,0.3050143820622653,397,0
A5_neutral_hg,-0.8307692307692308,3.5128205128205128,true,0,0.2865858993110303,-1,NaN,200001,0,0.2865858952718313,420,0
A5_neutral_hg,-0.7692307692307693,3.5128205128205128,true,0,0.2672335486440005,0,-0.004939456913346074,172129,0,0.2672335492422535,345,0
A5_neutral_hg,-0.7076923076923077,3.5128205128205128,true,0,0.24703937284946442,0,-0.004707286574041181,175069,0,0.24703937174795887,345,0
A5_neutral_hg,-0.6461538461538462,3.5128205128205128,true,0,0.22611948876163812,0,-0.004457758868856798,127339,0,0.22611948683032945,268,0
A5_neutral_hg,-0.5846153846153846,3.5128205128205128,true,0,0.20462324958626588,0,-0.004188852065648341,127328,0,0.20462325008110616,257,0
A5_neutral_hg,-0.5230769230769231,3.5128205128205128,true,0,0.18272905569467823,0,-0.0038982178293103242,111413,0,0.18272905605368306,225,0
A5_neutral_hg,-0.46153846153846156,3.5128205128205128,true,0,0.160636764189379,0,-0.003583112508351638,100450,0,0.1606367639067644,209,0
A5_neutral_hg,-0.4,3.5128205128205128,true,0,0.13855735763152255,0,-0.003240310315248074,111074,0,0.1385573578597442,164,0
A5_neutral_hg,-0.3384615384615385,3.5128205128205128,true,0,0.11670108966413384,0,-0.0028659925804792596,71629,0,0.1167010894616406,152,0
A5_neutral_hg,-0.27692307692307694,3.5128205128205128,true,0,0.09526572132806566,0,-0.0024556050194719514,63674,0,0.09526572159202729,139,0
A5_neutral_hg,-0.2153846153846154,3.5128205128205128,true,0,0.07442646954678167,0,-0.002003671691304554,47433,0,0.07442646857267599,111,0
A5_neutral_hg,-0.15384615384615385,3.5128205128205128,true,0,0.05432881230234676,0,-0.0015035495079134265,31845,0,0.05432881267715606,78,0
A5_neutral_hg,-0.09230769230769231,3.5128205128205128,true,0,0.035084729589660246,0,-0.0009470998911347284,28841,0,0.03508473006394597,80,0
A5_neutral_hg,-0.03076923076923077,3.5128205128205128,true,0,0.016772198241314373,0,-0.00032424302559408424,7080,0,0.016772198297320906,20,0
A5_neutral_hg,0.03076923076923077,3.5128205128205128,true,0,-0.0005626350457434981,0,0.0003776573495800628,7335,0,-0.0005626348222349531,26,0
A5_neutral_hg,0.09230769230769231,3.5128205128205128,true,0,-0.01690148329827923,0,0.001174658814427465,29282,0,-0.016901483051221078,43,0
A5_neutral_hg,0.15384615384615385,3.5128205128205128,true,0,-0.03224902565572618,0,0.00208748151281013,31840,0,-0.03224902484817216,73,0
A5_neutral_hg,0.2153846153846154,3.5128205128205128,true,0,-0.046627800985703294,0,0.003143331651965009,47510,0,-0.046627801811957914,101,0
A5_neutral_hg,0.27692307692307694,3.5128205128205128,true,0,-0.06007342276618588,0,0.004378652648111214,63667,0,-0.06007342267178073,133,0
A5_neutral_hg,0.3384615384615385,3.5128205128205128,true,0,-0.07263037077923995,0,0.0058434048918013515,71627,0,-0.07263037109733217,151,0
A5_neutral_hg,0.4,3.5128205128205128,true,0,-0.08434854353939736,0,0.007607964853357907,111279,0,-0.08434854359655608,158,0
A5_neutral_hg,0.46153846153846156,3.5128205128205128,true,0,-0.09528052399103615,0,0.009774723167236599,100478,0,-0.0952805240643606,204,0
A5_neutral_hg,0.5230769230769231,3.5128205128205128,true,0,-0.10547953039388958,0,0.012498585682118701,111411,0,-0.10547953020435474,227,0
A5_neutral_hg,0.5846153846153846,3.5128205128205128,true,0,-0.11499793270764092,0,0.016025497303292724,127318,0,-0.11499793297522531,250,0
A5_neutral_hg,0.6461538461538462,3.5128205128205128,true,0,-0.12388624132093229,0,0.02077057135899074,127323,0,-0.1238862412064834,255,0
A5_neutral_hg,0.7076923076923077,3.5128205128205128,true,0,-0.1321924493781188,0,0.02749285767193388,175060,0,-0.13219244927782148,340,0
A5_neutral_hg,0.7692307692307693,3.5128205128205128,true,0,-0.1399616591888333,0,0.03774097310889879,172168,0,-0.13996165878397537,333,0
A5_neutral_hg,0.8307692307692308,3.5128205128205128,true,0,-0.14723589928925085,-1,NaN,200001,0,-0.1472359005845909,404,0
A5_neutral_hg,0.8923076923076924,3.5128205128205128,true,0,-0.15405409677208648,0,0.09134238581132126,190994,0,-0.1540540987872674,391,0
A5_neutral_hg,0.9538461538461539,3.5128205128205128,true,0,-0.16045213472270947,-1,NaN,200001,0,-0.1604521316562253,573,0
A5_neutral_hg,1.0153846153846153,3.5128205128205128,false,54,53.83353701855356,-1,NaN,200001,54,53.83353704432555,769,0
A5_neutral_hg,1.0769230769230769,3.5128205128205128,false,60,59.827883080638884,-1,NaN,200001,60,59.827883232002016,596,0
A5_neutral_hg,1.1384615384615384,3.5128205128205128,false,60,59.822558663768795,-1,NaN,200001,60,59.822558810445855,487,0
A5_neutral_hg,1.2,3.5128205128205128,false,62,61.81753846945452,-1,NaN,200001,62,61.81753854363804,442,0
A5_neutral_hg,-1.2,3.7948717948717947,false,62,62.382448078953246,-1,NaN,200001,62,62.38244817821231,464,0
A5_neutral_hg,-1.1384615384615384,3.7948717948717947,false,60,60.368891671228646,-1,NaN,200001,60,60.36889179971885,491,0
A5_neutral_hg,-1.0769230769230769,3.7948717948717947,false,60,60.35439745463445,-1,NaN,200001,60,60.35439740474892,611,0
A5_neutral_hg,-1.0153846153846153,3.7948717948717947,false,56,56.3389306390834,-1,NaN,200001,56,56.33893072986775,741,0
A5_neutral_hg,-0.9538461538461539,3.7948717948717947,true,0,0.3224711300334575,-1,NaN,200001,0,0.3224711314514569,572,0
A5_neutral_hg,-0.8923076923076924,3.7948717948717947,true,0,0.30501644036232556,0,-0.005358497931036377,191041,0,0.30501643849887683,434,0
A5_neutral_hg,-0.8307692307692308,3.7948717948717947,true,0,0.2865880626569597,-1,NaN,200001,0,0.28658806100632317,398,0
A5_neutral_hg,-0.7692307692307693,3.7948717948717947,true,0,0.2672358162800096,0,-0.004939456947157028,172295,0,0.2672358167787663,352,0
A5_neutral_hg,-0.7076923076923077,3.7948717948717947,true,0,0.24704173086005843,0,-0.00470728660779951,175069,0,0.24704172974698158,345,0
A5_neutral_hg,-0.6461538461538462,3.7948717948717947,true,0,0.22612192198700853,0,-0.004457758902653763,127346,0,0.22612192003540654,275,0
A5_neutral_hg,-0.5846153846153846,3.7948717948717947,true,0,0.2046257390577616,0,-0.004188852099453522,127333,0,0.20462573960170305,262,0
A5_neutral_hg,-0.5230769230769231,3.7948717948717947,true,0,0.1827315796505582,0,-0.0038982178631272735,111417,0,0.18273158004441892,229,0
A5_neutral_hg,-0.46153846153846156,3.7948717948717947,true,0,0.16063929989961379,0,-0.0035831125421812438,100430,0,0.16063929861208992,205,0
A5_neutral_hg,-0.4,3.7948717948717947,true,0,0.1385598786077451,0,-0.003240310349093889,111329,0,0.1385598789143868,159,0
A5_neutral_hg,-0.3384615384615385,3.7948717948717947,true,0,0.11670357351039984,0,-0.002865992614342616,71630,0,0.11670357327580572,153,0
A5_neutral_hg,-0.27692307692307694,3.7948717948717947,true,0,0.09526814633923408,0,-0.002455605053341081,63673,0,0.09526814662905281,138,0
A5_neutral_hg,-0.2153846153846154,3.7948717948717947,true,0,0.0744288173107801,0,-0.002003671725210765,47759,0,0.0744288163537985,108,0
A5_neutral_hg,-0.15384615384615385,3.7948717948717947,true,0,0.05433106795107123,0,-0.0015035495418205258,31845,0,0.05433106841281121,78,0
A5_neutral_hg,-0.09230769230769231,3.7948717948717947,true,0,0.03508688251360492,0,-0.0009470999250644763,29607,0,0.035086882890196125,78,0
A5_neutral_hg,-0.03076923076923077,3.7948717948717947,true,0,0.01677424102397118,0,-0.00032424305956468835,7026,0,0.016774241164680737,29,0
A5_neutral_hg,0.03076923076923077,3.7948717948717947,true,0,-0.0005607057059571208,0,0.00037765731555949866,7212,0,-0.0005607055176997111,31,0
A5_neutral_hg,0.09230769230769231,3.7948717948717947,true,0,-0.016899668279142244,0,0.0011746587803500574,29429,0,-0.016899667991423728,42,0
A5_neutral_hg,0.15384615384615385,3.7948717948717947,true,0,-0.032247323223287605,0,0.0020874814786985274,31844,0,-0.032247322377717325,77,0
A5_neutral_hg,0.2153846153846154,3.7948717948717947,true,0,-0.04662620875320189,0,0.0031433316177534865,47491,0,-0.046626208512810186,101,0
A5_neutral_hg,0.27692307692307694,3.7948717948717947,true,0,-0.06007193208750783,0,0.004378652613827527,63667,0,-0.06007193388207033,133,0
A5_neutral_hg,0.3384615384615385,3.7948717948717947,true,0,-0.07262898079259728,0,0.005843404857406975,71626,0,-0.07262898135096196,150,0
A5_neutral_hg,0.4,3.7948717948717947,true,0,-0.08434724714052222,0,0.007607964818808544,111037,0,-0.08434724697697527,161,0
A5_neutral_hg,0.46153846153846156,3.7948717948717947,true,0,-0.09527931320072924,0,0.009774723132439322,100437,0,-0.09527931447668636,206,0
A5_neutral_hg,0.5230769230769231,3.7948717948717947,true,0,-0.10547840184735535,0,0.012498585647018112,111410,0,-0.1054784015758079,226,0
A5_neutral_hg,0.5846153846153846,3.7948717948717947,true,0,-0.11499687896925748,0,0.016025497267760813,127316,0,-0.11499687939608383,248,0
A5_neutral_hg,0.6461538461538462,3.7948717948717947,true,0,-0.1238852568458273,0,0.020770571322756504,127323,0,-0.12388525702378606,253,0
A5_neutral_hg,0.7076923076923077,3.7948717948717947,true,0,-0.13219153004589024,0,0.02749285763455711,175056,0,-0.13219152915286703,336,0
A5_neutral_hg,0.7692307692307693,3.7948717948717947,true,0,-0.13996079799933447,0,0.03774097306927182,172162,0,-0.13996079772293268,343,0
A5_neutral_hg,0.8307692307692308,3.7948717948717947,true,0,-0.14723509242999566,-1,NaN,200001,0,-0.14723509394978107,406,0
A5_neutral_hg,0.8923076923076924,3.7948717948717947,true,0,-0.1540533410477014,0,0.09134238575248155,191023,0,-0.1540533422949919,420,0
A5_neutral_hg,0.9538461538461539,3.7948717948717947,true,0,-0.1604514238206225,-1,NaN,200001,0,-0.16045142136562518,557,0
A5_neutral_hg,1.0153846153846153,3.7948717948717947,false,54,53.83353824121197,-1,NaN,200001,54,53.833537712029376,781,0
A5_neutral_hg,1.0769230769230769,3.7948717948717947,false,60,59.8278837526473,-1,NaN,200001,60,59.82788386042785,546,0
A5_neutral_hg,1.1384615384615384,3.7948717948717947,false,60,59.82255935119255,-1,NaN,200001,60,59.822559402618346,507,0
A5_neutral_hg,1.2,3.7948717948717947,false,62,61.817539134258695,-1,NaN,200001,62,61.817539102319536,451,0
A5_neutral_hg,-1.2,4.076923076923077,false,62,62.3824495488042,-1,NaN,200001,62,62.38244967937004,454,0
A5_neutral_hg,-1.1384615384615384,4.076923076923077,false,60,60.36889341566139,-1,NaN,200001,60,60.36889340600062,497,0
A5_neutral_hg,-1.0769230769230769,4.076923076923077,false,60,60.354399033453774,-1,NaN,200001,60,60.35439912069118,586,0
A5_neutral_hg,-1.0153846153846153,4.076923076923077,false,56,56.33893250087912,-1,NaN,200001,56,56.338932558704464,774,0
A5_neutral_hg,-0.9538461538461539,4.076923076923077,true,0,0.32247307274173354,-1,NaN,200001,0,0.32247307458637275,560,0
A5_neutral_hg,-0.8923076923076924,4.076923076923077,true,0,0.3050184974159038,0,-0.005358497960149755,191000,0,0.3050184949273326,393,0
A5_neutral_hg,-0.8307692307692308,4.076923076923077,true,0,0.2865902293372772,-1,NaN,200001,0,0.28659022673331047,401,0
A5_neutral_hg,-0.7692307692307693,4.076923076923077,true,0,0.26723808463840315,0,-0.004939456976251755,172407,0,0.2672380843088472,358,0
A5_neutral_hg,-0.7076923076923077,4.076923076923077,true,0,0.2470440887215961,0,-0.004707286636960184,175072,0,0.24704408774110154,348,0
A5_neutral_hg,-0.6461538461538462,4.076923076923077,true,0,0.22612435328121494,0,-0.004457758931813993,127328,0,0.22612435323754365,257,0
A5_neutral_hg,-0.5846153846153846,4.076923076923077,true,0,0.20462823077736547,0,-0.0041888521285844416,127332,0,0.2046282291217114,261,0
A5_neutral_hg,-0.5230769230769231,4.076923076923077,true,0,0.18273410370173282,0,-0.003898217892275291,111417,0,0.18273410403719992,229,0
A5_neutral_hg,-0.46153846153846156,4.076923076923077,true,0,0.1606418348640115,0,-0.003583112571349689,100452,0,0.16064183332224413,208,0
A5_neutral_hg,-0.4,4.076923076923077,true,0,0.13856239972083018,0,-0.003240310378280098,111384,0,0.1385623999766329,197,0
A5_neutral_hg,-0.3384615384615385,4.076923076923077,true,0,0.116706057506478,0,-0.0028659926435339322,71630,0,0.11670605710018056,153,0
A5_neutral_hg,-0.27692307692307694,4.076923076923077,true,0,0.09527057147214346,0,-0.002455605082560375,63674,0,0.09527057167859654,139,0
A5_neutral_hg,-0.2153846153846154,4.076923076923077,true,0,0.0744311638784998,0,-0.002003671754440939,47443,0,0.07443116414935347,108,0
A5_neutral_hg,-0.15384615384615385,4.076923076923077,true,0,0.05433332392096346,0,-0.0015035495710800095,31844,0,0.054333324164371644,77,0
A5_neutral_hg,-0.09230769230769231,4.076923076923077,true,0,0.03508903550092668,0,-0.0009470999543530478,29357,0,0.0350890357333713,77,0
A5_neutral_hg,-0.03076923076923077,4.076923076923077,true,0,0.016776284030412092,0,-0.0003242430888850123,7019,0,0.016776284049566548,33,0
A5_neutral_hg,0.03076923076923077,4.076923076923077,true,0,-0.0005587763425587422,0,0.00037765728620609007,7425,0,-0.0005587761954031212,28,0
A5_neutral_hg,0.09230769230769231,4.076923076923077,true,0,-0.01689785303615743,0,0.0011746587509491313,29084,0,-0.016897852913932088,83,0
A5_neutral_hg,0.15384615384615385,4.076923076923077,true,0,-0.03224562068417791,0,0.0020874814492300997,31843,0,-0.03224561988987018,76,0
A5_neutral_hg,0.2153846153846154,4.076923076923077,true,0,-0.0466246139833133,0,0.0031433315882253288,47574,0,-0.04662461519674044,106,0
A5_neutral_hg,0.27692307692307694,4.076923076923077,true,0,-0.06007044512417248,0,0.004378652584206,63664,0,-0.06007044507602721,130,0
A5_neutral_hg,0.3384615384615385,4.076923076923077,true,0,-0.072627591216883,0,0.005843404827640564,71626,0,-0.07262759158891585,150,0
A5_neutral_hg,0.4,4.076923076923077,true,0,-0.08434595030763248,0,0.007607964788896582,111280,0,-0.08434595034241066,160,0
A5_neutral_hg,0.46153846153846156,4.076923076923077,true,0,-0.09527810277504023,0,0.009774723102322858,100464,0,-0.09527810487473021,206,0
A5_neutral_hg,0.5230769230769231,4.076923076923077,true,0,-0.10547727301049759,0,0.01249858561658923,111411,0,-0.10547727293366882,227,0
A5_neutral_hg,0.5846153846153846,4.076923076923077,true,0,-0.11499582589370738,0,0.016025497236924924,127315,0,-0.11499582580401335,247,0
A5_neutral_hg,0.6461538461538462,4.076923076923077,true,0,-0.12388427258454504,0,0.020770571291178652,127349,0,-0.12388427282879166,281,0
A5_neutral_hg,0.7076923076923077,4.076923076923077,true,0,-0.13219060944849748,0,0.027492857601787657,175055,0,-0.13219060901620638,335,0
A5_neutral_hg,0.7692307692307693,4.076923076923077,true,0,-0.13995993762320458,0,0.03774097303436541,172409,0,-0.13995993665073536,347,0
A5_neutral_hg,0.8307692307692308,4.076923076923077,true,0,-0.14723428498108815,-1,NaN,200001,0,-0.1472342873043253,427,0
A5_neutral_hg,0.8923076923076924,4.076923076923077,true,0,-0.15405258552850376,0,0.09134238569817021,191000,0,-0.1540525857925441,397,0
A5_neutral_hg,0.9538461538461539,4.076923076923077,true,0,-0.16045071309702164,-1,NaN,200001,0,-0.16045071106528264,542,0
A5_neutral_hg,1.0153846153846153,4.076923076923077,false,54,53.83353835641346,-1,NaN,200001,54,53.83353837974246,756,0
A5_neutral_hg,1.0769230769230769,4.076923076923077,false,60,59.82788449114744,-1,NaN,200001,60,59.82788448886263,580,0
A5_neutral_hg,1.1384615384615384,4.076923076923077,false,60,59.822559940316864,-1,NaN,200001,60,59.82255999479944,494,0
A5_neutral_hg,1.2,4.076923076923077,false,62,61.81753963517586,-1,NaN,200001,62,61.81753966100936,455,0
A5_neutral_hg,-1.2,4.358974358974359,false,62,62.38245096574429,-1,NaN,200001,62,62.38245118051985,474,0
A5_neutral_hg,-1.1384615384615384,4.358974358974359,false,60,60.368894946048066,-1,NaN,200001,60,60.368895012273924,496,0
A5_neutral_hg,-1.0769230769230769,4.358974358974359,false,60,60.35440068372586,-1,NaN,200001,60,60.35440083662448,581,0
A5_neutral_hg,-1.0153846153846153,4.358974358974359,false,56,56.338934374695974,-1,NaN,200001,56,56.338934387531715,792,0
A5_neutral_hg,-0.9538461538461539,4.358974358974359,true,0,0.3224750170157413,-1,NaN,200001,0,0.3224750177119544,560,0
A5_neutral_hg,-0.8923076923076924,4.358974358974359,true,0,0.30502055375099235,0,-0.005358497985479049,191032,0,0.30502055134672834,419,0
A5_neutral_hg,-0.8307692307692308,4.358974358974359,true,0,0.2865923949391308,-1,NaN,200001,0,0.2865923924518855,413,0
A5_neutral_hg,-0.7692307692307693,4.358974358974359,true,0,0.26724035149031156,0,-0.004939457001608583,171882,0,0.2672403518315922,348,0
A5_neutral_hg,-0.7076923076923077,4.358974358974359,true,0,0.24704644629920725,0,-0.004707286662343657,175067,0,0.2470464457294098,343,0
A5_neutral_hg,-0.6461538461538462,4.358974358974359,true,0,0.22612678641209905,0,-0.004457758957202795,127349,0,0.2261267864358355,278,0
A5_neutral_hg,-0.5846153846153846,4.358974358974359,true,0,0.20463071965204416,0,-0.004188852153983902,127334,0,0.20463071864022253,263,0
A5_neutral_hg,-0.5230769230769231,4.358974358974359,true,0,0.18273662769562904,0,-0.0038982179176818565,111416,0,0.18273662803112134,228,0
A5_neutral_hg,-0.46153846153846156,4.358974358974359,true,0,0.16064437108561613,0,-0.0035831125967480393,100448,0,0.16064436803632498,209,0
A5_neutral_hg,-0.4,4.358974358974359,true,0,0.13856492113064733,0,-0.0032403104036846653,111230,0,0.1385649210455765,168,0
A5_neutral_hg,-0.3384615384615385,4.358974358974359,true,0,0.1167085412903186,0,-0.0028659926689778015,71629,0,0.1167085409338603,152,0
A5_neutral_hg,-0.27692307692307694,4.358974358974359,true,0,0.0952729965742336,0,-0.002455605108024006,63673,0,0.09527299673975442,138,0
A5_neutral_hg,-0.2153846153846154,4.358974358974359,true,0,0.07443351316687274,0,-0.0020036717799369885,47759,0,0.07443351195843662,107,0
A5_neutral_hg,-0.15384615384615385,4.358974358974359,true,0,0.054335579528695055,0,-0.0015035495965713963,31846,0,0.054335579930929634,79,0
A5_neutral_hg,-0.09230769230769231,4.358974358974359,true,0,0.03509118827205604,0,-0.0009470999798877333,29113,0,0.03509118859256666,88,0
A5_neutral_hg,-0.03076923076923077,4.358974358974359,true,0,0.016778326718474235,0,-0.0003242431144496738,6976,0,0.016778326951074396,34,0
A5_neutral_hg,0.03076923076923077,4.358974358974359,true,0,-0.0005568469634404938,0,0.0003776572606026818,7009,0,-0.000556846856249793,26,0
A5_neutral_hg,0.09230769230769231,4.358974358974359,true,0,-0.01689603787470273,0,0.0011746587252984275,29639,0,-0.01689603781965099,61,0
A5_neutral_hg,0.15384615384615385,4.358974358974359,true,0,-0.032243918222359946,0,0.002087481423514115,31846,0,-0.03224391738553556,79,0
A5_neutral_hg,0.2153846153846154,4.358974358974359,true,0,-0.04662302081952685,0,0.003143331562439622,47478,0,-0.046623021864654834,109,0
A5_neutral_hg,0.27692307692307694,4.358974358974359,true,0,-0.06006895629263975,0,0.00437865255831682,63667,0,-0.06006895625455555,133,0
A5_neutral_hg,0.3384615384615385,4.358974358974359,true,0,-0.07262620147991106,0,0.005843404801678331,71629,0,-0.07262620181210022,153,0
A5_neutral_hg,0.4,4.358974358974359,true,0,-0.08434465373697275,0,0.007607964762755937,111244,0,-0.08434465369376842,154,0
A5_neutral_hg,0.46153846153846156,4.358974358974359,true,0,-0.09527689495404723,0,0.009774723075960834,100431,0,-0.09527689525939587,208,0
A5_neutral_hg,0.5230769230769231,4.358974358974359,true,0,-0.1054761444903165,0,0.012498585589928002,111414,0,-0.10547614427884033,230,0
A5_neutral_hg,0.5846153846153846,4.358974358974359,true,0,-0.11499477282049075,0,0.01602549720977542,127326,0,-0.11499477219991694,258,0
A5_neutral_hg,0.6461538461538462,4.358974358974359,true,0,-0.12388328879702493,0,0.020770571263383886,127325,0,-0.12388328862240239,257,0
A5_neutral_hg,0.7076923076923077,4.358974358974359,true,0,-0.13218968934497344,0,0.02749285757285569,175061,0,-0.13218968886874416,341,0
A5_neutral_hg,0.7692307692307693,4.358974358974359,true,0,-0.1399590760343865,0,0.037740973003135614,172090,0,-0.13995907556828802,356,0
A5_neutral_hg,0.8307692307692308,4.358974358974359,true,0,-0.1472334783744942,-1,NaN,200001,0,-0.14723348064913044,415,0
A5_neutral_hg,0.8923076923076924,4.358974358974359,true,0,-0.15405182848228116,0,0.09134238564773534,191048,0,-0.15405182928082617,418,0
A5_neutral_hg,0.9538461538461539,4.358974358974359,true,0,-0.16045000348717076,-1,NaN,200001,0,-0.16045000075610472,561,0
A5_neutral_hg,1.0153846153846153,4.358974358974359,false,54,53.83353886169697,-1,NaN,200001,54,53.833539047464,767,0
A5_neutral_hg,1.0769230769230769,4.358974358974359,false,60,59.82788515425258,-1,NaN,200001,60,59.82788511730558,590,0
A5_neutral_hg,1.1384615384615384,4.358974358974359,false,60,59.82256044294533,-1,NaN,200001,60,59.8225605869883,519,0
A5_neutral_hg,1.2,4.358974358974359,false,62,61.81754019297748,-1,NaN,200001,62,61.81754021970665,465,0
A5_neutral_hg,-1.2,4.641025641025641,false,62,62.382452508664095,-1,NaN,200001,62,62.382452681660936,472,0
A5_neutral_hg,-1.1384615384615384,4.641025641025641,false,62,62.36889635845993,-1,NaN,200001,62,62.36889661853787,500,0
A5_neutral_hg,-1.0769230769230769,4.641025641025641,false,60,60.354402589067234,-1,NaN,200001,60,60.35440255254812,585,0
A5_neutral_hg,-1.0153846153846153,4.641025641025641,false,56,56.33893623172416,-1,NaN,200001,56,56.33893621634909,761,0
A5_neutral_hg,-0.9538461538461539,4.641025641025641,true,0,0.3224769615798464,-1,NaN,200001,0,0.32247696082751476,572,0
A5_neutral_hg,-0.8923076923076924,4.641025641025641,true,0,0.30502261064289515,0,-0.005358498007796975,191009,0,0.305022607756378,402,0
A5_neutral_hg,-0.8307692307692308,4.641025641025641,true,0,0.2865945602834553,-1,NaN,200001,0,0.2865945581613659,431,0
A5_neutral_hg,-0.7692307692307693,4.641025641025641,true,0,0.2672426192113345,0,-0.004939457023916738,172437,0,0.2672426193463173,346,0
A5_neutral_hg,-0.7076923076923077,4.641025641025641,true,0,0.2470488047531102,0,-0.004707286684623835,175071,0,0.2470488037112234,347,0
A5_neutral_hg,-0.6461538461538462,4.641025641025641,true,0,0.22612922216258458,0,-0.004457758979486082,127336,0,0.2261292196295973,265,0
A5_neutral_hg,-0.5846153846153846,4.641025641025641,true,0,0.2046332078282519,0,-0.004188852176309155,127338,0,0.20463320815655595,267,0
A5_neutral_hg,-0.5230769230769231,4.641025641025641,true,0,0.1827391517160335,0,-0.003898217940019766,111418,0,0.18273915202550073,230,0
A5_neutral_hg,-0.46153846153846156,4.641025641025641,true,0,0.1606469030590728,0,-0.0035831126190992713,100495,0,0.16064690275364213,207,0
A5_neutral_hg,-0.4,4.641025641025641,true,0,0.13856744214253391,0,-0.0032403104260407822,111419,0,0.1385674421205334,232,0
A5_neutral_hg,-0.3384615384615385,4.641025641025641,true,0,0.11671102523173627,0,-0.0028659926913550127,71632,0,0.11671102477616047,155,0
A5_neutral_hg,-0.27692307692307694,4.641025641025641,true,0,0.09527542163031077,0,-0.0024556051304014392,63674,0,0.09527542181184234,139,0
A5_neutral_hg,-0.2153846153846154,4.641025641025641,true,0,0.0744358594099429,0,-0.002003671802321083,47428,0,0.07443585978036349,108,0
A5_neutral_hg,-0.15384615384615385,4.641025641025641,true,0,0.05433783558370098,0,-0.0015035496190043407,31845,0,0.05433783571180184,78,0
A5_neutral_hg,-0.09230769230769231,4.641025641025641,true,0,0.035093341686959545,0,-0.0009471000023528742,30037,0,0.03509334146709808,87,0
A5_neutral_hg,-0.03076923076923077,4.641025641025641,true,0,0.01678036987896314,0,-0.00032424313694368045,7214,0,0.016780369868519385,32,0
A5_neutral_hg,0.03076923076923077,4.641025641025641,true,0,-0.0005549175784682614,0,0.00037765723807003937,7346,0,-0.0005549175009242902,34,0
A5_neutral_hg,0.09230769230769231,4.641025641025641,true,0,-0.016894222693102368,0,0.0011746587027261501,29363,0,-0.01689422270926544,76,0
A5_neutral_hg,0.15384615384615385,4.641025641025641,true,0,-0.03224221514097847,0,0.0020874814008717824,31844,0,-0.032242214865396024,77,0
A5_neutral_hg,0.2153846153846154,4.641025641025641,true,0,-0.04662142752322396,0,0.0031433315397221273,47408,0,-0.046621428517237495,104,0
A5_neutral_hg,0.27692307692307694,4.641025641025641,true,0,-0.06006746747788161,0,0.004378652535514838,63668,0,-0.060067467418338794,134,0
A5_neutral_hg,0.3384615384615385,4.641025641025641,true,0,-0.07262481149957467,0,0.0058434047787288,71634,0,-0.07262481202119875,158,0
A5_neutral_hg,0.4,4.641025641025641,true,0,-0.08434335706369311,0,0.007607964739659745,111247,0,-0.08434335703173401,157,0
A5_neutral_hg,0.46153846153846156,4.641025641025641,true,0,-0.0952756849481522,0,0.009774723052658807,100503,0,-0.09527568563137057,205,0
A5_neutral_hg,0.5230769230769231,4.641025641025641,true,0,-0.10547501579636775,0,0.01249858556632688,111415,0,-0.105475015612007,231,0
A5_neutral_hg,0.5846153846153846,4.641025641025641,true,0,-0.11499371777791434,0,0.016025497185735094,127328,0,-0.11499371858448137,260,0
A5_neutral_hg,0.6461538461538462,4.641025641025641,true,0,-0.12388230453817584,0,0.020770571238652002,127320,0,-0.12388230440530346,250,0
A5_neutral_hg,0.7076923076923077,4.641025641025641,true,0,-0.1321887680842455,0,0.02749285754693398,175057,0,-0.1321887687111627,337,0
A5_neutral_hg,0.7692307692307693,4.641025641025641,true,0,-0.1399582151988077,0,0.03774097297504975,172431,0,-0.13995821447627366,348,0
A5_neutral_hg,0.8307692307692308,4.641025641025641,true,0,-0.1472326721524595,-1,NaN,200001,0,-0.14723267398488193,430,0
A5_neutral_hg,0.8923076923076924,4.641025641025641,true,0,-0.1540510722575652,0,0.09134238560032437,191001,0,-0.1540510727605282,398,0
A5_neutral_hg,0.9538461538461539,4.641025641025641,true,0,-0.16044929241465988,-1,NaN,200001,0,-0.16044929043877487,533,0
A5_neutral_hg,1.0153846153846153,4.641025641025641,false,54,53.83353977086833,-1,NaN,200001,54,53.833539715193346,779,0
A5_neutral_hg,1.0769230769230769,4.641025641025641,false,60,59.8278854598043,-1,NaN,200001,60,59.827885745755886,578,0
A5_neutral_hg,1.1384615384615384,4.641025641025641,false,60,59.82256086046805,-1,NaN,200001,60,59.822561179184326,486,0
A5_neutral_hg,1.2,4.641025641025641,false,62,61.81754066418932,-1,NaN,200001,62,61.817540778410695,470,0
A5_neutral_hg,-1.2,4.923076923076923,false,64,64.38245411936619,-1,NaN,200001,64,64.38245418279288,464,0
A5_neutral_hg,-1.1384615384615384,4.923076923076923,false,64,64.36889785891567,-1,NaN,200001,64,64.36889822479205,506,0
A5_neutral_hg,-1.0769230769230769,4.923076923076923,false,60,60.35440423461268,-1,NaN,200001,60,60.3544042684615,593,0
A5_neutral_hg,-1.0153846153846153,4.923076923076923,false,56,56.33893792913052,-1,NaN,200001,56,56.33893804515593,776,0
A5_neutral_hg,-0.9538461538461539,4.923076923076923,true,0,0.3224789033280351,-1,NaN,200001,0,0.322478903932524,585,0
A5_neutral_hg,-0.8923076923076924,4.923076923076923,true,0,0.3050246661493611,0,-0.005358498027503655,191017,0,0.30502466415575713,410,0
A5_neutral_hg,-0.8307692307692308,4.923076923076923,true,0,0.2865967280857882,-1,NaN,200001,0,0.2865967238612246,403,0
A5_neutral_hg,-0.7692307692307693,4.923076923076923,true,0,0.267244886810423,0,-0.0049394570436727125,172214,0,0.26724488685249415,352,0
A5_neutral_hg,-0.7076923076923077,4.923076923076923,true,0,0.2470511630599569,0,-0.004707286704387803,175081,0,0.24705116168601293,357,0
A5_neutral_hg,-0.6461538461538462,4.923076923076923,true,0,0.22613165369611943,0,-0.004457758999279804,127339,0,0.22613165281830228,268,0
A5_neutral_hg,-0.5846153846153846,4.923076923076923,true,0,0.20463569753704292,0,-0.004188852196071791,127337,0,0.20463569767018186,266,0
A5_neutral_hg,-0.5230769230769231,4.923076923076923,true,0,0.18274167577618705,0,-0.003898217959799055,111427,0,0.18274167601980673,239,0
A5_neutral_hg,-0.46153846153846156,4.923076923076923,true,0,0.16064943763578587,0,-0.003583112638880781,100480,0,0.16064943747367255,215,0
A5_neutral_hg,-0.4,4.923076923076923,true,0,0.13856996337059568,0,-0.003240310445852268,111379,0,0.13856996320097326,192,0
A5_neutral_hg,-0.3384615384615385,4.923076923076923,true,0,0.1167135090181215,0,-0.00286599271118404,71630,0,0.11671350862655483,153,0
A5_neutral_hg,-0.27692307692307694,4.923076923076923,true,0,0.0952778467996126,0,-0.002455605150257112,63676,0,0.09527784689433039,141,0
A5_neutral_hg,-0.2153846153846154,4.923076923076923,true,0,0.0744382086980454,0,-0.002003671822192299,47487,0,0.07443820761460673,106,0
A5_neutral_hg,-0.15384615384615385,4.923076923076923,true,0,0.05434009117566441,0,-0.0015035496388957625,31849,0,0.05434009150646146,82,0
A5_neutral_hg,-0.09230769230769231,4.923076923076923,true,0,0.035095494116845094,0,-0.0009471000222682768,28950,0,0.035095494356436885,77,0
A5_neutral_hg,-0.03076923076923077,4.923076923076923,true,0,0.016782412814093983,0,-0.00032424315689416616,7263,0,0.01678241280137438,36,0
A5_neutral_hg,0.03076923076923077,4.923076923076923,true,0,-0.0005529881629640077,0,0.00037765721808058483,7120,0,-0.0005529881299544126,30,0
A5_neutral_hg,0.09230769230769231,4.923076923076923,true,0,-0.01689240762877664,0,0.0011746586826850702,29094,0,-0.016892407583301905,61,0
A5_neutral_hg,0.15384615384615385,4.923076923076923,true,0,-0.03224051282264351,0,0.0020874813807959525,31843,0,-0.03224051232998071,76,0
A5_neutral_hg,0.2153846153846154,4.923076923076923,true,0,-0.04661983522476465,0,0.003143331519559811,47425,0,-0.046619835155016665,102,0
A5_neutral_hg,0.27692307692307694,4.923076923076923,true,0,-0.06006597887442222,0,0.004378652515262926,63667,0,-0.060065978567906964,133,0
A5_neutral_hg,0.3384615384615385,4.923076923076923,true,0,-0.07262342176444658,0,0.005843404758339332,71630,0,-0.07262342221673856,154,0
A5_neutral_hg,0.4,4.923076923076923,true,0,-0.08434206202442951,0,0.007607964719121396,111314,0,-0.08434206035683323,167,0
A5_neutral_hg,0.46153846153846156,4.923076923076923,true,0,-0.0952744756268713,0,0.009774723031896526,100457,0,-0.09527447599117722,209,0
A5_neutral_hg,0.5230769230769231,4.923076923076923,true,0,-0.10547388704909522,0,0.012498585545298702,111416,0,-0.10547388693369619,232,0
A5_neutral_hg,0.5846153846153846,4.923076923076923,true,0,-0.11499266532696928,0,0.016025497164230296,127319,0,-0.11499266495823202,251,0
A5_neutral_hg,0.6461538461538462,4.923076923076923,true,0,-0.12388132001809549,0,0.020770571216446876,127343,0,-0.12388132017802089,273,0
A5_neutral_hg,0.7076923076923077,4.923076923076923,true,0,-0.13218784817457085,0,0.027492857523573444,175067,0,-0.1321878485439929,347,0
A5_neutral_hg,0.7692307692307693,4.923076923076923,true,0,-0.13995735355435834,0,0.037740972949461105,172223,0,-0.13995735337522186,350,0
A5_neutral_hg,0.8307692307692308,4.923076923076923,true,0,-0.1472318653674014,-1,NaN,200001,0,-0.14723186731210447,404,0
A5_neutral_hg,0.8923076923076924,4.923076923076923,true,0,-0.1540503153440791,0,0.09134238555544838,190995,0,-0.1540503162321698,392,0
A5_neutral_hg,0.9538461538461539,4.923076923076923,true,0,-0.16044858204387102,-1,NaN,200001,0,-0.1604485801138238,533,0
A5_neutral_hg,1.0153846153846153,4.923076923076923,false,54,53.833540289023276,-1,NaN,200001,54,53.833540382929904,755,0
A5_neutral_hg,1.0769230769230769,4.923076923076923,false,60,59.82788637926929,-1,NaN,200001,60,59.827886374212966,581,0
A5_neutral_hg,1.1384615384615384,4.923076923076923,false,60,59.822562348404816,-1,NaN,200001,60,59.822561771386745,486,0
A5_neutral_hg,1.2,4.923076923076923,false,62,61.81754122773885,-1,NaN,200001,62,61.81754133712098,474,0
A5_neutral_hg,-1.2,5.205128205128205,false,64,64.38245552498768,-1,NaN,200001,64,64.38245568391518,460,0
A5_neutral_hg,-1.1384615384615384,5.205128205128205,false,64,64.36889978422184,-1,NaN,200001,64,64.36889983103606,508,0
A5_neutral_hg,-1.0769230769230769,5.205128205128205,false,62,62.35440597250872,-1,NaN,200001,62,62.3544059843641,607,0
A5_neutral_hg,-1.0153846153846153,5.205128205128205,false,58,58.33893980676382,-1,NaN,200001,58,58.33893987395179,738,0
A5_neutral_hg,-0.9538461538461539,5.205128205128205,true,2,2.322480839595322,-1,NaN,200001,2,2.3224808470265774,584,0
A5_neutral_hg,-0.8923076923076924,5.205128205128205,true,0,0.3050267227796334,0,-0.0053584980450969155,191018,0,0.30502672054445057,411,0
A5_neutral_hg,-0.8307692307692308,5.205128205128205,true,0,0.28659889123945703,-1,NaN,200001,0,0.28659888955104573,427,0
A5_neutral_hg,-0.7692307692307693,5.205128205128205,true,0,0.2672471535612765,0,-0.0049394570612650845,172126,0,0.26724715434970714,357,0
A5_neutral_hg,-0.7076923076923077,5.205128205128205,true,0,0.24705352064223607,0,-0.0047072867219926096,175080,0,0.2470535196533662,356,0
A5_neutral_hg,-0.6461538461538462,5.205128205128205,true,0,0.2261340878212006,0,-0.004457759016907703,127337,0,0.22613408600153573,266,0
A5_neutral_hg,-0.5846153846153846,5.205128205128205,true,0,0.20463818685115442,0,-0.004188852213716121,127338,0,0.20463818718068705,267,0
A5_neutral_hg,-0.5230769230769231,5.205128205128205,true,0,0.18274419982897783,0,-0.003898217977460261,111422,0,0.1827442000136268,234,0
A5_neutral_hg,-0.46153846153846156,5.205128205128205,true,0,0.1606519725114196,0,-0.0035831126565599725,100435,0,0.16065197219599947,212,0
A5_neutral_hg,-0.4,5.205128205128205,true,0,0.13857248413365297,0,-0.0032403104635430058,111356,0,0.1385724842864866,169,0
A5_neutral_hg,-0.3384615384615385,5.205128205128205,true,0,0.11671599302068669,0,-0.002865992728875444,71636,0,0.11671599248462727,159,0
A5_neutral_hg,-0.27692307692307694,5.205128205128205,true,0,0.0952802719202015,0,-0.0024556051679478497,63680,0,0.09528027198680589,145,0
A5_neutral_hg,-0.2153846153846154,5.205128205128205,true,0,0.07444055876582911,0,-0.0020036718399210063,47450,0,0.07444055546075146,113,0
A5_neutral_hg,-0.15384615384615385,5.205128205128205,true,0,0.054342347109524236,0,-0.0015035496566473405,31845,0,0.05434234731449317,78,0
A5_neutral_hg,-0.09230769230769231,5.205128205128205,true,0,0.035097647121858255,0,-0.0009471000400469443,29390,0,0.03509764726017017,75,0
A5_neutral_hg,-0.03076923076923077,5.205128205128205,true,0,0.01678445592401623,0,-0.00032424317470791664,7093,0,0.016784455749224936,32,0
A5_neutral_hg,0.03076923076923077,5.205128205128205,true,0,-0.0005510587663977162,0,0.00037765720022142624,7449,0,-0.0005510587437544956,32,0
A5_neutral_hg,0.09230769230769231,5.205128205128205,true,0,-0.016890592622560652,0,0.001174658664778172,28891,0,-0.01689059244217428,76,0
A5_neutral_hg,0.15384615384615385,5.205128205128205,true,0,-0.03223881057892819,0,0.0020874813628206645,31844,0,-0.03223880977970284,77,0
A5_neutral_hg,0.2153846153846154,5.205128205128205,true,0,-0.04661824072013654,0,0.0031433315015170216,47472,0,-0.046618241778404235,102,0
A5_neutral_hg,0.27692307692307694,5.205128205128205,true,0,-0.060064489842297064,0,0.004378652497111557,63666,0,-0.060064489703672175,132,0
A5_neutral_hg,0.3384615384615385,5.205128205128205,true,0,-0.07262203091720454,0,0.005843404740114355,71629,0,-0.07262203239913378,153,0
A5_neutral_hg,0.4,5.205128205128205,true,0,-0.0843407635570177,0,0.0076079647007294415,111360,0,-0.08434076366947929,176,0
A5_neutral_hg,0.46153846153846156,5.205128205128205,true,0,-0.09527326493366406,0,0.009774723013294073,100481,0,-0.09527326633923217,210,0
A5_neutral_hg,0.5230769230769231,5.205128205128205,true,0,-0.10547275834994196,0,0.012498585526350636,111415,0,-0.10547275824432334,231,0
A5_neutral_hg,0.5846153846153846,5.205128205128205,true,0,-0.11499161057580953,0,0.016025497144870116,127305,0,-0.11499161132158231,237,0
A5_neutral_hg,0.6461538461538462,5.205128205128205,true,0,-0.12388033558318101,0,0.020770571196376597,127329,0,-0.12388033594097037,261,0
A5_neutral_hg,0.7076923076923077,5.205128205128205,true,0,-0.13218692912409025,0,0.027492857502285584,175062,0,-0.13218692836764667,342,0
A5_neutral_hg,0.7692307692307693,5.205128205128205,true,0,-0.13995649283391076,0,0.03774097292602341,172146,0,-0.13995649226554563,353,0
A5_neutral_hg,0.8307692307692308,5.205128205128205,true,0,-0.1472310584774128,-1,NaN,200001,0,-0.14723106063121816,428,0
A5_neutral_hg,0.8923076923076924,5.205128205128205,true,0,-0.15404955929731323,0,0.0913423855127129,191057,0,-0.1540495596961693,431,0
A5_neutral_hg,0.9538461538461539,5.205128205128205,true,0,-0.16044787251601944,-1,NaN,200001,0,-0.1604478697816638,552,0
A5_neutral_hg,1.0153846153846153,5.205128205128205,false,54,53.83354112199586,-1,NaN,200001,54,53.833541050673254,788,0
A5_neutral_hg,1.0769230769230769,5.205128205128205,false,60,59.827886982323925,-1,NaN,200001,60,59.827887002676604,605,0
A5_neutral_hg,1.1384615384615384,5.205128205128205,false,60,59.822562360862094,-1,NaN,200001,60,59.82256236359536,502,0
A5_neutral_hg,1.2,5.205128205128205,false,62,61.81754202869006,-1,NaN,200001,62,61.817541895837074,450,0
A5_neutral_hg,-1.2,5.487179487179487,false,64,64.38245708424745,-1,NaN,200001,64,64.38245718502748,459,0
A5_neutral_hg,-1.1384615384615384,5.487179487179487,false,64,64.36890133471991,-1,NaN,200001,64,64.36890143726961,493,0
A5_neutral_hg,-1.0769230769230769,5.487179487179487,false,62,62.354407591615164,-1,NaN,200001,62,62.35440770025583,564,0
A5_neutral_hg,-1.0153846153846153,5.487179487179487,false,58,58.33894174224318,-1,NaN,200001,58,58.338941702736506,769,0
A5_neutral_hg,-0.9538461538461539,5.487179487179487,true,2,2.322482783847933,-1,NaN,200001,2,2.3224827901093374,580,0
A5_neutral_hg,-0.8923076923076924,5.487179487179487,true,2,2.305028774312049,2,1.9946415019390935,191015,2,2.3050287769221267,408,0
A5_neutral_hg,-0.8307692307692308,5.487179487179487,true,2,2.2866010496860127,-1,NaN,200001,2,2.286601055230501,439,0
A5_neutral_hg,-0.7692307692307693,5.487179487179487,true,2,2.267249419530445,2,1.9950605429229202,172147,2,2.267249421837632,369,0
A5_neutral_hg,-0.7076923076923077,5.487179487179487,true,0,0.247055878685277,0,-0.004707286737845262,175077,0,0.24705587761295467,353,0
A5_neutral_hg,-0.6461538461538462,5.487179487179487,true,0,0.2261365223830133,0,-0.004457759032716835,127337,0,0.2261365191789686,266,0
A5_neutral_hg,-0.5846153846153846,5.487179487179487,true,0,0.2046406781253587,0,-0.004188852229576323,127343,0,0.20464067668774133,272,0
A5_neutral_hg,-0.5230769230769231,5.487179487179487,true,0,0.18274672380656476,0,-0.0038982179933275685,111429,0,0.18274672400663228,241,0
A5_neutral_hg,-0.46153846153846156,5.487179487179487,true,0,0.1606545086407657,0,-0.0035831126724412687,100451,0,0.1606545069202967,214,0
A5_neutral_hg,-0.4,5.487179487179487,true,0,0.13857500535452794,0,-0.0032403104794012094,111123,0,0.1385750053767415,171,0
A5_neutral_hg,-0.3384615384615385,5.487179487179487,true,0,0.11671847680699532,0,-0.0028659927447685085,71632,0,0.11671847635005028,155,0
A5_neutral_hg,-0.27692307692307694,5.487179487179487,true,0,0.09528269699737735,0,-0.0024556051838726667,63677,0,0.09528269708894233,142,0
A5_neutral_hg,-0.2153846153846154,5.487179487179487,true,0,0.07444290407564091,0,-0.002003671855864919,47460,0,0.07444290331846992,109,0
A5_neutral_hg,-0.15384615384615385,5.487179487179487,true,0,0.05434460297935506,0,-0.0015035496726112374,31849,0,0.054344603135569214,82,0
A5_neutral_hg,-0.09230769230769231,5.487179487179487,true,0,0.03509979994252799,0,-0.0009471000560354881,29046,0,0.035099800177969875,72,0
A5_neutral_hg,-0.03076923076923077,5.487179487179487,true,0,0.01678649858819581,0,-0.0003242431907299892,7210,0,0.016786498711743647,33,0
A5_neutral_hg,0.03076923076923077,5.487179487179487,true,0,-0.000549129384224134,0,0.00037765718416038485,7260,0,-0.0005491293426511668,27,0
A5_neutral_hg,0.09230769230769231,5.487179487179487,true,0,-0.016888777591921977,0,0.001174658648683713,29389,0,-0.016888777286211187,78,0
A5_neutral_hg,0.15384615384615385,5.487179487179487,true,0,-0.0322371081445354,0,0.002087481346659925,31844,0,-0.032237107214889704,77,0
A5_neutral_hg,0.2153846153846154,5.487179487179487,true,0,-0.04661664799687637,0,0.00314333148527679,47529,0,-0.04661664838772972,107,0
A5_neutral_hg,0.27692307692307694,5.487179487179487,true,0,-0.060063000749176476,0,0.004378652480790501,63672,0,-0.06006300082596172,138,0
A5_neutral_hg,0.3384615384615385,5.487179487179487,true,0,-0.07262064197962914,0,0.005843404723631318,71631,0,-0.07262064256871237,155,0
A5_neutral_hg,0.4,5.487179487179487,true,0,-0.08433946685197546,0,0.007607964684095525,110590,0,-0.08433946697000372,157,0
A5_neutral_hg,0.46153846153846156,5.487179487179487,true,0,-0.09527205485112766,0,0.009774722996467311,100457,0,-0.09527205667586447,206,0
A5_neutral_hg,0.5230769230769231,5.487179487179487,true,0,-0.1054716296549214,0,0.012498585509218674,111410,0,-0.1054716295442153,226,0
A5_neutral_hg,0.5846153846153846,5.487179487179487,true,0,-0.11499055822076043,0,0.01602549712729029,127326,0,-0.11499055767486288,258,0
A5_neutral_hg,0.6461538461538462,5.487179487179487,true,0,-0.12387935138227224,0,0.02077057117811021,127327,0,-0.12387935169447917,259,0
A5_neutral_hg,0.7076923076923077,5.487179487179487,true,0,-0.13218600933971736,0,0.02749285748288066,175059,0,-0.1321860081824504,339,0
A5_neutral_hg,0.7692307692307693,5.487179487179487,true,0,-0.13995563137356082,0,0.03774097290436962,172235,0,-0.13995563114757292,348,0
A5_neutral_hg,0.8307692307692308,5.487179487179487,true,0,-0.14723025206341323,-1,NaN,200001,0,-0.14723025394254252,383,0
A5_neutral_hg,0.8923076923076924,5.487179487179487,true,0,-0.1540488023841422,0,0.09134238547173712,191011,0,-0.15404880315285707,408,0
A5_neutral_hg,0.9538461538461539,5.487179487179487,true,0,-0.1604471610876772,-1,NaN,200001,0,-0.16044715944261756,545,0
A5_neutral_hg,1.0153846153846153,5.487179487179487,false,54,53.833541680171756,-1,NaN,200001,54,53.833541718423085,799,0
A5_neutral_hg,1.0769230769230769,5.487179487179487,false,60,59.82788761856196,-1,NaN,200001,60,59.827887631146304,561,0
A5_neutral_hg,1.1384615384615384,5.487179487179487,false,60,59.82256356480739,-1,NaN,200001,60,59.82256295580979,501,0
A5_neutral_hg,1.2,5.487179487179487,false,62,61.81754247597651,-1,NaN,200001,62,61.817542454558634,460,0
A5_neutral_hg,-1.2,5.769230769230769,false,64,64.38245861470543,-1,NaN,200001,64,64.38245868612961,468,0
A5_neutral_hg,-1.1384615384615384,5.769230769230769,false,64,64.36890297602562,-1,NaN,200001,64,64.36890304349222,477,0
A5_neutral_hg,-1.0769230769230769,5.769230769230769,false,62,62.354409427831484,-1,NaN,200001,62,62.354409416136356,572,0
A5_neutral_hg,-1.0153846153846153,5.769230769230769,false,58,58.33894369857073,-1,NaN,200001,58,58.33894353150966,768,0
A5_neutral_hg,-0.9538461538461539,5.769230769230769,true,2,2.3224847258986054,-1,NaN,200001,2,2.3224847331805414,602,0
A5_neutral_hg,-0.8923076923076924,5.769230769230769,true,2,2.305030832362145,2,1.9946415019248076,191083,2,2.3050308332885274,429,0
A5_neutral_hg,-0.8307692307692308,5.769230769230769,true,2,2.286603217789089,-1,NaN,200001,2,2.2866032208993277,435,0
A5_neutral_hg,-0.7692307692307693,5.769230769230769,true,2,2.267251686376274,2,1.9950605429086226,172328,2,2.2672516893160015,358,0
A5_neutral_hg,-0.7076923076923077,5.769230769230769,true,2,2.2470582372615766,2,1.9952927132478688,175070,2,2.247058235564513,346,0
A5_neutral_hg,-0.6461538461538462,5.769230769230769,true,2,2.226138948945227,2,1.995542240952951,127362,2,2.226138952350336,291,0
A5_neutral_hg,-0.5846153846153846,5.769230769230769,true,0,0.2046431662068875,0,-0.004188852243878216,127352,0,0.20464316619108225,281,0
A5_neutral_hg,-0.5230769230769231,5.769230769230769,true,0,0.182749247675702,0,-0.0038982180076438944,111434,0,0.18274924799855985,246,0
A5_neutral_hg,-0.46153846153846156,5.769230769230769,true,0,0.16065704203738573,0,-0.003583112686778245,100499,0,0.16065704164629802,223,0
A5_neutral_hg,-0.4,5.769230769230769,true,0,0.1385775264595045,0,-0.0032403104937641647,111430,0,0.13857752647147503,243,0
A5_neutral_hg,-0.3384615384615385,5.769230769230769,true,0,0.1167209604242404,0,-0.0028659927591312417,71643,0,0.11672096022255862,166,0
A5_neutral_hg,-0.27692307692307694,5.769230769230769,true,0,0.09528512206862483,0,-0.0024556051982671523,63684,0,0.0952851222004717,149,0
A5_neutral_hg,-0.2153846153846154,5.769230769230769,true,0,0.07444525225166942,0,-0.002003671870256296,47434,0,0.07444525118749634,116,0
A5_neutral_hg,-0.15384615384615385,5.769230769230769,true,0,0.054346858522166364,0,-0.0015035496870476894,31852,0,0.05434685896942604,85,0
A5_neutral_hg,-0.09230769230769231,5.769230769230769,true,0,0.035101953257813956,0,-0.0009471000704792676,29067,0,0.03510195310957098,60,0
A5_neutral_hg,-0.03076923076923077,5.769230769230769,true,0,0.016788541487795072,0,-0.00032424320521329264,7130,0,0.016788541688665837,44,0
A5_neutral_hg,0.03076923076923077,5.769230769230769,true,0,-0.0005471999311204012,0,0.0003776571696366693,7060,0,-0.0005471999269095473,29,0
A5_neutral_hg,0.09230769230769231,5.769230769230769,true,0,-0.016886962307554265,0,0.001174658634107817,28812,0,-0.016886962115676862,77,0
A5_neutral_hg,0.15384615384615385,5.769230769230769,true,0,-0.032235405402905704,0,0.002087481332023189,31849,0,-0.032235404635805986,82,0
A5_neutral_hg,0.2153846153846154,5.769230769230769,true,0,-0.046615053880081136,0,0.0031433314705739956,47426,0,-0.0466150549832558,100,0
A5_neutral_hg,0.27692307692307694,5.769230769230769,true,0,-0.0600615120154433,0,0.004378652465992006,63674,0,-0.060061511935042056,140,0
A5_neutral_hg,0.3384615384615385,5.769230769230769,true,0,-0.07261925200245378,0,0.005843404708738009,71628,0,-0.07261925272573744,152,0
A5_neutral_hg,0.4,5.769230769230769,true,0,-0.08433817014630351,0,0.007607964669049561,110836,0,-0.08433817025866497,165,0
A5_neutral_hg,0.46153846153846156,5.769230769230769,true,0,-0.09527084470476832,0,0.009774722981188644,100488,0,-0.09527084700133681,208,0
A5_neutral_hg,0.5230769230769231,5.769230769230769,true,0,-0.10547050093956756,0,0.012498585493620373,111409,0,-0.10547050083363652,225,0
A5_neutral_hg,0.5846153846153846,5.769230769230769,true,0,-0.11498950440416733,0,0.016025497111269327,127318,0,-0.1149895040183353,250,0
A5_neutral_hg,0.6461538461538462,5.769230769230769,true,0,-0.12387836713176337,0,0.020770571161367934,127326,0,-0.12387836743881109,256,0
A5_neutral_hg,0.7076923076923077,5.769230769230769,true,0,-0.13218508929642736,0,0.027492857464991638,175064,0,-0.13218508798867168,344,0
A5_neutral_hg,0.7692307692307693,5.769230769230769,true,0,-0.13995477070857087,0,0.03774097288428224,172297,0,-0.13995477002156842,343,0
A5_neutral_hg,0.8307692307692308,5.769230769230769,true,0,-0.14722944504385538,-1,NaN,200001,0,-0.1472294472463458,420,0
A5_neutral_hg,0.8923076923076924,5.769230769230769,true,0,-0.15404804615156475,0,0.09134238543237083,191091,0,-0.15404804660249294,443,0
A5_neutral_hg,0.9538461538461539,5.769230769230769,true,0,-0.1604464508755381,-1,NaN,200001,0,-0.1604464490969557,546,0
A5_neutral_hg,1.0153846153846153,5.769230769230769,false,54,53.83354239186512,-1,NaN,200001,54,53.83354238617909,803,0
A5_neutral_hg,1.0769230769230769,5.769230769230769,false,60,59.82788807771751,-1,NaN,200001,60,59.827888259621844,572,0
A5_neutral_hg,1.1384615384615384,5.769230769230769,false,60,59.82256348189871,-1,NaN,200001,60,59.82256354802968,504,0
A5_neutral_hg,1.2,5.769230769230769,false,62,61.81754303924967,-1,NaN,200001,62,61.81754301328549,454,0
A5_neutral_hg,-1.2,6.051282051282051,false,64,64.38246012124321,-1,NaN,200001,64,64.38246018722128,446,0
A5_neutral_hg,-1.1384615384615384,6.051282051282051,false,64,64.368904637556,-1,NaN,200001,64,64.36890464970395,502,0
A5_neutral_hg,-1.0769230769230769,6.051282051282051,false,62,62.354410911294806,-1,NaN,200001,62,62.35441113200535,583,0
A5_neutral_hg,-1.0153846153846153,6.051282051282051,false,58,58.33894534158004,-1,NaN,200001,58,58.338945360271104,791,0
A5_neutral_hg,-0.9538461538461539,6.051282051282051,true,2,2.3224866716561623,-1,NaN,200001,2,2.322486676239981,573,0
A5_neutral_hg,-0.8923076923076924,6.051282051282051,true,2,2.3050328853410846,2,1.994641501911875,191001,2,2.3050328896434307,394,0
A5_neutral_hg,-0.8307692307692308,6.051282051282051,true,2,2.2866053835752957,-1,NaN,200001,2,2.2866053865573095,405,0
A5_neutral_hg,-0.7692307692307693,6.051282051282051,true,2,2.267253954776209,2,1.9950605428956587,172087,2,2.2672539567845993,359,0
A5_neutral_hg,-0.7076923076923077,6.051282051282051,true,2,2.247060595818665,2,1.9952927132349045,175082,2,2.2470605935078276,358,0
A5_neutral_hg,-0.6461538461538462,6.051282051282051,true,2,2.2261413830376333,2,1.9955422409399868,127338,2,2.2261413855154246,267,0
A5_neutral_hg,-0.5846153846153846,6.051282051282051,true,2,2.204645655810885,2,1.9958111477431162,127346,2,2.204645655690494,275,0
A5_neutral_hg,-0.5230769230769231,6.051282051282051,true,2,2.1827517732378396,2,1.9961017819793878,111426,2,2.182751771989193,238,0
A5_neutral_hg,-0.46153846153846156,6.051282051282051,true,2,2.1606595835199247,2,1.9964168873002461,100403,2,2.160659576373789,221,0
A5_neutral_hg,-0.4,6.051282051282051,true,0,0.13858004751288344,0,-0.0032403105067715376,111173,0,0.13858004757047182,173,0
A5_neutral_hg,-0.3384615384615385,6.051282051282051,true,0,0.11672344443693994,0,-0.0028659927721768064,71644,0,0.1167234441019388,167,0
A5_neutral_hg,-0.27692307692307694,6.051282051282051,true,0,0.09528754720719135,0,-0.0024556052113107185,63690,0,0.09528754732118139,155,0
A5_neutral_hg,-0.2153846153846154,6.051282051282051,true,0,0.07444760013462204,0,-0.0020036718833460476,47773,0,0.07444759906761789,121,0
A5_neutral_hg,-0.15384615384615385,6.051282051282051,true,0,0.05434911458383296,0,-0.0015035497001316678,31857,0,0.05434911481584803,90,0
A5_neutral_hg,-0.09230769230769231,6.051282051282051,true,0,0.03510410663138597,0,-0.000947100083603214,28946,0,0.03510410605476,74,0
A5_neutral_hg,-0.03076923076923077,6.051282051282051,true,0,0.01679058457654703,0,-0.0003242432183745425,7057,0,0.016790584679776455,40,0
A5_neutral_hg,0.03076923076923077,6.051282051282051,true,0,-0.0005452705362085641,0,0.00037765715643933717,7367,0,-0.0005452704967441324,33,0
A5_neutral_hg,0.09230769230769231,6.051282051282051,true,0,-0.016885147128172795,0,0.0011746586208524201,29361,0,-0.01688514693078491,74,0
A5_neutral_hg,0.15384615384615385,6.051282051282051,true,0,-0.032233702422800325,0,0.0020874813187063967,31848,0,-0.032233702042666845,81,0
A5_neutral_hg,0.2153846153846154,6.051282051282051,true,0,-0.046613461447784665,0,0.003143331457200138,47551,0,-0.04661346156519963,106,0
A5_neutral_hg,0.27692307692307694,6.051282051282051,true,0,-0.06006002295746948,0,0.0043786524525056825,63674,0,-0.06006002303112523,140,0
A5_neutral_hg,0.3384615384615385,6.051282051282051,true,0,-0.07261786222919842,0,0.005843404695150101,71638,0,-0.07261786287042549,162,0
A5_neutral_hg,0.4,6.051282051282051,true,0,-0.08433687510123944,0,0.007607964655268695,111337,0,-0.08433687353568309,167,0
A5_neutral_hg,0.46153846153846156,6.051282051282051,true,0,-0.09526963555248091,0,0.009774722967216709,100436,0,-0.09526963731586413,215,0
A5_neutral_hg,0.5230769230769231,6.051282051282051,true,0,-0.10546937045118532,0,0.012498585479360447,111415,0,-0.1054693721128015,231,0
A5_neutral_hg,0.5846153846153846,6.051282051282051,true,0,-0.11498844799739905,0,0.016025497096544328,127320,0,-0.11498845035221716,252,0
A5_neutral_hg,0.6461538461538462,6.051282051282051,true,0,-0.12387738300157713,0,0.020770571145953265,127330,0,-0.12387738317418129,262,0
A5_neutral_hg,0.7076923076923077,6.051282051282051,true,0,-0.13218416920057519,0,0.027492857448384367,175066,0,-0.1321841677865232,346,0
A5_neutral_hg,0.7692307692307693,6.051282051282051,true,0,-0.13995390960470844,0,0.037740972865488276,172076,0,-0.13995390888774462,369,0
A5_neutral_hg,0.8307692307692308,6.051282051282051,true,0,-0.1472286394728699,-1,NaN,200001,0,-0.14722864054284202,405,0
A5_neutral_hg,0.8923076923076924,6.051282051282051,true,0,-0.15404728921950905,0,0.09134238539426887,191007,0,-0.15404729004529183,404,0
A5_neutral_hg,0.9538461538461539,6.051282051282051,true,0,-0.16044574125048983,-1,NaN,200001,0,-0.16044573874489076,553,0
A5_neutral_hg,1.0153846153846153,6.051282051282051,false,54,53.833543041920386,-1,NaN,200001,54,53.83354305394115,805,0
A5_neutral_hg,1.0769230769230769,6.051282051282051,false,60,59.82788873742242,-1,NaN,200001,60,59.82788888810313,580,0
A5_neutral_hg,1.1384615384615384,6.051282051282051,false,60,59.82256407764625,-1,NaN,200001,60,59.822564140254904,506,0
A5_neutral_hg,1.2,6.051282051282051,false,62,61.81754347113388,-1,NaN,200001,62,61.817543572017264,456,0
A5_neutral_hg,-1.2,6.333333333333333,false,64,64.38246146387411,-1,NaN,200001,64,64.38246168830239,445,0
A5_neutral_hg,-1.1384615384615384,6.333333333333333,false,64,64.36890681146525,-1,NaN,200001,64,64.3689062559045,479,0
A5_neutral_hg,-1.0769230769230769,6.333333333333333,false,62,62.35441273102524,-1,NaN,200001,62,62.35441284786267,588,0
A5_neutral_hg,-1.0153846153846153,6.333333333333333,false,58,58.338947268023084,-1,NaN,200001,58,58.338947189020566,772,0
A5_neutral_hg,-0.9538461538461539,6.333333333333333,true,2,2.3224886124496664,-1,NaN,200001,2,2.322488619287472,583,0
A5_neutral_hg,-0.8923076923076924,6.333333333333333,true,2,2.3050349424026786,2,1.9946415019000758,191371,2,2.3050349459866686,415,0
A5_neutral_hg,-0.8307692307692308,6.333333333333333,true,2,2.2866075467850884,-1,NaN,200001,2,2.2866075522042717,401,0
A5_neutral_hg,-0.7692307692307693,6.333333333333333,true,2,2.2672562207744247,2,1.9950605428838408,172064,2,2.267256224243255,347,0
A5_neutral_hg,-0.7076923076923077,6.333333333333333,true,2,2.247062953392974,2,1.9952927132230718,175084,2,2.24706295144272,360,0
A5_neutral_hg,-0.6461538461538462,6.333333333333333,true,2,2.226143815561594,2,1.9955422409281525,127338,2,2.2261438186740587,267,0
A5_neutral_hg,-0.5846153846153846,6.333333333333333,true,2,2.2046481482956075,2,1.9958111477312712,127342,2,2.2046481451858004,271,0
A5_neutral_hg,-0.5230769230769231,6.333333333333333,true,2,2.182754295611284,2,1.9961017819675186,111423,2,2.1827542959783575,235,0
A5_neutral_hg,-0.46153846153846156,6.333333333333333,true,2,2.160662115866436,2,1.9964168872883548,100444,2,2.1606621111025914,213,0
A5_neutral_hg,-0.4,6.333333333333333,true,2,2.1385825688766977,2,1.9967596894813586,111244,2,2.138582568673553,171,0
A5_neutral_hg,-0.3384615384615385,6.333333333333333,true,2,2.11672592846395,2,1.997134007215942,71646,2,2.1167259279880124,169,0
A5_neutral_hg,-0.27692307692307694,6.333333333333333,true,2,2.0952899725935485,2,1.9975443947767881,63692,2,2.0952899724508933,157,0
A5_neutral_hg,-0.2153846153846154,6.333333333333333,true,0,0.07444994763555435,0,-0.0020036718952667343,47531,0,0.07444994695865637,116,0
A5_neutral_hg,-0.15384615384615385,6.333333333333333,true,0,0.05435137048761085,0,-0.0015035497120907682,31860,0,0.05435137067465767,93,0
A5_neutral_hg,-0.09230769230769231,6.333333333333333,true,0,0.03510625866364603,0,-0.0009471000955951769,29342,0,0.035106259013358176,67,0
A5_neutral_hg,-0.03076923076923077,6.333333333333333,true,0,0.0167926276874667,0,-0.0003242432303929288,7141,0,0.016792627684899752,46,0
A5_neutral_hg,0.03076923076923077,6.333333333333333,true,0,-0.0005433410954502893,0,0.00037765714438586784,7202,0,-0.0005433410523321136,34,0
A5_neutral_hg,0.09230769230769231,6.333333333333333,true,0,-0.016883331771893273,0,0.0011746586087477695,29278,0,-0.016883331731713636,83,0
A5_neutral_hg,0.15384615384615385,6.333333333333333,true,0,-0.03223199989785552,0,0.002087481306541683,31852,0,-0.03223199943564947,85,0
A5_neutral_hg,0.2153846153846154,6.333333333333333,true,0,-0.04661186721035704,0,0.0031433314449766936,47490,0,-0.04661186813373552,111,0
A5_neutral_hg,0.27692307692307694,6.333333333333333,true,0,-0.06005853416019624,0,0.004378652440204189,63677,0,-0.06005853411438955,143,0
A5_neutral_hg,0.3384615384615385,6.333333333333333,true,0,-0.07261647237717361,0,0.005843404682706388,71638,0,-0.07261647300295238,162,0
A5_neutral_hg,0.4,6.333333333333333,true,0,-0.08433557669890202,0,0.0076079646426756575,110491,0,-0.08433557680123172,171,0
A5_neutral_hg,0.46153846153846156,6.333333333333333,true,0,-0.09526842682367564,0,0.00977472295438131,100431,0,-0.09526842761962295,215,0
A5_neutral_hg,0.5230769230769231,6.333333333333333,true,0,-0.10546824323934767,0,0.01249858546626148,111415,0,-0.10546824338188587,231,0
A5_neutral_hg,0.5846153846153846,6.333333333333333,true,0,-0.114987394157676,0,0.016025497082960527,127328,0,-0.11498739667667968,260,0
A5_neutral_hg,0.6461538461538462,6.333333333333333,true,0,-0.12387639888754243,0,0.020770571131686566,127337,0,-0.1238763989007663,267,0
A5_neutral_hg,0.7076923076923077,6.333333333333333,true,0,-0.13218324857381392,0,0.027492857432954487,175066,0,-0.1321832475761826,346,0
A5_neutral_hg,0.7692307692307693,6.333333333333333,true,0,-0.13995304702324574,0,0.037740972847842946,172623,0,-0.13995304774628048,355,0
A5_neutral_hg,0.8307692307692308,6.333333333333333,true,0,-0.14722783154947772,-1,NaN,200001,0,-0.14722783383220928,415,0
A5_neutral_hg,0.8923076923076924,6.333333333333333,true,0,-0.15404653285442427,0,0.0913423853573091,191166,0,-0.15404653348143404,446,0
A5_neutral_hg,0.9538461538461539,6.333333333333333,true,0,-0.1604450308773282,-1,NaN,200001,0,-0.16044502838660057,550,0
A5_neutral_hg,1.0153846153846153,6.333333333333333,false,52,51.833543687514016,-1,NaN,200001,52,51.83354372170903,799,0
A5_neutral_hg,1.0769230769230769,6.333333333333333,false,60,59.827889512157334,-1,NaN,200001,60,59.82788951658973,629,0
A5_neutral_hg,1.1384615384615384,6.333333333333333,false,60,59.82256471170402,-1,NaN,200001,60,59.822564732485276,491,0
A5_neutral_hg,1.2,6.333333333333333,false,62,61.817544123667986,-1,NaN,200001,62,61.817544130753994,473,0
A5_neutral_hg,-1.2,6.615384615384615,false,64,64.38246312641658,-1,NaN,200001,64,64.38246318937273,452,0
A5_neutral_hg,-1.1384615384615384,6.615384615384615,false,64,64.36890758846697,-1,NaN,200001,64,64.36890786209366,490,0
A5_neutral_hg,-1.0769230769230769,6.615384615384615,false,62,62.35441451066455,-1,NaN,200001,62,62.35441456370835,612,0
A5_neutral_hg,-1.0153846153846153,6.615384615384615,false,58,58.33894899835603,-1,NaN,200001,58,58.338949017758,796,0
A5_neutral_hg,-0.9538461538461539,6.615384615384615,true,2,2.3224905549183723,-1,NaN,200001,2,2.322490562322873,571,0
A5_neutral_hg,-0.8923076923076924,6.615384615384615,true,2,2.3050369998112292,2,1.9946415018892394,190998,2,2.305037002318086,391,0
A5_neutral_hg,-0.8307692307692308,6.615384615384615,true,2,2.2866097135603383,-1,NaN,200001,2,2.2866097178400677,409,0
A5_neutral_hg,-0.7692307692307693,6.615384615384615,true,2,2.2672584876874557,2,1.9950605428730457,172104,2,2.2672584916918144,352,0
A5_neutral_hg,-0.7076923076923077,6.615384615384615,true,2,2.247065311448011,2,1.9952927132122484,175075,2,2.247065309369045,351,0
A5_neutral_hg,-0.6461538461538462,6.615384615384615,true,2,2.2261462491337642,2,1.9955422409173202,127339,2,2.226146251826089,268,0
A5_neutral_hg,-0.5846153846153846,6.615384615384615,true,2,2.2046506358124556,2,1.9958111477204317,127345,2,2.2046506346768533,274,0
A5_neutral_hg,-0.5230769230769231,6.615384615384615,true,2,2.1827568196509883,2,1.9961017819566842,111425,2,2.1827568199659013,237,0
A5_neutral_hg,-0.46153846153846156,6.615384615384615,true,2,2.160664648871424,2,1.99641688727748,100440,2,2.1606646458325587,216,0
A5_neutral_hg,-0.4,6.615384615384615,true,2,2.1385850900526644,2,1.9967596894704678,111278,2,2.138585089780575,168,0
A5_neutral_hg,-0.3384615384615385,6.615384615384615,true,2,2.116728412311574,2,1.9971340072050427,71638,2,2.116728411880634,161,0
A5_neutral_hg,-0.27692307692307694,6.615384615384615,true,2,2.095292397757621,2,1.997544394765883,63689,2,2.0952923975894624,154,0
A5_neutral_hg,-0.2153846153846154,6.615384615384615,true,2,2.0744522949017963,2,1.9979963280937945,47770,2,2.0744522948604667,119,0
A5_neutral_hg,-0.15384615384615385,6.615384615384615,true,2,2.0543536236260653,2,1.9984964502769504,31856,2,2.0543536265457107,89,0
A5_neutral_hg,-0.09230769230769231,6.615384615384615,true,0,0.035108411919988924,0,-0.0009471001065799456,29411,0,0.03510841198522008,83,0
A5_neutral_hg,-0.03076923076923077,6.615384615384615,true,0,0.016794670782816712,0,-0.0003242432414034546,7217,0,0.01679467070388807,39,0
A5_neutral_hg,0.03076923076923077,6.615384615384615,true,0,-0.0005414116988806672,0,0.000377657133325493,7307,0,-0.0005414115938191522,49,0
A5_neutral_hg,0.09230769230769231,6.615384615384615,true,0,-0.01688151631941115,0,0.001174658597638878,29233,0,-0.016881516518608253,92,0
A5_neutral_hg,0.15384615384615385,6.615384615384615,true,0,-0.03223029743332151,0,0.002087481295386051,31854,0,-0.03223029681489842,87,0
A5_neutral_hg,0.2153846153846154,6.615384615384615,true,0,-0.04661027373102056,0,0.0031433314337154794,47416,0,-0.04661027468901047,114,0
A5_neutral_hg,0.27692307692307694,6.615384615384615,true,0,-0.06005704332772832,0,0.00437865242887614,63678,0,-0.06005704518498023,144,0
A5_neutral_hg,0.3384615384615385,6.615384615384615,true,0,-0.07261508266177219,0,0.005843404671260988,71637,0,-0.07261508312346265,161,0
A5_neutral_hg,0.4,6.615384615384615,true,0,-0.08433427997840304,0,0.007607964631087039,111367,0,-0.08433428005545718,183,0
A5_neutral_hg,0.46153846153846156,6.615384615384615,true,0,-0.09526721756652923,0,0.00977472294256787,100493,0,-0.09526721791276005,212,0
A5_neutral_hg,0.5230769230769231,6.615384615384615,true,0,-0.10546711475779924,0,0.01249858545412863,111419,0,-0.10546711464103686,235,0
A5_neutral_hg,0.5846153846153846,6.615384615384615,true,0,-0.11498634313643885,0,0.016025497070381922,127327,0,-0.11498634299187538,259,0
A5_neutral_hg,0.6461538461538462,6.615384615384615,true,0,-0.12387541462833163,0,0.020770571118446934,127320,0,-0.12387541461871154,252,0
A5_neutral_hg,0.7076923076923077,6.615384615384615,true,0,-0.13218232720500378,0,0.027492857418525696,175064,0,-0.13218232735779312,344,0
A5_neutral_hg,0.7692307692307693,6.615384615384615,true,0,-0.13995218692189137,0,0.03774097283122424,171946,0,-0.13995218659732278,344,0
A5_neutral_hg,0.8307692307692308,6.615384615384615,true,0,-0.14722702538318244,-1,NaN,200001,0,-0.14722702711459545,417,0
A5_neutral_hg,0.8923076923076924,6.615384615384615,true,0,-0.1540457774438586,0,0.09134238532138539,190994,0,-0.15404577691106214,391,0
A5_neutral_hg,0.9538461538461539,6.615384615384615,true,0,-0.16044431993772323,-1,NaN,200001,0,-0.1604443180222288,559,0
A5_neutral_hg,1.0153846153846153,6.615384615384615,false,52,51.83354438958283,-1,NaN,200001,52,51.83354438948261,779,0
A5_neutral_hg,1.0769230769230769,6.615384615384615,false,60,59.827890114209495,-1,NaN,200001,60,59.82789014508179,548,0
A5_neutral_hg,1.1384615384615384,6.615384615384615,false,60,59.82256516210955,-1,NaN,200001,60,59.82256532472068,512,0
A5_neutral_hg,1.2,6.615384615384615,false,62,61.817544334353265,-1,NaN,200001,62,61.817544689495286,472,0
A5_neutral_hg,-1.2,6.897435897435898,false,64,64.38246468272445,-1,NaN,200001,64,64.3824646904322,450,0
A5_neutral_hg,-1.1384615384615384,6.897435897435898,false,64,64.3689094250014,-1,NaN,200001,64,64.3689094682714,484,0
A5_neutral_hg,-1.0769230769230769,6.897435897435898,false,62,62.35441629526364,-1,NaN,200001,62,62.35441627954203,586,0
A5_neutral_hg,-1.0153846153846153,6.897435897435898,false,60,60.338950838763594,-1,NaN,200001,60,60.338950846483286,772,0
A5_neutral_hg,-0.9538461538461539,6.897435897435898,true,2,2.3224924972326115,-1,NaN,200001,2,2.322492505346058,560,0
A5_neutral_hg,-0.8923076923076924,6.897435897435898,true,2,2.3050390559925438,2,1.994641501879301,190998,2,2.305039058637566,391,0
A5_neutral_hg,-0.8307692307692308,6.897435897435898,true,2,2.2866118753479086,-1,NaN,200001,2,2.2866118834645714,406,0
A5_neutral_hg,-0.7692307692307693,6.897435897435898,true,2,2.2672607586535065,2,1.9950605428630925,172297,2,2.267260759130158,348,0
A5_neutral_hg,-0.7076923076923077,6.897435897435898,true,2,2.247067669410641,2,1.9952927132023037,175069,2,2.247067667286678,345,0
A5_neutral_hg,-0.6461538461538462,6.897435897435898,true,2,2.2261486820432905,2,1.9955422409073802,127338,2,2.226148684971391,267,0
A5_neutral_hg,-0.5846153846153846,6.897435897435898,true,2,2.2046531246993486,2,1.99581114771048,127336,2,2.204653124163529,265,0
A5_neutral_hg,-0.5230769230769231,6.897435897435898,true,2,2.1827593444685824,2,1.9961017819466855,111426,2,2.182759343951706,238,0
A5_neutral_hg,-0.46153846153846156,6.897435897435898,true,2,2.160667180956905,2,1.9964168872675163,100466,2,2.1606671805635704,216,0
A5_neutral_hg,-0.4,6.897435897435898,true,2,2.1385876109399913,2,1.9967596894604667,111364,2,2.138587610891413,177,0
A5_neutral_hg,-0.3384615384615385,6.897435897435898,true,2,2.116730896319328,2,1.9971340071950268,71637,2,2.116730895779679,160,0
A5_neutral_hg,-0.27692307692307694,6.897435897435898,true,2,2.0952948229266126,2,1.9975443947558387,63685,2,2.095294822736764,150,0
A5_neutral_hg,-0.2153846153846154,6.897435897435898,true,2,2.074454644967122,2,1.9979963280837447,47769,2,2.074454642772924,118,0
A5_neutral_hg,-0.15384615384615385,6.897435897435898,true,2,2.054355881913269,2,1.998496450266883,31856,2,2.0543558824288812,89,0
A5_neutral_hg,-0.09230769230769231,6.897435897435898,true,2,2.035110565353115,2,1.9990528998833166,29755,2,2.035110564970224,76,0
A5_neutral_hg,-0.03076923076923077,6.897435897435898,true,2,2.016796713749148,2,1.999675756748454,7074,2,2.016796713736619,46,0
A5_neutral_hg,0.03076923076923077,6.897435897435898,true,2,1.999460517614281,2,2.0003776571231473,7101,2,1.9994605178786717,43,0
A5_neutral_hg,0.09230769230769231,6.897435897435898,true,0,-0.016879701097258337,0,0.0011746585874200521,29345,0,-0.016879701291591775,90,0
A5_neutral_hg,0.15384615384615385,6.897435897435898,true,0,-0.032228595199563115,0,0.0020874812851024993,31861,0,-0.03222859418053692,94,0
A5_neutral_hg,0.2153846153846154,6.897435897435898,true,0,-0.04660868015677844,0,0.003143331423360207,47488,0,-0.04660868123114659,117,0
A5_neutral_hg,0.27692307692307694,6.897435897435898,true,0,-0.06005555608585822,0,0.004378652418418283,63684,0,-0.06005555624302006,150,0
A5_neutral_hg,0.3384615384615385,6.897435897435898,true,0,-0.07261369261632789,0,0.00584340466067812,71636,0,-0.07261369323208244,160,0
A5_neutral_hg,0.4,6.897435897435898,true,0,-0.08433298304089853,0,0.0076079646203439655,111292,0,-0.08433298329848316,171,0
A5_neutral_hg,0.46153846153846156,6.897435897435898,true,0,-0.09526600379630135,0,0.009774722931651159,100427,0,-0.09526600819539599,214,0
A5_neutral_hg,0.5230769230769231,6.897435897435898,true,0,-0.10546598574066346,0,0.01249858544286997,111422,0,-0.10546598589037748,238,0
A5_neutral_hg,0.5846153846153846,6.897435897435898,true,0,-0.11498528940045083,0,0.01602549705870171,127322,0,-0.1149852892979244,254,0
A5_neutral_hg,0.6461538461538462,6.897435897435898,true,0,-0.12387442910761615,0,0.0207705711060312,127333,0,-0.12387443032814183,263,0
A5_neutral_hg,0.7076923076923077,6.897435897435898,true,0,-0.13218140785644228,0,0.027492857404960436,175072,0,-0.1321814071314804,352,0
A5_neutral_hg,0.7692307692307693,6.897435897435898,true,0,-0.1399513251141815,0,0.037740972815450746,172101,0,-0.13995132544099254,353,0
A5_neutral_hg,0.8307692307692308,6.897435897435898,true,0,-0.1472262176526724,-1,NaN,200001,0,-0.147226220390116,402,0
A5_neutral_hg,0.8923076923076924,6.897435897435898,true,0,-0.15404501964207706,0,0.09134238528633298,190993,0,-0.15404502033430334,390,0
A5_neutral_hg,0.9538461538461539,6.897435897435898,true,0,-0.1604436091021808,-1,NaN,200001,0,-0.16044360765189847,570,0
A5_neutral_hg,1.0153846153846153,6.897435897435898,false,52,51.83354510508841,-1,NaN,200001,52,51.833545057261745,777,0
A5_neutral_hg,1.0769230769230769,6.897435897435898,false,60,59.82789069324535,-1,NaN,200001,60,59.82789077357901,596,0
A5_neutral_hg,1.1384615384615384,6.897435897435898,false,60,59.82256584539421,-1,NaN,200001,60,59.82256591696091,489,0
A5_neutral_hg,1.2,6.897435897435898,false,62,61.81754513244182,-1,NaN,200001,62,61.8175452482412,460,0
A5_neutral_hg,-1.2,7.17948717948718,false,64,64.38246599462681,-1,NaN,200001,64,64.38246619148066,441,0
A5_neutral_hg,-1.1384615384615384,7.17948717948718,false,64,64.36891150327179,-1,NaN,200001,64,64.36891107443756,490,0
A5_neutral_hg,-1.0769230769230769,7.17948717948718,false,62,62.354417887876956,-1,NaN,200001,62,62.354417995363725,554,0
A5_neutral_hg,-1.0153846153846153,7.17948717948718,false,60,60.338952480098484,-1,NaN,200001,60,60.33895267519622,754,0
A5_neutral_hg,-0.9538461538461539,7.17948717948718,true,2,2.3224944401403107,-1,NaN,200001,2,2.3224944483569248,548,0
A5_neutral_hg,-0.8923076923076924,7.17948717948718,true,2,2.3050411132350597,2,1.9946415018701962,191005,2,2.305041114945001,398,0
A5_neutral_hg,-0.8307692307692308,7.17948717948718,true,2,2.2866139729568626,-1,NaN,200001,2,2.286614049077682,419,0
A5_neutral_hg,-0.7692307692307693,7.17948717948718,true,2,2.267263024995727,2,1.9950605428539478,172267,2,2.267263026558184,367,0
A5_neutral_hg,-0.7076923076923077,7.17948717948718,true,2,2.2470700276425397,2,1.9952927131931433,175077,2,2.2470700251955167,353,0
A5_neutral_hg,-0.6461538461538462,7.17948717948718,true,2,2.2261511152192206,2,1.995542240898193,127340,2,2.2261511181098648,269,0
A5_neutral_hg,-0.5846153846153846,7.17948717948718,true,2,2.204655615397374,2,1.9958111477012839,127337,2,2.204655613645727,266,0
A5_neutral_hg,-0.5230769230769231,7.17948717948718,true,2,2.1827618684159003,2,1.9961017819374933,111431,2,2.1827618679356675,243,0
A5_neutral_hg,-0.46153846153846156,7.17948717948718,true,2,2.160669716026299,2,1.9964168872582684,100455,2,2.16066971529552,211,0
A5_neutral_hg,-0.4,7.17948717948718,true,2,2.138590132154519,2,1.9967596894512392,111419,2,2.138590132005964,232,0
A5_neutral_hg,-0.3384615384615385,7.17948717948718,true,2,2.1167333802611563,2,1.997134007185774,71642,2,2.1167333796850465,165,0
A5_neutral_hg,-0.27692307692307694,7.17948717948718,true,2,2.0952972477913905,2,1.9975443947465679,63679,2,2.0952972478926943,144,0
A5_neutral_hg,-0.2153846153846154,7.17948717948718,true,2,2.0744569908119255,2,1.9979963280744697,47543,2,2.074456990695926,119,0
A5_neutral_hg,-0.15384615384615385,7.17948717948718,true,2,2.054358137880128,2,1.9984964502575577,31858,2,2.0543581383240683,91,0
A5_neutral_hg,-0.09230769230769231,7.17948717948718,true,2,2.0351127180743402,2,1.9990528998739752,29357,2,2.035112717968264,85,0
A5_neutral_hg,-0.03076923076923077,7.17948717948718,true,2,2.0167987567421015,2,1.9996757567390842,6955,2,2.0167987567829906,42,0
A5_neutral_hg,0.03076923076923077,7.17948717948718,true,2,1.9994624473474443,2,2.000377657113736,7091,2,1.9994624473650366,44,0
A5_neutral_hg,0.09230769230769231,7.17948717948718,true,2,1.983122113447021,2,2.001174658577953,29207,2,1.983122113949233,88,0
A5_neutral_hg,0.15384615384615385,7.17948717948718,true,2,1.96777310728563,2,2.002087481275572,31855,2,1.967773108467331,88,0
A5_neutral_hg,0.2153846153846154,7.17948717948718,true,2,1.9533929138344999,2,2.0031433314137805,47519,2,1.9533929122397522,126,0
A5_neutral_hg,0.27692307692307694,7.17948717948718,true,0,-0.06005406712981021,0,0.004378652408727146,63681,0,-0.060054067288613844,147,0
A5_neutral_hg,0.3384615384615385,7.17948717948718,true,0,-0.07261230233743077,0,0.005843404650884065,71641,0,-0.07261230332891078,165,0
A5_neutral_hg,0.4,7.17948717948718,true,0,-0.08433168657233914,0,0.0076079646103930365,111228,0,-0.08433168653041379,177,0
A5_neutral_hg,0.46153846153846156,7.17948717948718,true,0,-0.09526479783020614,0,0.009774722921479073,100474,0,-0.09526479846763691,218,0
A5_neutral_hg,0.5230769230769231,7.17948717948718,true,0,-0.10546485568942199,0,0.012498585432415443,111419,0,-0.10546485713001008,235,0
A5_neutral_hg,0.5846153846153846,7.17948717948718,true,0,-0.11498423549193681,0,0.016025497047799986,127324,0,-0.11498423559492865,256,0
A5_neutral_hg,0.6461538461538462,7.17948717948718,true,0,-0.12387344580331727,0,0.020770571094430812,127331,0,-0.12387344602915795,263,0
A5_neutral_hg,0.7076923076923077,7.17948717948718,true,0,-0.13218048855592346,0,0.02749285739215268,175073,0,-0.13218048689734707,353,0
A5_neutral_hg,0.7692307692307693,7.17948717948718,true,0,-0.1399504644156766,0,0.03774097280045996,172162,0,-0.13995046427739544,373,0
A5_neutral_hg,0.8307692307692308,7.17948717948718,true,0,-0.14722541129402056,-1,NaN,200001,0,-0.1472254136588831,396,0
A5_neutral_hg,0.8923076923076924,7.17948717948718,true,0,-0.1540442627946239,0,0.09134238525199068,191002,0,-0.15404426375125335,399,0
A5_neutral_hg,0.9538461538461539,7.17948717948718,true,0,-0.16044289901420772,-1,NaN,200001,0,-0.16044289727571637,546,0
A5_neutral_hg,1.0153846153846153,7.17948717948718,false,52,51.833545726551115,-1,NaN,200001,52,51.83354572504635,772,0
A5_neutral_hg,1.0769230769230769,7.17948717948718,false,60,59.82789122335364,-1,NaN,200001,60,59.82789140208135,591,0
A5_neutral_hg,1.1384615384615384,7.17948717948718,false,60,59.82256643996293,-1,NaN,200001,60,59.8225665092059,492,0
A5_neutral_hg,1.2,7.17948717948718,false,62,61.81754568754082,-1,NaN,200001,62,61.81754580699165,474,0
A5_neutral_hg,-1.2,7.461538461538462,false,64,64.38246764963901,-1,NaN,200001,64,64.38246769251808,432,0
A5_neutral_hg,-1.1384615384615384,7.461538461538462,false,64,64.36891255633557,-1,NaN,200001,64,64.3689126805921,482,0
A5_neutral_hg,-1.0769230769230769,7.461538461538462,false,62,62.35441952140302,-1,NaN,200001,62,62.3544197111733,575,0
A5_neutral_hg,-1.0153846153846153,7.461538461538462,false,60,60.33895446396983,-1,NaN,200001,60,60.33895450389683,773,0
A5_neutral_hg,-0.9538461538461539,7.461538461538462,true,2,2.322496385348432,-1,NaN,200001,2,2.322496391355383,564,0
A5_neutral_hg,-0.8923076923076924,7.461538461538462,true,2,2.305043167761736,2,1.9946415018617154,191007,2,2.305043171240307,400,0
A5_neutral_hg,-0.8307692307692308,7.461538461538462,true,2,2.2866162097682756,-1,NaN,200001,2,2.286616214679314,416,0
A5_neutral_hg,-0.7692307692307693,7.461538461538462,true,2,2.26726529099839,2,1.9950605428454598,172485,2,2.267265293975802,363,0
A5_neutral_hg,-0.7076923076923077,7.461538461538462,true,2,2.247072385708761,2,1.9952927131846674,175071,2,2.2470723830954737,347,0
A5_neutral_hg,-0.6461538461538462,7.461538461538462,true,2,2.2261535480886465,2,1.995542240889658,127339,2,2.226153551241423,268,0
A5_neutral_hg,-0.5846153846153846,7.461538461538462,true,2,2.204658104936127,2,1.9958111476927733,127336,2,2.204658103123358,265,0
A5_neutral_hg,-0.5230769230769231,7.461538461538462,true,2,2.182764392497756,2,1.996101781928973,111434,2,2.182764391917694,246,0
A5_neutral_hg,-0.46153846153846156,7.461538461538462,true,2,2.1606722507155327,2,1.9964168872497536,100495,2,2.1606722500283198,210,0
A5_neutral_hg,-0.4,7.461538461538462,true,2,2.138592653461596,2,1.9967596894426751,111421,2,2.138592653124139,234,0
A5_neutral_hg,-0.3384615384615385,7.461538461538462,true,2,2.1167358638497116,2,1.997134007177226,71638,2,2.1167358635966442,161,0
A5_neutral_hg,-0.27692307692307694,7.461538461538462,true,2,2.0952996729262052,2,1.9975443947379938,63679,2,2.0952996730571676,144,0
A5_neutral_hg,-0.2153846153846154,7.461538461538462,true,2,2.074459339998599,2,1.9979963280658581,47768,2,2.0744593386293846,116,0
A5_neutral_hg,-0.15384615384615385,7.461538461538462,true,2,2.054360393983102,2,1.9984964502489428,31851,2,2.0543603942311837,84,0
A5_neutral_hg,-0.09230769230769231,7.461538461538462,true,2,2.035114870681592,2,1.9990528998653256,29441,2,2.035114870979255,82,0
A5_neutral_hg,-0.03076923076923077,7.461538461538462,true,2,2.016800799705311,2,1.9996757567304053,7276,2,2.0168007998429127,41,0
A5_neutral_hg,0.03076923076923077,7.461538461538462,true,2,1.9994643766240894,2,2.000377657105025,7192,2,1.999464376865189,32,0
A5_neutral_hg,0.09230769230769231,7.461538461538462,true,2,1.983123928987057,2,2.0011746585691856,29218,2,1.9831239292037777,87,0
A5_neutral_hg,0.15384615384615385,7.461538461538462,true,2,1.9677748095956629,2,2.0020874812667593,31854,2,1.9677748111286182,87,0
A5_neutral_hg,0.2153846153846154,7.461538461538462,true,2,1.9533945074505157,2,2.003143331404881,47495,2,1.953394505723597,117,0
A5_neutral_hg,0.27692307692307694,7.461538461538462,true,2,1.9399474218178052,2,2.0043786523997222,63675,2,1.9399474216781538,141,0
A5_neutral_hg,0.3384615384615385,7.461538461538462,true,2,1.9273890874726982,2,2.0058434046417633,71641,2,1.9273890865859622,165,0
A5_neutral_hg,0.4,7.461538461538462,true,0,-0.08433038977119489,0,0.007607964601120121,111251,0,-0.08433038975133389,182,0
A5_neutral_hg,0.46153846153846156,7.461538461538462,true,0,-0.09526358698594373,0,0.009774722911980005,100467,0,-0.09526358872956808,215,0
A5_neutral_hg,0.5230769230769231,7.461538461538462,true,0,-0.10546372838964535,0,0.012498585422617392,111428,0,-0.10546372836002105,244,0
A5_neutral_hg,0.5846153846153846,7.461538461538462,true,0,-0.11498317993556184,0,0.016025497037534198,127338,0,-0.11498318188297674,270,0
A5_neutral_hg,0.6461538461538462,7.461538461538462,true,0,-0.12387246154857445,0,0.02077057108348812,127351,0,-0.12387246172185007,281,0
A5_neutral_hg,0.7076923076923077,7.461538461538462,true,0,-0.1321795670189243,0,0.027492857380046698,175065,0,-0.13217956665548125,345,0
A5_neutral_hg,0.7692307692307693,7.461538461538462,true,0,-0.13994960230296716,0,0.0377409727861695,172137,0,-0.1399496031066123,352,0
A5_neutral_hg,0.8307692307692308,7.461538461538462,true,0,-0.14722460494386724,-1,NaN,200001,0,-0.14722460692097528,423,0
A5_neutral_hg,0.8923076923076924,7.461538461538462,true,0,-0.15404350608925177,0,0.09134238521841742,190994,0,-0.154043507162007,391,0
A5_neutral_hg,0.9538461538461539,7.461538461538462,true,0,-0.16044218877057292,-1,NaN,200001,0,-0.16044218689376644,569,0
A5_neutral_hg,1.0153846153846153,7.461538461538462,false,52,51.83354640377824,-1,NaN,200001,52,51.83354639283633,796,0
A5_neutral_hg,1.0769230769230769,7.461538461538462,false,60,59.82789205028255,-1,NaN,200001,60,59.827892030588664,563,0
A5_neutral_hg,1.1384615384615384,7.461538461538462,false,60,59.82256700430897,-1,NaN,200001,60,59.82256710145558,497,0
A5_neutral_hg,1.2,7.461538461538462,false,62,61.81754642767895,-1,NaN,200001,62,61.81754636574632,460,0
A5_neutral_hg,-1.2,7.743589743589744,false,64,64.38246913191097,-1,NaN,200001,64,64.38246919354438,435,0
A5_neutral_hg,-1.1384615384615384,7.743589743589744,false,64,64.36891403170546,-1,NaN,200001,64,64.36891428673496,469,0
A5_neutral_hg,-1.0769230769230769,7.743589743589744,false,64,64.35442141666866,-1,NaN,200001,64,64.35442142697077,562,0
A5_neutral_hg,-1.0153846153846153,7.743589743589744,false,60,60.338956322053036,-1,NaN,200001,60,60.338956332585035,782,0
A5_neutral_hg,-0.9538461538461539,7.743589743589744,true,2,2.3224983259837053,-1,NaN,200001,2,2.322498334341367,568,0
A5_neutral_hg,-0.8923076923076924,7.743589743589744,true,2,2.3050452228368217,2,1.9946415018538333,191086,2,2.3050452275234083,429,0
A5_neutral_hg,-0.8307692307692308,7.743589743589744,true,2,2.286618373221681,-1,NaN,200001,2,2.2866183802693874,434,0
A5_neutral_hg,-0.7692307692307693,7.743589743589744,true,2,2.2672675593635296,2,1.9950605428375674,172072,2,2.267267561382937,360,0
A5_neutral_hg,-0.7076923076923077,7.743589743589744,true,2,2.2470747433889953,2,1.9952927131767453,175071,2,2.2470747409864735,347,0
A5_neutral_hg,-0.6461538461538462,7.743589743589744,true,2,2.2261559811887084,2,1.995542240881787,127341,2,2.2261559843659873,270,0
A5_neutral_hg,-0.5846153846153846,7.743589743589744,true,2,2.2046605919084032,2,1.9958111476848832,127338,2,2.2046605925963463,267,0
A5_neutral_hg,-0.5230769230769231,7.743589743589744,true,2,2.182766916338934,2,1.996101781921047,111431,2,2.182766915897715,243,0
A5_neutral_hg,-0.46153846153846156,7.743589743589744,true,2,2.160674786310916,2,1.9964168872418258,100455,2,2.160674784761899,209,0
A5_neutral_hg,-0.4,7.743589743589744,true,2,2.1385951745664507,2,1.9967596894347648,111420,2,2.138595174245864,233,0
A5_neutral_hg,-0.3384615384615385,7.743589743589744,true,2,2.116738348284134,2,1.9971340071692718,71635,2,2.116738347514402,158,0
A5_neutral_hg,-0.27692307692307694,7.743589743589744,true,2,2.09530209820983,2,1.9975443947300282,63681,2,2.0953020982301074,146,0
A5_neutral_hg,-0.2153846153846154,7.743589743589744,true,2,2.0744616864563525,2,1.997996328057882,47763,2,2.0744616865732244,112,0
A5_neutral_hg,-0.15384615384615385,7.743589743589744,true,2,2.054362648885317,2,1.9984964502409257,31852,2,2.0543626501501513,85,0
A5_neutral_hg,-0.09230769230769231,7.743589743589744,true,2,2.0351170238192475,2,1.9990528998573007,28956,2,2.03511702400312,89,0
A5_neutral_hg,-0.03076923076923077,7.743589743589744,true,2,2.016802842813304,2,1.9996757567223338,7326,2,2.016802842916312,42,0
A5_neutral_hg,0.03076923076923077,7.743589743589744,true,2,1.99946630640379,2,2.0003776570969105,7367,2,1.9994663063790534,35,0
A5_neutral_hg,0.09230769230769231,7.743589743589744,true,2,1.9831257443296502,2,2.001174658561027,29347,2,1.9831257444719679,65,0
A5_neutral_hg,0.15384615384615385,7.743589743589744,true,2,1.9677765127476703,2,2.002087481258554,31850,2,1.9677765138032501,83,0
A5_neutral_hg,0.2153846153846154,7.743589743589744,true,2,1.9533961010126681,2,2.003143331396586,47528,2,1.9533960992203157,114,0
A5_neutral_hg,0.27692307692307694,7.743589743589744,true,2,1.939948911087682,2,2.0043786523913623,63675,2,1.9399489106572054,141,0
A5_neutral_hg,0.3384615384615385,7.743589743589744,true,2,1.9273904773350878,2,2.005843404633258,71638,2,1.9273904765124605,162,0
A5_neutral_hg,0.4,7.743589743589744,true,2,1.9156709050634384,2,2.007607964592453,111162,2,1.915670907038681,176,0
A5_neutral_hg,0.46153846153846156,7.743589743589744,true,2,1.9047376216727114,2,2.0097747229031127,100472,2,1.9047376210187337,220,0
A5_neutral_hg,0.5230769230769231,7.743589743589744,true,2,1.8945374015833902,2,2.0124985854134216,111428,2,1.8945374004195106,244,0
A5_neutral_hg,0.5846153846153846,7.743589743589744,true,0,-0.11498212728210322,0,0.01602549702793421,127325,0,-0.1149821281621426,257,0
A5_neutral_hg,0.6461538461538462,7.743589743589744,true,0,-0.1238714761865305,0,0.02077057107318181,127373,0,-0.12387147740628923,303,0
A5_neutral_hg,0.7076923076923077,7.743589743589744,true,0,-0.132178646804181,0,0.02749285736855711,175063,0,-0.13217864640595578,343,0
A5_neutral_hg,0.7692307692307693,7.743589743589744,true,0,-0.1399487410102529,0,0.03774097277247368,172402,0,-0.13994874192872553,357,0
A5_neutral_hg,0.8307692307692308,7.743589743589744,true,0,-0.14722379807186736,-1,NaN,200001,0,-0.14722380017647452,428,0
A5_neutral_hg,0.8923076923076924,7.743589743589744,true,0,-0.15404275003163992,0,0.09134238518543547,191002,0,-0.15404275056663486,399,0
A5_neutral_hg,0.9538461538461539,7.743589743589744,true,0,-0.16044147910048245,-1,NaN,200001,0,-0.16044147650612484,558,0
A5_neutral_hg,1.0153846153846153,7.743589743589744,false,52,51.83354733162081,-1,NaN,200001,52,51.83354706063154,749,0
A5_neutral_hg,1.0769230769230769,7.743589743589744,false,58,57.82789272364281,-1,NaN,200001,58,57.82789265910085,608,0
A5_neutral_hg,1.1384615384615384,7.743589743589744,false,60,59.82256753470042,-1,NaN,200001,60,59.822567693709836,485,0
A5_neutral_hg,1.2,7.743589743589744,false,62,61.817546899437716,-1,NaN,200001,62,61.81754692450537,477,0
A5_neutral_hg,-1.2,8.025641025641026,false,64,64.3824705597053,-1,NaN,200001,64,64.38247069455947,444,0
A5_neutral_hg,-1.1384615384615384,8.025641025641026,false,64,64.36891554823555,-1,NaN,200001,64,64.36891589286603,497,0
A5_neutral_hg,-1.0769230769230769,8.025641025641026,false,64,64.3544230880068,-1,NaN,200001,64,64.35442314275598,563,0
A5_neutral_hg,-1.0153846153846153,8.025641025641026,false,60,60.338958090414486,-1,NaN,200001,60,60.33895816126069,757,0
A5_neutral_hg,-0.9538461538461539,8.025641025641026,true,2,2.3225002695237773,-1,NaN,200001,2,2.322500277314804,567,0
A5_neutral_hg,-0.8923076923076924,8.025641025641026,true,2,2.3050472778831805,2,1.994641501846521,191111,2,2.3050472837942406,447,0
A5_neutral_hg,-0.8307692307692308,8.025641025641026,true,2,2.286620540832378,-1,NaN,200001,2,2.2866205458478417,405,0
A5_neutral_hg,-0.7692307692307693,8.025641025641026,true,2,2.2672698282138892,2,1.9950605428302624,172351,2,2.2672698287795274,349,0
A5_neutral_hg,-0.7076923076923077,8.025641025641026,true,2,2.2470771011541784,2,1.9952927131694396,175067,2,2.247077098868451,343,0
A5_neutral_hg,-0.6461538461538462,8.025641025641026,true,2,2.226158414597757,2,1.995542240874467,127325,2,2.226158417483494,254,0
A5_neutral_hg,-0.5846153846153846,8.025641025641026,true,2,2.2046630809594383,2,1.995811147677546,127340,2,2.2046630820646262,269,0
A5_neutral_hg,-0.5230769230769231,8.025641025641026,true,2,2.18276944143462,2,1.9961017819137015,111422,2,2.182769439875665,234,0
A5_neutral_hg,-0.46153846153846156,8.025641025641026,true,2,2.1606773196798246,2,1.9964168872344397,100462,2,2.1606773194961875,211,0
A5_neutral_hg,-0.4,8.025641025641026,true,2,2.138597695670643,2,1.9967596894273756,111229,2,2.1385976953710744,163,0
A5_neutral_hg,-0.3384615384615385,8.025641025641026,true,2,2.1167408319754974,2,1.9971340071618737,71633,2,2.1167408314382516,156,0
A5_neutral_hg,-0.27692307692307694,8.025641025641026,true,2,2.0953045236480214,2,1.9975443947226112,63679,2,2.095304523411448,144,0
A5_neutral_hg,-0.2153846153846154,8.025641025641026,true,2,2.074464034432874,2,1.9979963280504496,47461,2,2.0744640345273817,112,0
A5_neutral_hg,-0.15384615384615385,8.025641025641026,true,2,2.0543649055603916,2,1.9984964502334681,31851,2,2.0543649060809077,84,0
A5_neutral_hg,-0.09230769230769231,8.025641025641026,true,2,2.0351191770336436,2,1.9990528998497905,29160,2,2.035119177039796,79,0
A5_neutral_hg,-0.03076923076923077,8.025641025641026,true,2,2.0168048856721263,2,1.999675756714805,7060,2,2.016804886003124,32,0
A5_neutral_hg,0.03076923076923077,8.025641025641026,true,2,1.9994682360345104,2,2.0003776570893455,6918,2,1.9994682359065652,31,0
A5_neutral_hg,0.09230769230769231,8.025641025641026,true,2,1.9831275594767774,2,2.0011746585534134,29485,2,1.983127559753739,83,0
A5_neutral_hg,0.15384615384615385,8.025641025641026,true,2,1.9677782150932743,2,2.0020874812508698,31852,2,1.9677782164911624,85,0
A5_neutral_hg,0.2153846153846154,8.025641025641026,true,2,1.9533976944018316,2,2.003143331388831,47528,2,1.9533976927298426,110,0
A5_neutral_hg,0.27692307692307694,8.025641025641026,true,2,1.939950401189384,2,2.004378652383523,63672,2,1.9399503996484775,138,0
A5_neutral_hg,0.3384615384615385,8.025641025641026,true,2,1.9273918672503711,2,2.005843404625315,71633,2,1.927391866450523,157,0
A5_neutral_hg,0.4,8.025641025641026,true,2,1.9156722021691697,2,2.0076079645843397,111288,2,1.9156722038395646,157,0
A5_neutral_hg,0.46153846153846156,8.025641025641026,true,2,1.9047388327471793,2,2.0097747228947833,100462,2,1.9047388307772062,212,0
A5_neutral_hg,0.5230769230769231,8.025641025641026,true,2,1.8945385301153528,2,2.0124985854047996,111425,2,1.8945385292085244,241,0
A5_neutral_hg,0.5846153846153846,8.025641025641026,true,2,1.8850189317855994,2,2.0160254970188562,127334,2,1.8850189255675083,266,0
A5_neutral_hg,0.6461538461538462,8.025641025641026,true,2,1.876129504479218,2,2.020770571063415,127337,2,1.8761295069174588,269,0
A5_neutral_hg,0.7076923076923077,8.025641025641026,true,2,1.8678222753430889,2,2.027492857357633,175083,2,1.8678222738511625,363,0
A5_neutral_hg,0.7692307692307693,8.025641025641026,true,0,-0.13994787939629183,0,0.03774097275931909,172047,0,-0.13994788074379572,362,0
A5_neutral_hg,0.8307692307692308,8.025641025641026,true,0,-0.1472229908428706,-1,NaN,200001,0,-0.14722299342544187,432,0
A5_neutral_hg,0.8923076923076924,8.025641025641026,true,0,-0.15404199395912554,0,0.09134238515293969,191007,0,-0.15404199396520113,404,0
A5_neutral_hg,0.9538461538461539,8.025641025641026,true,0,-0.1604407678022688,-1,NaN,200001,0,-0.16044076611285418,569,0
A5_neutral_hg,1.0153846153846153,8.025641025641026,false,52,51.83354772071724,-1,NaN,200001,52,51.83354772843203,788,0
A5_neutral_hg,1.0769230769230769,8.025641025641026,false,58,57.82789310328113,-1,NaN,200001,58,57.827893287617954,580,0
A5_neutral_hg,1.1384615384615384,8.025641025641026,false,60,59.82256897488478,-1,NaN,200001,60,59.82256828596863,489,0
A5_neutral_hg,1.2,8.025641025641026,false,60,59.81754731165933,-1,NaN,200001,60,59.817547483268676,488,0
A5_neutral_hg,-1.2,8.307692307692308,false,64,64.38247191170115,-1,NaN,200001,64,64.38247219556328,449,0
A5_neutral_hg,-1.1384615384615384,8.307692307692308,false,64,64.36891748308204,-1,NaN,200001,64,64.3689174989852,488,0
A5_neutral_hg,-1.0769230769230769,8.307692307692308,false,64,64.3544248836311,-1,NaN,200001,64,64.3544248585288,567,0
A5_neutral_hg,-1.0153846153846153,8.307692307692308,false,60,60.338960052529345,-1,NaN,200001,60,60.33895998992367,764,0
A5_neutral_hg,-0.9538461538461539,8.307692307692308,true,2,2.3225022127769153,-1,NaN,200001,2,2.3225022202756382,558,0
A5_neutral_hg,-0.8923076923076924,8.307692307692308,true,2,2.3050493381702495,2,1.9946415018396966,190994,2,2.305049340052746,387,0
A5_neutral_hg,-0.8307692307692308,8.307692307692308,true,2,2.286622704617228,-1,NaN,200001,2,2.286622711414618,433,0
A5_neutral_hg,-0.7692307692307693,8.307692307692308,true,2,2.2672720935398365,2,1.9950605428234436,172070,2,2.267272096165512,347,0
A5_neutral_hg,-0.7076923076923077,8.307692307692308,true,2,2.247079457402962,2,1.9952927131625886,175071,2,2.2470794567413517,347,0
A5_neutral_hg,-0.6461538461538462,8.307692307692308,true,2,2.226160847371426,2,1.9955422408676005,127348,2,2.226160850593889,277,0
A5_neutral_hg,-0.5846153846153846,8.307692307692308,true,2,2.2046655748256274,2,1.9958111476706923,127335,2,2.204665571528146,264,0
A5_neutral_hg,-0.5230769230769231,8.307692307692308,true,2,2.18277196402649,2,1.9961017819068358,111428,2,2.1827719638514873,240,0
A5_neutral_hg,-0.46153846153846156,8.307692307692308,true,2,2.1606798573991064,2,1.9964168872275965,100457,2,2.1606798542311303,211,0
A5_neutral_hg,-0.4,8.307692307692308,true,2,2.1386002168918408,2,1.9967596894204658,111418,2,2.1386002164997127,231,0
A5_neutral_hg,-0.3384615384615385,8.307692307692308,true,2,2.116743315917537,2,1.997134007154966,71637,2,2.1167433153681383,160,0
A5_neutral_hg,-0.27692307692307694,8.307692307692308,true,2,2.0953069488150238,2,1.9975443947156812,63679,2,2.095306948601137,144,0
A5_neutral_hg,-0.2153846153846154,8.307692307692308,true,2,2.0744663824569427,2,1.997996328043494,47490,2,2.074466382491801,111,0
A5_neutral_hg,-0.15384615384615385,8.307692307692308,true,2,2.054367161462898,2,1.9984964502265004,31850,2,2.0543671620233965,83,0
A5_neutral_hg,-0.09230769230769231,8.307692307692308,true,2,2.035121329900369,2,1.9990528998427937,28930,2,2.035121330089227,90,0
A5_neutral_hg,-0.03076923076923077,8.307692307692308,true,2,2.016806929065699,2,1.9996757567077759,7325,2,2.0168069291032937,35,0
A5_neutral_hg,0.03076923076923077,8.307692307692308,true,2,1.999470165478682,2,2.000377657082268,7237,2,1.9994701654476694,34,0
A5_neutral_hg,0.09230769230769231,8.307692307692308,true,2,1.9831293748744634,2,2.0011746585462955,29341,2,1.9831293750490357,85,0
A5_neutral_hg,0.15384615384615385,8.307692307692308,true,2,1.9677799183787994,2,2.0020874812436995,31848,2,1.9677799191922993,81,0
A5_neutral_hg,0.2153846153846154,8.307692307692308,true,2,1.9533992870529855,2,2.0031433313815814,47402,2,1.9533992862521212,112,0
A5_neutral_hg,0.27692307692307694,8.307692307692308,true,2,1.9399518900079875,2,2.004378652376177,63669,2,1.9399518886519151,135,0
A5_neutral_hg,0.3384615384615385,8.307692307692308,true,2,1.9273932593427454,2,2.0058434046178273,71636,2,1.9273932564000913,160,0
A5_neutral_hg,0.4,8.307692307692308,true,2,1.9156734987194755,2,2.007607964576716,111193,2,1.9156735006512626,168,0
A5_neutral_hg,0.46153846153846156,8.307692307692308,true,2,1.9047400431940007,2,2.0097747228869163,100435,2,1.9047400405457928,214,0
A5_neutral_hg,0.5230769230769231,8.307692307692308,true,2,1.894539658117571,2,2.0124985853966537,111421,2,1.894539658006963,237,0
A5_neutral_hg,0.5846153846153846,8.307692307692308,true,2,1.8850199808481678,2,2.0160254970102676,127331,2,1.8850199793059201,263,0
A5_neutral_hg,0.6461538461538462,8.307692307692308,true,2,1.8761304899398197,2,2.020770571054118,127364,2,1.8761304912493366,296,0
A5_neutral_hg,0.7076923076923077,8.307692307692308,true,2,1.8678231960467553,2,2.0274928573471973,175067,2,1.8678231941158208,347,0
A5_neutral_hg,0.7692307692307693,8.307692307692308,true,2,1.860052978735445,2,2.0377409727466307,172336,2,1.8600529804481183,362,0
A5_neutral_hg,0.8307692307692308,8.307692307692308,true,2,1.852777745235833,-1,NaN,200001,2,1.8527778133320645,418,0
A5_neutral_hg,0.8923076923076924,8.307692307692308,true,0,-0.15404123697163774,0,0.09134238512106996,191011,0,-0.1540412373577651,408,0
A5_neutral_hg,0.9538461538461539,8.307692307692308,true,0,-0.16044005817942253,-1,NaN,200001,0,-0.160440055714012,568,0
A5_neutral_hg,1.0153846153846153,8.307692307692308,false,52,51.8335484590742,-1,NaN,200001,52,51.83354839623773,754,0
A5_neutral_hg,1.0769230769230769,8.307692307692308,false,58,57.82789376887431,-1,NaN,200001,58,57.827893916139935,593,0
A5_neutral_hg,1.1384615384615384,8.307692307692308,false,60,59.82256879900693,-1,NaN,200001,60,59.82256887823192,498,0
A5_neutral_hg,1.2,8.307692307692308,false,60,59.817547875698224,-1,NaN,200001,60,59.817548042036144,471,0
A5_neutral_hg,-1.2,8.58974358974359,false,64,64.38247357403381,-1,NaN,200001,64,64.38247369655579,451,0
A5_neutral_hg,-1.1384615384615384,8.58974358974359,false,64,64.36891904169352,-1,NaN,200001,64,64.36891910509254,496,0
A5_neutral_hg,-1.0769230769230769,8.58974358974359,false,64,64.35442647410144,-1,NaN,200001,64,64.35442657428945,562,0
A5_neutral_hg,-1.0153846153846153,8.58974358974359,false,60,60.33896189612206,-1,NaN,200001,60,60.338961818574205,788,0
A5_neutral_hg,-0.9538461538461539,8.58974358974359,true,2,2.3225041594590397,-1,NaN,200001,2,2.322504163223826,596,0
A5_neutral_hg,-0.8923076923076924,8.58974358974359,true,2,2.3050513942016675,2,1.9946415018333248,190996,2,2.3050513962988797,389,0
A5_neutral_hg,-0.8307692307692308,8.58974358974359,true,2,2.286624872437305,-1,NaN,200001,2,2.2866248769696713,421,0
A5_neutral_hg,-0.7692307692307693,8.58974358974359,true,2,2.267274360105433,2,1.9950605428170152,172318,2,2.2672743635408503,337,0
A5_neutral_hg,-0.7076923076923077,8.58974358974359,true,2,2.2470818165996804,2,1.9952927131561897,175075,2,2.2470818146051266,351,0
A5_neutral_hg,-0.6461538461538462,8.58974358974359,true,2,2.2261632807496676,2,1.9955422408611958,127328,2,2.2261632836971224,257,0
A5_neutral_hg,-0.5846153846153846,8.58974358974359,true,2,2.204668062780409,2,1.9958111476642775,127331,2,2.204668060986852,260,0
A5_neutral_hg,-0.5230769230769231,8.58974358974359,true,2,2.1827744877392874,2,1.9961017819004088,111421,2,2.1827744878251316,233,0
A5_neutral_hg,-0.46153846153846156,8.58974358974359,true,2,2.160682390971825,2,1.996416887221136,100458,2,2.160682388966682,212,0
A5_neutral_hg,-0.4,8.58974358974359,true,2,2.1386027379652552,2,1.9967596894140192,111419,2,2.1386027376317323,232,0
A5_neutral_hg,-0.3384615384615385,8.58974358974359,true,2,2.11674579997186,2,1.9971340071484933,71632,2,2.116745799304015,155,0
A5_neutral_hg,-0.27692307692307694,8.58974358974359,true,2,2.0953093739146085,2,1.997544394709203,63682,2,2.0953093737991235,147,0
A5_neutral_hg,-0.2153846153846154,8.58974358974359,true,2,2.0744687321003212,2,1.9979963280369897,47517,2,2.074468730466431,112,0
A5_neutral_hg,-0.15384615384615385,8.58974358974359,true,2,2.0543694177854412,2,1.9984964502199543,31849,2,2.0543694179775693,82,0
A5_neutral_hg,-0.09230769230769231,8.58974358974359,true,2,2.0351234830035656,2,1.9990528998362396,28749,2,2.035123483151364,60,0
A5_neutral_hg,-0.03076923076923077,8.58974358974359,true,2,2.0168089722662215,2,1.9996757567011798,6912,2,2.016808972216771,31,0
A5_neutral_hg,0.03076923076923077,8.58974358974359,true,2,1.9994720950287959,2,2.000377657075643,7269,2,1.9994720950023175,29,0
A5_neutral_hg,0.09230769230769231,8.58974358974359,true,2,1.9831311899306594,2,2.001174658539627,29368,2,1.9831311903578104,62,0
A5_neutral_hg,0.15384615384615385,8.58974358974359,true,2,1.9677816210491592,2,2.002087481236954,31848,2,1.9677816219066124,81,0
A5_neutral_hg,0.2153846153846154,8.58974358974359,true,2,1.9534008812843904,2,2.003143331374773,47455,2,1.9534008797871056,106,0
A5_neutral_hg,0.27692307692307694,8.58974358974359,true,2,1.9399533780390752,2,2.0043786523692866,63670,2,1.939953377667469,136,0
A5_neutral_hg,0.3384615384615385,8.58974358974359,true,2,1.9273946476492676,2,2.0058434046108156,71637,2,1.9273946463611202,161,0
A5_neutral_hg,0.4,8.58974358974359,true,2,1.9156747975335708,2,2.00760796456953,111355,2,1.9156747974737272,171,0
A5_neutral_hg,0.46153846153846156,8.58974358974359,true,2,1.9047412539204283,2,2.00977472287953,100428,2,1.9047412503244443,216,0
A5_neutral_hg,0.5230769230769231,8.58974358974359,true,2,1.8945407882769634,2,2.012498585388961,111416,2,1.89454078681478,232,0
A5_neutral_hg,0.5846153846153846,8.58974358974359,true,2,1.8850210384660082,2,2.0160254970021327,127324,2,1.8850210330530461,256,0
A5_neutral_hg,0.6461538461538462,8.58974358974359,true,2,1.8761314734822083,2,2.0207705710453117,127338,2,1.8761314755892955,268,0
A5_neutral_hg,0.7076923076923077,8.58974358974359,true,2,1.8678241159422662,2,2.027492857337177,175065,2,1.8678241143879672,345,0
A5_neutral_hg,0.7692307692307693,8.58974358974359,true,2,1.8600538402064983,2,2.0377409727344418,172328,2,1.8600538416469738,353,0
A5_neutral_hg,0.8307692307692308,8.58974358974359,true,2,1.8527786223393583,-1,NaN,200001,2,1.8527786200959997,413,0
A5_neutral_hg,0.8923076923076924,8.58974358974359,true,2,1.845959515514953,2,2.0913423850895327,191131,2,1.8459595192556297,443,0
A5_neutral_hg,0.9538461538461539,8.58974358974359,true,2,1.83956065000743,-1,NaN,200001,2,1.8395606546903516,570,0
A5_neutral_hg,1.0153846153846153,8.58974358974359,false,54,53.8335489665223,-1,NaN,200001,54,53.83354906404851,806,0
A5_neutral_hg,1.0769230769230769,8.58974358974359,false,58,57.82789450805261,-1,NaN,200001,58,57.82789454466659,568,0
A5_neutral_hg,1.1384615384615384,8.58974358974359,false,60,59.822569282273406,-1,NaN,200001,60,59.822569470499644,509,0
A5_neutral_hg,1.2,8.58974358974359,false,60,59.81754846331946,-1,NaN,200001,60,59.81754860080768,493,0
A5_neutral_hg,-1.2,8.871794871794872,false,64,64.38247500920555,-1,NaN,200001,64,64.38247519753703,441,0
A5_neutral_hg,-1.1384615384615384,8.871794871794872,false,64,64.36892067616867,-1,NaN,200001,64,64.368920711188,473,0
A5_neutral_hg,-1.0769230769230769,8.871794871794872,false,64,64.35442831704762,-1,NaN,200001,64,64.35442829003765,552,0
A5_neutral_hg,-1.0153846153846153,8.871794871794872,false,60,60.338963614546145,-1,NaN,200001,60,60.33896364721198,761,0
A5_neutral_hg,-0.9538461538461539,8.871794871794872,true,2,2.322506097835795,-1,NaN,200001,2,2.322506106159322,582,0
A5_neutral_hg,-0.8923076923076924,8.871794871794872,true,2,2.305053450955689,2,1.9946415018273016,190991,2,2.3050534525325936,384,0
A5_neutral_hg,-0.8307692307692308,8.871794871794872,true,2,2.286627035715007,-1,NaN,200001,2,2.286627042512955,423,0
A5_neutral_hg,-0.7692307692307693,8.871794871794872,true,2,2.2672766266969817,2,1.9950605428110255,172287,2,2.2672766309054935,358,0
A5_neutral_hg,-0.7076923076923077,8.871794871794872,true,2,2.247084174203856,2,1.9952927131501803,175067,2,2.247084172459731,343,0
A5_neutral_hg,-0.6461538461538462,8.871794871794872,true,2,2.2261657137417883,2,1.9955422408552046,127330,2,2.226165716793152,259,0
A5_neutral_hg,-0.5846153846153846,8.871794871794872,true,2,2.2046705510087428,2,1.9958111476582314,127331,2,2.204670550440703,260,0
A5_neutral_hg,-0.5230769230769231,8.871794871794872,true,2,2.182777012529617,2,1.9961017818943696,111432,2,2.1827770117965573,244,0
A5_neutral_hg,-0.46153846153846156,8.871794871794872,true,2,2.16068492534362,2,1.9964168872151185,100431,2,2.1606849237027967,205,0
A5_neutral_hg,-0.4,8.871794871794872,true,2,2.1386052591850033,2,1.9967596894079558,111417,2,2.1386052587670914,230,0
A5_neutral_hg,-0.3384615384615385,8.871794871794872,true,2,2.1167482842481475,2,1.9971340071424146,71638,2,2.1167482832458364,161,0
A5_neutral_hg,-0.27692307692307694,8.871794871794872,true,2,2.0953118011431595,2,1.9975443947030946,63680,2,2.095311799005363,145,0
A5_neutral_hg,-0.2153846153846154,8.871794871794872,true,2,2.0744710796138186,2,1.9979963280308812,47437,2,2.074471078451233,109,0
A5_neutral_hg,-0.15384615384615385,8.871794871794872,true,2,2.054371673290318,2,1.998496450213839,31853,2,2.0543716739433844,86,0
A5_neutral_hg,-0.09230769230769231,8.871794871794872,true,2,2.0351256362693504,2,1.9990528998300705,29784,2,2.035125636226165,84,0
A5_neutral_hg,-0.03076923076923077,8.871794871794872,true,2,2.0168110152424106,2,1.9996757566949834,7320,2,2.0168110153435146,41,0
A5_neutral_hg,0.03076923076923077,8.871794871794872,true,2,1.9994740246235316,2,2.000377657069401,7386,2,1.9994740245704672,32,0
A5_neutral_hg,0.09230769230769231,8.871794871794872,true,2,1.9831330055783263,2,2.0011746585333334,29218,2,1.9831330056800192,73,0
A5_neutral_hg,0.15384615384615385,8.871794871794872,true,2,1.9677833233810886,2,2.0020874812306095,31847,2,1.96778332463406,80,0
A5_neutral_hg,0.2153846153846154,8.871794871794872,true,2,1.9534024744620968,2,2.0031433313683764,47463,2,1.953402473334752,107,0
A5_neutral_hg,0.27692307692307694,8.871794871794872,true,2,1.9399548667545776,2,2.004378652362761,63672,2,1.939954866695098,138,0
A5_neutral_hg,0.3384615384615385,8.871794871794872,true,2,1.9273960367665732,2,2.0058434046041924,71634,2,1.9273960363335643,158,0
A5_neutral_hg,0.4,8.871794871794872,true,2,1.9156760925478737,2,2.007607964562767,110703,2,1.9156760943069169,167,0
A5_neutral_hg,0.46153846153846156,8.871794871794872,true,2,1.9047424631858028,2,2.0097747228725407,100428,2,1.9047424601131207,209,0
A5_neutral_hg,0.5230769230769231,8.871794871794872,true,2,1.8945419164156712,2,2.0124985853816586,111419,2,1.8945419156319314,235,0
A5_neutral_hg,0.5846153846153846,8.871794871794872,true,2,1.885022088395335,2,2.0160254969943607,127323,2,1.8850220868088419,255,0
A5_neutral_hg,0.6461538461538462,8.871794871794872,true,2,1.8761324583676942,2,2.0207705710368646,127379,2,1.8761324599372968,309,0
A5_neutral_hg,0.7076923076923077,8.871794871794872,true,2,1.867825037223535,2,2.0274928573275375,175068,2,1.8678250346675638,348,0
A5_neutral_hg,0.7692307692307693,8.871794871794872,true,2,1.8600547021726301,2,2.03774097272261,172249,2,1.8600547028527257,362,0
A5_neutral_hg,0.8307692307692308,8.871794871794872,true,2,1.852779430443414,-1,NaN,200001,2,1.8527794268663214,416,0
A5_neutral_hg,0.8923076923076924,8.871794871794872,true,2,1.8459602716958927,2,2.091342385058373,190998,2,1.845960275874936,395,0
A5_neutral_hg,0.9538461538461539,8.871794871794872,true,2,1.8395613601658045,-1,NaN,200001,2,1.8395613651001983,550,0
A5_neutral_hg,1.0153846153846153,8.871794871794872,false,54,53.83354978138193,-1,NaN,200001,54,53.833549731864366,807,0
A5_neutral_hg,1.0769230769230769,8.871794871794872,false,60,59.82789515768548,-1,NaN,200001,60,59.82789517319807,584,0
A5_neutral_hg,1.1384615384615384,8.871794871794872,false,62,61.82256987463304,-1,NaN,200001,62,61.82257006277177,512,0
A5_neutral_hg,1.2,8.871794871794872,false,62,61.817549075386836,-1,NaN,200001,62,61.81754915958339,483,0
A5_neutral_hg,-1.2,9.153846153846153,false,64,64.38247662646475,-1,NaN,200001,64,64.38247669850674,445,0
A5_neutral_hg,-1.1384615384615384,9.153846153846153,false,64,64.36892220950696,-1,NaN,200001,64,64.36892231727143,486,0
A5_neutral_hg,-1.0769230769230769,9.153846153846153,false,64,64.3544300107904,-1,NaN,200001,64,64.35443000577337,604,0
A5_neutral_hg,-1.0153846153846153,9.153846153846153,false,60,60.33896540130279,-1,NaN,200001,60,60.338965475837085,775,0
A5_neutral_hg,-0.9538461538461539,9.153846153846153,true,2,2.3225080444603527,-1,NaN,200001,2,2.322508049082091,600,0
A5_neutral_hg,-0.8923076923076924,9.153846153846153,true,2,2.305055506537626,2,1.994641501821716,190993,2,2.3050555087538562,386,0
A5_neutral_hg,-0.8307692307692308,9.153846153846153,true,2,2.2866292010885125,-1,NaN,200001,2,2.286629208044438,406,0
A5_neutral_hg,-0.7692307692307693,9.153846153846153,true,2,2.267278896708289,2,1.9950605428053947,172550,2,2.2672788982594057,341,0
A5_neutral_hg,-0.7076923076923077,9.153846153846153,true,2,2.24708653179699,2,1.9952927131445457,175069,2,2.247086530305131,345,0
A5_neutral_hg,-0.6461538461538462,9.153846153846153,true,2,2.226168146348012,2,1.9955422408495556,127328,2,2.2261681498819392,257,0
A5_neutral_hg,-0.5846153846153846,9.153846153846153,true,2,2.204673042533105,2,1.9958111476525944,127331,2,2.2046730398896646,260,0
A5_neutral_hg,-0.5230769230769231,9.153846153846153,true,2,2.1827795360033075,2,1.9961017818887106,111419,2,2.182779535765728,231,0
A5_neutral_hg,-0.46153846153846156,9.153846153846153,true,2,2.160687459063536,2,1.9964168872094346,100429,2,2.1606874584394378,204,0
A5_neutral_hg,-0.4,9.153846153846153,true,2,2.1386077804502333,2,1.9967596894022708,111413,2,2.138607779905749,226,0
A5_neutral_hg,-0.3384615384615385,9.153846153846153,true,2,2.1167507687076164,2,1.9971340071367205,71632,2,2.116750767193567,155,0
A5_neutral_hg,-0.27692307692307694,9.153846153846153,true,2,2.095314224352297,2,1.997544394697379,63679,2,2.095314224219822,144,0
A5_neutral_hg,-0.2153846153846154,9.153846153846153,true,2,2.074473428897054,2,1.997996328025121,47461,2,2.0744734264461675,112,0
A5_neutral_hg,-0.15384615384615385,9.153846153846153,true,2,2.0543739280525513,2,1.9984964502080613,31850,2,2.0543739299208035,83,0
A5_neutral_hg,-0.09230769230769231,9.153846153846153,true,2,2.0351277892306188,2,1.9990528998242747,28503,2,2.035127789313593,86,0
A5_neutral_hg,-0.03076923076923077,9.153846153846153,true,2,2.016813058457596,2,1.9996757566891552,7246,2,2.0168130584834874,37,0
A5_neutral_hg,0.03076923076923077,9.153846153846153,true,2,1.9994759542261682,2,2.000377657063537,7173,2,1.9994759541520812,29,0
A5_neutral_hg,0.09230769230769231,9.153846153846153,true,2,1.9831348209673574,2,2.001174658527421,28965,2,1.9831348210156268,82,0
A5_neutral_hg,0.15384615384615385,9.153846153846153,true,2,1.9677850262934196,2,2.002087481224629,31848,2,1.9677850273746045,81,0
A5_neutral_hg,0.2153846153846154,9.153846153846153,true,2,1.9534040684747254,2,2.0031433313623133,47537,2,1.9534040668950237,109,0
A5_neutral_hg,0.27692307692307694,9.153846153846153,true,2,1.9399563559323088,2,2.004378652356622,63672,2,1.9399563557347652,138,0
A5_neutral_hg,0.3384615384615385,9.153846153846153,true,2,1.9273974269563574,2,2.0058434045979245,71636,2,1.927397426317389,160,0
A5_neutral_hg,0.4,9.153846153846153,true,2,1.9156773914258887,2,2.007607964556332,111167,2,1.9156773911507938,166,0
A5_neutral_hg,0.46153846153846156,9.153846153846153,true,2,1.9047436722767586,2,2.009774722865907,100450,2,1.9047436699117846,208,0
A5_neutral_hg,0.5230769230769231,9.153846153846153,true,2,1.8945430442151694,2,2.012498585374732,111419,2,1.8945430444583817,235,0
A5_neutral_hg,0.5846153846153846,9.153846153846153,true,2,1.8850231431944922,2,2.016025496986997,127322,2,1.8850231405732736,254,0
A5_neutral_hg,0.6461538461538462,9.153846153846153,true,2,1.876133442348248,2,2.020770571028793,127335,2,1.876133444293302,267,0
A5_neutral_hg,0.7076923076923077,9.153846153846153,true,2,1.8678259568236069,2,2.0274928573182835,175064,2,1.8678259549545704,344,0
A5_neutral_hg,0.7692307692307693,9.153846153846153,true,2,1.8600555626842326,2,2.0377409727111564,172376,2,1.8600555640653336,355,0
A5_neutral_hg,0.8307692307692308,9.153846153846153,true,2,1.8527802374832805,-1,NaN,200001,2,1.8527802336429884,396,0
A5_neutral_hg,0.8923076923076924,9.153846153846153,true,2,1.8459610290281612,2,2.091342385027672,190996,2,1.845961032500121,393,0
A5_neutral_hg,0.9538461538461539,9.153846153846153,true,2,1.8395620703560605,-1,NaN,200001,2,1.8395620755154902,571,0
A5_neutral_hg,1.0153846153846153,9.153846153846153,false,54,53.8335503287029,-1,NaN,200001,54,53.83355039968535,783,0
A5_neutral_hg,1.0769230769230769,9.153846153846153,false,60,59.82789576106681,-1,NaN,200001,60,59.82789580173411,593,0
A5_neutral_hg,1.1384615384615384,9.153846153846153,false,62,61.82257150565996,-1,NaN,200001,62,61.82257065504823,518,0
A5_neutral_hg,1.2,9.153846153846153,false,62,61.8175494533044,-1,NaN,200001,62,61.817549718363146,478,0
A5_neutral_hg,-1.2,9.435897435897436,false,64,64.3824780638289,-1,NaN,200001,64,64.38247819946517,454,0
A5_neutral_hg,-1.1384615384615384,9.435897435897436,false,64,64.36892388654175,-1,NaN,200001,64,64.36892392334286,483,0
A5_neutral_hg,-1.0769230769230769,9.435897435897436,false,64,64.35443177779632,-1,NaN,200001,64,64.35443172149672,574,0
A5_neutral_hg,-1.0153846153846153,9.435897435897436,false,60,60.33896726795072,-1,NaN,200001,60,60.338967304449454,772,0
A5_neutral_hg,-0.9538461538461539,9.435897435897436,true,2,2.322509984776649,-1,NaN,200001,2,2.3225099919920957,542,0
A5_neutral_hg,-0.8923076923076924,9.435897435897436,true,2,2.3050575625645546,2,1.9946415018164276,191001,2,2.3050575649626337,394,0
A5_neutral_hg,-0.8307692307692308,9.435897435897436,true,2,2.286631372570702,-1,NaN,200001,2,2.2866313735640826,390,0
A5_neutral_hg,-0.7692307692307693,9.435897435897436,true,2,2.2672811634454657,2,1.9950605428000883,171864,2,2.2672811656025567,352,0
A5_neutral_hg,-0.7076923076923077,9.435897435897436,true,2,2.247088888688812,2,1.9952927131392362,175060,2,2.2470888881412927,336,0
A5_neutral_hg,-0.6461538461538462,9.435897435897436,true,2,2.2261705794710407,2,1.9955422408442347,127339,2,2.2261705829634533,268,0
A5_neutral_hg,-0.5846153846153846,9.435897435897436,true,2,2.204675528985907,2,1.9958111476472529,127329,2,2.204675529333701,258,0
A5_neutral_hg,-0.5230769230769231,9.435897435897436,true,2,2.1827820615196116,2,1.996101781883368,111420,2,2.1827820597326086,232,0
A5_neutral_hg,-0.46153846153846156,9.435897435897436,true,2,2.1606899951453356,2,1.9964168872040644,100454,2,2.160689993176573,210,0
A5_neutral_hg,-0.4,9.435897435897436,true,2,2.1386103014973736,2,1.9967596893969062,111414,2,2.1386103010476747,227,0
A5_neutral_hg,-0.3384615384615385,9.435897435897436,true,2,2.116753251687477,2,1.9971340071313142,71633,2,2.1167532511471734,156,0
A5_neutral_hg,-0.27692307692307694,9.435897435897436,true,2,2.095316651171826,2,1.9975443946919897,63675,2,2.0953166494424664,140,0
A5_neutral_hg,-0.2153846153846154,9.435897435897436,true,2,2.0744757745051663,2,1.9979963280197195,47767,2,2.0744757744512023,115,0
A5_neutral_hg,-0.15384615384615385,9.435897435897436,true,2,2.054376184021469,2,1.998496450202639,31851,2,2.0543761859097955,84,0
A5_neutral_hg,-0.09230769230769231,9.435897435897436,true,2,2.03512994232178,2,1.9990528998188068,29524,2,2.035129942413615,67,0
A5_neutral_hg,-0.03076923076923077,9.435897435897436,true,2,2.0168151016701756,2,1.9996757566836576,7145,2,2.0168151016366576,39,0
A5_neutral_hg,0.03076923076923077,9.435897435897436,true,2,1.9994778837792435,2,2.0003776570579914,7233,2,1.9994778837471274,34,0
A5_neutral_hg,0.09230769230769231,9.435897435897436,true,2,1.9831366360614884,2,2.001174658521836,29791,2,1.9831366363645997,75,0
A5_neutral_hg,0.15384615384615385,9.435897435897436,true,2,1.9677867289628628,2,2.002087481218993,31850,2,1.9677867301282137,83,0
A5_neutral_hg,0.2153846153846154,9.435897435897436,true,2,1.9534056618697386,2,2.003143331356596,47405,2,1.9534056604678887,110,0
A5_neutral_hg,0.27692307692307694,9.435897435897436,true,2,1.9399578467481273,2,2.0043786523508116,63673,2,1.9399578447864374,139,0
A5_neutral_hg,0.3384615384615385,9.435897435897436,true,2,1.927398817212688,2,2.0058434045919973,71632,2,1.9273988163125617,156,0
A5_neutral_hg,0.4,9.435897435897436,true,2,1.9156786881901764,2,2.007607964550249,111309,2,1.915678688005324,169,0
A5_neutral_hg,0.46153846153846156,9.435897435897436,true,2,1.9047448802567404,2,2.009774722859602,100446,2,1.9047448797204012,209,0
A5_neutral_hg,0.5230769230769231,9.435897435897436,true,2,1.8945441729379624,2,2.0124985853681094,111418,2,1.8945441732940975,234,0
A5_neutral_hg,0.5846153846153846,9.435897435897436,true,2,1.8850241952439766,2,2.0160254969799287,127332,2,1.8850241943463062,264,0
A5_neutral_hg,0.6461538461538462,9.435897435897436,true,2,1.8761344269719653,2,2.020770571021029,127339,2,1.8761344286572779,269,0
A5_neutral_hg,0.7076923076923077,9.435897435897436,true,2,1.8678268767944073,2,2.0274928573093636,175060,2,1.8678268752489575,340,0
A5_neutral_hg,0.7692307692307693,9.435897435897436,true,2,1.860056424114748,2,2.0377409727000315,172684,2,1.8600564252847707,351,0
A5_neutral_hg,0.8307692307692308,9.435897435897436,true,2,1.8527810427264813,-1,NaN,200001,2,1.8527810404259721,424,0
A5_neutral_hg,0.8923076923076924,9.435897435897436,true,2,1.8459617856997357,2,2.0913423849972324,191024,2,1.8459617891311497,421,0
A5_neutral_hg,0.9538461538461539,9.435897435897436,true,2,1.8395627796707998,-1,NaN,200001,2,1.8395627859361952,537,0
A5_neutral_hg,1.0153846153846153,9.435897435897436,false,54,53.83355106836372,-1,NaN,200001,54,53.833551067511245,811,0
A5_neutral_hg,1.0769230769230769,9.435897435897436,false,60,59.82789647055306,-1,NaN,200001,60,59.827896430274905,587,0
A5_neutral_hg,1.1384615384615384,9.435897435897436,false,62,61.822571199403406,-1,NaN,200001,62,61.822571247329016,486,0
A5_neutral_hg,1.2,9.435897435897436,false,62,61.81755046210062,-1,NaN,200001,62,61.81755027714683,459,0
A5_neutral_hg,-1.2,9.717948717948717,false,64,64.38247965833021,-1,NaN,200001,64,64.38247970041208,451,0
A5_neutral_hg,-1.1384615384615384,9.717948717948717,false,64,64.36892551832278,-1,NaN,200001,64,64.3689255294023,473,0
A5_neutral_hg,-1.0769230769230769,9.717948717948717,false,64,64.35443347718612,-1,NaN,200001,64,64.3544334372076,559,0
A5_neutral_hg,-1.0153846153846153,9.717948717948717,false,62,62.338969078385695,-1,NaN,200001,62,62.33896913304911,793,0
A5_neutral_hg,-0.9538461538461539,9.717948717948717,true,2,2.322511926431898,-1,NaN,200001,2,2.322511934889315,582,0
A5_neutral_hg,-0.8923076923076924,9.717948717948717,true,2,2.3050596164382156,2,1.9946415018114585,191010,2,2.3050596211589003,403,0
A5_neutral_hg,-0.8307692307692308,9.717948717948717,true,2,2.2866335284415484,-1,NaN,200001,2,2.286633539071862,402,0
A5_neutral_hg,-0.7692307692307693,9.717948717948717,true,2,2.267283432975235,2,1.995060542795073,172586,2,2.267283432934916,360,0
A5_neutral_hg,-0.7076923076923077,9.717948717948717,true,2,2.247091248284944,2,1.9952927131342377,175062,2,2.247091245968185,338,0
A5_neutral_hg,-0.6461538461538462,9.717948717948717,true,2,2.2261730135048152,2,1.995542240839198,127336,2,2.226173016037664,265,0
A5_neutral_hg,-0.5846153846153846,9.717948717948717,true,2,2.2046780180126677,2,1.9958111476422364,127329,2,2.2046780187727855,258,0
A5_neutral_hg,-0.5230769230769231,9.717948717948717,true,2,2.1827845845647076,2,1.996101781878333,111419,2,2.1827845836971704,231,0
A5_neutral_hg,-0.46153846153846156,9.717948717948717,true,2,2.1606925314597456,2,1.9964168871990224,100436,2,2.160692527914173,205,0
A5_neutral_hg,-0.4,9.717948717948717,true,2,2.138612822510999,2,1.9967596893918667,111240,2,2.1386128221928393,172,0
A5_neutral_hg,-0.3384615384615385,9.717948717948717,true,2,2.1167557353221733,2,1.9971340071262644,71632,2,2.116755735106627,155,0
A5_neutral_hg,-0.27692307692307694,9.717948717948717,true,2,2.0953190750474624,2,1.9975443946868863,63676,2,2.0953190746732657,141,0
A5_neutral_hg,-0.2153846153846154,9.717948717948717,true,2,2.0744781227681743,2,1.9979963280145978,47511,2,2.0744781224663087,107,0
A5_neutral_hg,-0.15384615384615385,9.717948717948717,true,2,2.05437844155043,2,1.9984964501974813,31847,2,2.0543784419103304,80,0
A5_neutral_hg,-0.09230769230769231,9.717948717948717,true,2,2.0351320960574406,2,1.999052899813658,28930,2,2.035132095526203,87,0
A5_neutral_hg,-0.03076923076923077,9.717948717948717,true,2,2.0168171447150804,2,1.9996757566784584,7064,2,2.016817144802995,34,0
A5_neutral_hg,0.03076923076923077,9.717948717948717,true,2,1.9994798133338032,2,2.0003776570527587,7190,2,1.9994798133555776,36,0
A5_neutral_hg,0.09230769230769231,9.717948717948717,true,2,1.983138451593399,2,2.0011746585165495,28962,2,1.9831384517269095,53,0
A5_neutral_hg,0.15384615384615385,9.717948717948717,true,2,1.967788431074864,2,2.002087481213632,31850,2,1.9677884328948592,83,0
A5_neutral_hg,0.2153846153846154,9.717948717948717,true,2,1.9534072551850894,2,2.003143331351173,47432,2,1.9534072540533178,109,0
A5_neutral_hg,0.27692307692307694,9.717948717948717,true,2,1.939959333965721,2,2.0043786523452924,63677,2,1.9399593338500862,143,0
A5_neutral_hg,0.3384615384615385,9.717948717948717,true,2,1.9274002070734029,2,2.005843404586365,71636,2,1.927400206319052,160,0
A5_neutral_hg,0.4,9.717948717948717,true,2,1.9156799829847782,2,2.0076079645444365,111192,2,1.9156799848704833,169,0
A5_neutral_hg,0.46153846153846156,9.717948717948717,true,2,1.904746091656048,2,2.009774722853619,100497,2,1.9047460895389454,212,0
A5_neutral_hg,0.5230769230769231,9.717948717948717,true,2,1.894545302114031,2,2.0124985853618287,111409,2,1.8945453021390501,225,0
A5_neutral_hg,0.5846153846153846,9.717948717948717,true,2,1.8850252487531023,2,2.0160254969731968,127323,2,1.8850252481279122,255,0
A5_neutral_hg,0.6461538461538462,9.717948717948717,true,2,1.8761354111484267,2,2.020770571013567,127336,2,1.8761354130291954,266,0
A5_neutral_hg,0.7076923076923077,9.717948717948717,true,2,1.867827797773252,2,2.0274928573007696,175064,2,1.867827795550694,344,0
A5_neutral_hg,0.7692307692307693,9.717948717948717,true,2,1.8600572846075996,2,2.0377409726892135,172304,2,1.860057286511005,359,0
A5_neutral_hg,0.8307692307692308,9.717948717948717,true,2,1.8527818509131817,-1,NaN,200001,2,1.8527818472152455,432,0
A5_neutral_hg,0.8923076923076924,9.717948717948717,true,2,1.8459625441751981,2,2.091342384967121,190997,2,1.845962545767996,394,0
A5_neutral_hg,0.9538461538461539,9.717948717948717,true,2,1.839563490900182,-1,NaN,200001,2,1.8395634963622818,544,0
A5_neutral_hg,1.0153846153846153,9.717948717948717,false,54,53.83355177611425,-1,NaN,200001,54,53.83355173534217,790,0
A5_neutral_hg,1.0769230769230769,9.717948717948717,false,60,59.82789690425586,-1,NaN,200001,60,59.82789705882031,580,0
A5_neutral_hg,1.1384615384615384,9.717948717948717,false,62,61.82257181512167,-1,NaN,200001,62,61.82257183961414,504,0
A5_neutral_hg,1.2,9.717948717948717,false,62,61.81755073687615,-1,NaN,200001,62,61.81755083593461,462,0
A5_neutral_hg,-1.2,10.0,false,64,64.38248126550184,-1,NaN,200001,64,64.3824812013475,433,0
A5_neutral_hg,-1.1384615384615384,10.0,false,64,64.36892707172248,-1,NaN,200001,64,64.3689271354497,449,0
A5_neutral_hg,-1.0769230769230769,10.0,false,64,64.35443519222542,-1,NaN,200001,64,64.35443515290586,548,0
A5_neutral_hg,-1.0153846153846153,10.0,false,62,62.33897094824215,-1,NaN,200001,62,62.338970961636,762,0
A5_neutral_hg,-0.9538461538461539,10.0,true,2,2.322513870827596,-1,NaN,200001,2,2.3225138777737175,565,0
A5_neutral_hg,-0.8923076923076924,10.0,true,2,2.3050616733709717,2,1.9946415018067498,191043,2,2.305061677342624,434,0
A5_neutral_hg,-0.8307692307692308,10.0,true,2,2.28663570061691,-1,NaN,200001,2,2.2866357045677477,395,0
A5_neutral_hg,-0.7692307692307693,10.0,true,2,2.2672857001650275,2,1.995060542790358,172119,2,2.2672857002564557,342,0
A5_neutral_hg,-0.7076923076923077,10.0,true,2,2.24709360453041,2,1.9952927131295055,175072,2,2.247093603785787,348,0
A5_neutral_hg,-0.6461538461538462,10.0,true,2,2.226175445658792,2,1.9955422408344718,127335,2,2.226175449104547,264,0
A5_neutral_hg,-0.5846153846153846,10.0,true,2,2.2046805079579794,2,1.9958111476374705,127329,2,2.2046805082068905,258,0
A5_neutral_hg,-0.5230769230769231,10.0,true,2,2.1827871080664263,2,1.9961017818735969,111431,2,2.1827871076593897,243,0
A5_neutral_hg,-0.46153846153846156,10.0,true,2,2.1606950648385177,2,1.996416887194274,100462,2,2.1606950626522132,205,0
A5_neutral_hg,-0.4,10.0,true,2,2.1386153448813565,2,1.9967596893870534,111413,2,2.1386153433412174,226,0
A5_neutral_hg,-0.3384615384615385,10.0,true,2,2.116758219702896,2,1.9971340071214578,71628,2,2.1167582190719028,151,0
A5_neutral_hg,-0.27692307692307694,10.0,true,2,2.095321500191202,2,1.9975443946820817,63677,2,2.095321499912197,142,0
A5_neutral_hg,-0.2153846153846154,10.0,true,2,2.074480472883116,2,1.99799632800977,47411,2,2.0744804704914603,105,0
A5_neutral_hg,-0.15384615384615385,10.0,true,2,2.054380697815483,2,1.9984964501926332,31844,2,2.054380697922383,77,0
A5_neutral_hg,-0.09230769230769231,10.0,true,2,2.035134248447519,2,1.9990528998087598,28975,2,2.035134248651331,83,0
A5_neutral_hg,-0.03076923076923077,10.0,true,2,2.016819187869586,2,1.9996757566735364,7040,2,2.016819187982475,42,0
A5_neutral_hg,0.03076923076923077,10.0,true,2,1.9994817427975509,2,2.000377657047795,7301,2,1.9994817429774048,33,0
A5_neutral_hg,0.09230769230769231,10.0,true,2,1.9831402671594178,2,2.0011746585115393,29157,2,1.9831402671025298,59,0
A5_neutral_hg,0.15384615384615385,10.0,true,2,1.9677901341905717,2,2.0020874812085667,31845,2,1.9677901356745156,78,0
A5_neutral_hg,0.2153846153846154,10.0,true,2,1.9534088514498529,2,2.003143331346022,47496,2,1.9534088476512854,108,0
A5_neutral_hg,0.27692307692307694,10.0,true,2,1.9399608231661478,2,2.004378652340064,63672,2,1.939960822925686,138,0
A5_neutral_hg,0.3384615384615385,10.0,true,2,1.9274015987137694,2,2.0058434045810376,71635,2,1.927401596336836,159,0
A5_neutral_hg,0.4,10.0,true,2,1.915681279915055,2,2.0076079645389444,111104,2,1.9156812817462412,166,0
A5_neutral_hg,0.46153846153846156,10.0,true,2,1.9047473029361734,2,2.009774722847858,100459,2,1.9047472993673895,205,0
A5_neutral_hg,0.5230769230769231,10.0,true,2,1.8945464307917301,2,2.0124985853558024,111422,2,1.8945464309932154,238,0
A5_neutral_hg,0.5846153846153846,10.0,true,2,1.8850263037122952,2,2.016025496966704,127316,2,1.8850263019180664,248,0
A5_neutral_hg,0.6461538461538462,10.0,true,2,1.8761363954213648,2,2.0207705710064197,127340,2,1.876136397409032,270,0
A5_neutral_hg,0.7076923076923077,10.0,true,2,1.8678287178735444,2,2.027492857292419,175064,2,1.8678287158597546,344,0
A5_neutral_hg,0.7692307692307693,10.0,true,2,1.860058147013567,2,2.037740972678666,172322,2,1.8600581477440126,361,0
A5_neutral_hg,0.8307692307692308,10.0,true,2,1.8527826563527983,-1,NaN,200001,2,1.8527826540107775,425,0
A5_neutral_hg,0.8923076923076924,10.0,true,2,1.845963299302694,2,2.091342384937249,191246,2,1.8459633024106312,416,0
A5_neutral_hg,0.9538461538461539,10.0,true,2,1.839564203197852,-1,NaN,200001,2,1.8395642067937268,551,0
A5_neutral_hg,1.0153846153846153,10.0,false,54,53.83355238602514,-1,NaN,200001,54,53.833552403178125,781,0
A5_neutral_hg,1.0769230769230769,10.0,false,60,59.82789763717733,-1,NaN,200001,60,59.82789768737023,585,0
A5_neutral_hg,1.1384615384615384,10.0,false,62,61.822572445931534,-1,NaN,200001,62,61.82257243190354,483,0
A5_neutral_hg,1.2,10.0,false,62,61.81755119327696,-1,NaN,200001,62,61.81755139472639,472,0
A6_pda,-1.1,-1.15,false,161,161.0829843787208,-1,NaN,200001,161,161.08298504786796,1186,1
A6_pda,-1.035897435897436,-1.15,false,161,161.08298443218803,-1,NaN,200001,161,161.0829850498123,1177,1
A6_pda,-0.9717948717948718,-1.15,false,160,160.08298544230556,-1,NaN,200001,160,160.08298508276124,1176,0
A6_pda,-0.9076923076923077,-1.15,false,160,160.0829843683592,-1,NaN,200001,160,160.08298508212206,1151,0
A6_pda,-0.8435897435897436,-1.15,false,160,160.0829850187611,-1,NaN,200001,160,160.08298508919174,1169,0
A6_pda,-0.7794871794871795,-1.15,false,160,160.08298546119033,-1,NaN,200001,160,160.0829850972474,1160,0
A6_pda,-0.7153846153846154,-1.15,false,160,160.08298494489932,-1,NaN,200001,160,160.08298510562278,1180,0
A6_pda,-0.6512820512820513,-1.15,false,160,160.08298489615945,-1,NaN,200001,160,160.08298511414162,1168,0
A6_pda,-0.5871794871794872,-1.15,false,160,160.08298508969824,-1,NaN,200001,160,160.0829851227372,1170,0
A6_pda,-0.5230769230769231,-1.15,false,160,160.08298423937023,-1,NaN,200001,160,160.08298513137825,1173,0
A6_pda,-0.45897435897435895,-1.15,false,160,160.08298562560023,-1,NaN,200001,160,160.08298514004895,1168,0
A6_pda,-0.39487179487179486,-1.15,false,160,160.0829859304805,-1,NaN,200001,160,160.08298514873954,1169,0
A6_pda,-0.33076923076923076,-1.15,false,160,160.08298505783037,-1,NaN,200001,160,160.08298515744454,1162,0
A6_pda,-0.26666666666666666,-1.15,false,160,160.0829855223694,-1,NaN,200001,160,160.08298516616026,1163,0
A6_pda,-0.20256410256410257,-1.15,false,160,160.08298553029158,-1,NaN,200001,160,160.08298517488376,1165,0
A6_pda,-0.13846153846153847,-1.15,false,160,160.08298567487597,-1,NaN,200001,160,160.0829851836138,1160,0
A6_pda,-0.07435897435897436,-1.15,false,160,160.08298498174247,-1,NaN,200001,160,160.08298519234853,1166,0
A6_pda,-0.010256410256410256,-1.15,false,160,160.0829854503862,-1,NaN,200001,160,160.08298520108755,1163,0
A6_pda,0.05384615384615385,-1.15,false,160,160.08298583392173,-1,NaN,200001,160,160.08298520982936,1159,0
A6_pda,0.11794871794871795,-1.15,false,160,160.0829852982104,-1,NaN,200001,160,160.0829852185742,1160,0
A6_pda,0.18205128205128204,-1.15,false,160,160.0829854301334,-1,NaN,200001,160,160.08298522732116,1157,0
A6_pda,0.24615384615384617,-1.15,false,160,160.0829839345423,-1,NaN,200001,160,160.08298523607007,1164,0
A6_pda,0.31025641025641026,-1.15,false,160,160.08298502500946,-1,NaN,200001,160,160.08298524482043,1163,0
A6_pda,0.37435897435897436,-1.15,false,160,160.0829855023255,-1,NaN,200001,160,160.08298525357273,1179,0
A6_pda,0.43846153846153846,-1.15,false,160,160.08298594678885,-1,NaN,200001,160,160.0829852623256,1161,0
A6_pda,0.5025641025641026,-1.15,false,160,160.08298604831697,-1,NaN,200001,160,160.08298527107968,1162,0
A6_pda,0.5666666666666667,-1.15,false,160,160.08298492318355,-1,NaN,200001,160,160.08298527983493,1173,0
A6_pda,0.6307692307692307,-1.15,false,160,160.08298441165567,-1,NaN,200001,160,160.08298528859072,1161,0
A6_pda,0.6948717948717948,-1.15,false,160,160.08298608242387,-1,NaN,200001,160,160.08298529734742,1161,0
A6_pda,0.7589743589743589,-1.15,false,160,160.0829853646009,-1,NaN,200001,160,160.08298530610492,1144,0
A6_pda,0.823076923076923,-1.15,false,160,160.08298529472165,-1,NaN,200001,160,160.08298531486247,1170,0
A6_pda,0.8871794871794871,-1.15,false,160,160.08298511852425,-1,NaN,200001,160,160.08298532362076,1165,0
A6_pda,0.9512820512820512,-1.15,false,160,160.08298572091618,-1,NaN,200001,160,160.08298533237974,1164,0
A6_pda,1.0153846153846153,-1.15,false,160,160.08298505087924,-1,NaN,200001,160,160.082985341139,1148,0
A6_pda,1.0794871794871794,-1.15,false,160,160.08298584242576,-1,NaN,200001,160,160.08298534989865,1161,0
A6_pda,1.1435897435897435,-1.15,false,160,160.0829856055359,-1,NaN,200001,160,160.08298535865876,1173,0
A6_pda,1.2076923076923076,-1.15,false,160,160.08298564407733,-1,NaN,200001,160,160.08298536741896,1164,0
A6_pda,1.2717948717948717,-1.15,false,160,160.08298615733648,-1,NaN,200001,160,160.08298537617958,1169,0
A6_pda,1.3358974358974358,-1.15,false,160,160.08298558568205,-1,NaN,200001,160,160.0829853849404,1158,0
A6_pda,1.4,-1.15,false,160,160.08298547268996,-1,NaN,200001,160,160.08298539370148,1150,0
A6_pda,-1.1,-1.091025641025641,false,161,161.08091108478192,-1,NaN,200001,161,161.0809119082349,1486,1
A6_pda,-1.035897435897436,-1.091025641025641,false,161,161.08091207054323,-1,NaN,200001,161,161.08091191068237,1384,1
A6_pda,-0.9717948717948718,-1.091025641025641,false,160,160.0809120336104,-1,NaN,200001,160,160.0809119441343,1444,0
A6_pda,-0.9076923076923077,-1.091025641025641,false,160,160.08091218431076,-1,NaN,200001,160,160.08091194399827,1452,0
A6_pda,-0.8435897435897436,-1.091025641025641,false,160,160.08091206499577,-1,NaN,200001,160,160.0809119515709,1437,0
A6_pda,-0.7794871794871795,-1.091025641025641,false,160,160.08091141867916,-1,NaN,200001,160,160.08091196012973,1410,0
A6_pda,-0.7153846153846154,-1.091025641025641,false,160,160.08091202430091,-1,NaN,200001,160,160.08091196900807,1432,0
A6_pda,-0.6512820512820513,-1.091025641025641,false,160,160.08091200155306,-1,NaN,200001,160,160.08091197803006,1449,0
A6_pda,-0.5871794871794872,-1.091025641025641,false,160,160.08091204716794,-1,NaN,200001,160,160.08091198712864,1434,0
A6_pda,-0.5230769230769231,-1.091025641025641,false,160,160.0809112013231,-1,NaN,200001,160,160.08091199627285,1408,0
A6_pda,-0.45897435897435895,-1.091025641025641,false,160,160.0809123354551,-1,NaN,200001,160,160.0809120054467,1436,0
A6_pda,-0.39487179487179486,-1.091025641025641,false,160,160.08091226736056,-1,NaN,200001,160,160.08091201464043,1432,0
A6_pda,-0.33076923076923076,-1.091025641025641,false,160,160.08091251421683,-1,NaN,200001,160,160.0809120238487,1466,0
A6_pda,-0.26666666666666666,-1.091025641025641,false,160,160.08091231411856,-1,NaN,200001,160,160.08091203306748,1405,0
A6_pda,-0.20256410256410257,-1.091025641025641,false,160,160.08091207983622,-1,NaN,200001,160,160.0809120422939,1472,0
A6_pda,-0.13846153846153847,-1.091025641025641,false,160,160.0809118699489,-1,NaN,200001,160,160.080912051527,1439,0
A6_pda,-0.07435897435897436,-1.091025641025641,false,160,160.0809109506527,-1,NaN,200001,160,160.0809120607648,1438,0
A6_pda,-0.010256410256410256,-1.091025641025641,false,160,160.08091227632002,-1,NaN,200001,160,160.08091207000666,1439,0
A6_pda,0.05384615384615385,-1.091025641025641,false,160,160.08091210028527,-1,NaN,200001,160,160.08091207925193,1432,0
A6_pda,0.11794871794871795,-1.091025641025641,false,160,160.0809122796931,-1,NaN,200001,160,160.08091208849982,1396,0
A6_pda,0.18205128205128204,-1.091025641025641,false,160,160.080912340468,-1,NaN,200001,160,160.08091209774997,1414,0
A6_pda,0.24615384615384617,-1.091025641025641,false,160,160.080912393506,-1,NaN,200001,160,160.08091210700175,1424,0
A6_pda,0.31025641025641026,-1.091025641025641,false,160,160.08091229008463,-1,NaN,200001,160,160.08091211625526,1450,0
A6_pda,0.37435897435897436,-1.091025641025641,false,160,160.0809119509931,-1,NaN,200001,160,160.08091212551025,1440,0
A6_pda,0.43846153846153846,-1.091025641025641,false,160,160.08091231380746,-1,NaN,200001,160,160.0809121347664,1396,0
A6_pda,0.5025641025641026,-1.091025641025641,false,160,160.0809113479248,-1,NaN,200001,160,160.08091214402415,1434,0
A6_pda,0.5666666666666667,-1.091025641025641,false,160,160.08091053618148,-1,NaN,200001,160,160.0809121532819,1407,0
A6_pda,0.6307692307692307,-1.091025641025641,false,160,160.08091199381664,-1,NaN,200001,160,160.08091216254078,1408,0
A6_pda,0.6948717948717948,-1.091025641025641,false,160,160.08091231586778,-1,NaN,200001,160,160.0809121718007,1428,0
A6_pda,0.7589743589743589,-1.091025641025641,false,160,160.08091211026658,-1,NaN,200001,160,160.08091218106097,1441,0
A6_pda,0.823076923076923,-1.091025641025641,false,160,160.08091230486386,-1,NaN,200001,160,160.08091219032207,1436,0
A6_pda,0.8871794871794871,-1.091025641025641,false,160,160.0809175515679,-1,NaN,200001,160,160.08091219958345,1479,0
A6_pda,0.9512820512820512,-1.091025641025641,false,160,160.08091272304458,-1,NaN,200001,160,160.08091220884543,1405,0
A6_pda,1.0153846153846153,-1.091025641025641,false,160,160.08091245020174,-1,NaN,200001,160,160.08091221810767,1460,0
A6_pda,1.0794871794871794,-1.091025641025641,false,160,160.08091160619014,-1,NaN,200001,160,160.0809122273705,1416,0
A6_pda,1.1435897435897435,-1.091025641025641,false,160,160.08091256094994,-1,NaN,200001,160,160.08091223663348,1431,0
A6_pda,1.2076923076923076,-1.091025641025641,false,160,160.08091233954667,-1,NaN,200001,160,160.08091224589688,1433,0
A6_pda,1.2717948717948717,-1.091025641025641,false,160,160.08091230079108,-1,NaN,200001,160,160.08091225516048,1383,0
A6_pda,1.3358974358974358,-1.091025641025641,false,160,160.0809126072827,-1,NaN,200001,160,160.08091226442454,1438,0
A6_pda,1.4,-1.091025641025641,false,160,160.08091254794283,-1,NaN,200001,160,160.0809122736886,1420,0
A6_pda,-1.1,-1.0320512820512822,false,159,159.07872420094012,-1,NaN,200001,159,159.07871812620704,1722,1
A6_pda,-1.035897435897436,-1.0320512820512822,false,161,161.0787182310026,-1,NaN,200001,161,161.07871812920126,1764,1
A6_pda,-0.9717948717948718,-1.0320512820512822,false,160,160.07872052860145,-1,NaN,200001,160,160.07871816319997,1695,0
A6_pda,-0.9076923076923077,-1.0320512820512822,false,160,160.07871778392732,-1,NaN,200001,160,160.07871816361072,1724,0
A6_pda,-0.8435897435897436,-1.0320512820512822,false,160,160.0787185663462,-1,NaN,200001,160,160.07871817173057,1660,0
A6_pda,-0.7794871794871795,-1.0320512820512822,false,160,160.07871866626473,-1,NaN,200001,160,160.07871818083578,1707,0
A6_pda,-0.7153846153846154,-1.0320512820512822,false,160,160.07871849679023,-1,NaN,200001,160,160.07871819026118,1722,0
A6_pda,-0.6512820512820513,-1.0320512820512822,false,160,160.07871817963976,-1,NaN,200001,160,160.0787181998297,1719,0
A6_pda,-0.5871794871794872,-1.0320512820512822,false,160,160.0787174957568,-1,NaN,200001,160,160.0787182094751,1743,0
A6_pda,-0.5230769230769231,-1.0320512820512822,false,160,160.0787184970538,-1,NaN,200001,160,160.0787182191661,1674,0
A6_pda,-0.45897435897435895,-1.0320512820512822,false,160,160.07871809115923,-1,NaN,200001,160,160.07871822888654,1732,0
A6_pda,-0.39487179487179486,-1.0320512820512822,false,160,160.0787183493748,-1,NaN,200001,160,160.07871823862706,1703,0
A6_pda,-0.33076923076923076,-1.0320512820512822,false,160,160.078719423514,-1,NaN,200001,160,160.07871824838227,1699,0
A6_pda,-0.26666666666666666,-1.0320512820512822,false,160,160.07871868400784,-1,NaN,200001,160,160.0787182581479,1710,0
A6_pda,-0.20256410256410257,-1.0320512820512822,false,160,160.0787187146192,-1,NaN,200001,160,160.07871826792095,1679,0
A6_pda,-0.13846153846153847,-1.0320512820512822,false,160,160.07871883355511,-1,NaN,200001,160,160.0787182777009,1714,0
A6_pda,-0.07435897435897436,-1.0320512820512822,false,160,160.07871788702724,-1,NaN,200001,160,160.07871828748543,1676,0
A6_pda,-0.010256410256410256,-1.0320512820512822,false,160,160.07871850179188,-1,NaN,200001,160,160.07871829727412,1724,0
A6_pda,0.05384615384615385,-1.0320512820512822,false,160,160.07871867182158,-1,NaN,200001,160,160.0787183070662,1738,0
A6_pda,0.11794871794871795,-1.0320512820512822,false,160,160.07871896044253,-1,NaN,200001,160,160.07871831686063,1702,0
A6_pda,0.18205128205128204,-1.0320512820512822,false,160,160.0787187069274,-1,NaN,200001,160,160.07871832665757,1744,0
A6_pda,0.24615384615384617,-1.0320512820512822,false,160,160.07871833885105,-1,NaN,200001,160,160.07871833645635,1708,0
A6_pda,0.31025641025641026,-1.0320512820512822,false,160,160.07871869903383,-1,NaN,200001,160,160.0787183462565,1734,0
A6_pda,0.37435897435897436,-1.0320512820512822,false,160,160.0787184254333,-1,NaN,200001,160,160.07871835605843,1708,0
A6_pda,0.43846153846153846,-1.0320512820512822,false,160,160.07871713791522,-1,NaN,200001,160,160.0787183658612,1698,0
A6_pda,0.5025641025641026,-1.0320512820512822,false,160,160.07871889317073,-1,NaN,200001,160,160.07871837566532,1700,0
A6_pda,0.5666666666666667,-1.0320512820512822,false,160,160.0787185790802,-1,NaN,200001,160,160.0787183854703,1666,0
A6_pda,0.6307692307692307,-1.0320512820512822,false,160,160.07871872521804,-1,NaN,200001,160,160.07871839527596,1737,0
A6_pda,0.6948717948717948,-1.0320512820512822,false,160,160.07871860319875,-1,NaN,200001,160,160.07871840508247,1731,0
A6_pda,0.7589743589743589,-1.0320512820512822,false,160,160.0787191247771,-1,NaN,200001,160,160.0787184148894,1673,0
A6_pda,0.823076923076923,-1.0320512820512822,false,160,160.0787188915779,-1,NaN,200001,160,160.0787184246975,1737,0
A6_pda,0.8871794871794871,-1.0320512820512822,false,160,160.07871888440542,-1,NaN,200001,160,160.07871843450545,1678,0
A6_pda,0.9512820512820512,-1.0320512820512822,false,160,160.0787188849146,-1,NaN,200001,160,160.07871844431418,1713,0
A6_pda,1.0153846153846153,-1.0320512820512822,false,160,160.07871855953408,-1,NaN,200001,160,160.07871845412328,1710,0
A6_pda,1.0794871794871794,-1.0320512820512822,false,160,160.0787211845581,-1,NaN,200001,160,160.07871846393274,1722,0
A6_pda,1.1435897435897435,-1.0320512820512822,false,160,160.07871881052674,-1,NaN,200001,160,160.0787184737427,1680,0
A6_pda,1.2076923076923076,-1.0320512820512822,false,160,160.07871896051427,-1,NaN,200001,160,160.07871848355293,1713,0
A6_pda,1.2717948717948717,-1.0320512820512822,false,160,160.0787188198736,-1,NaN,200001,160,160.07871849336334,1688,0
A6_pda,1.3358974358974358,-1.0320512820512822,false,160,160.0787190317879,-1,NaN,200001,160,160.078718503174,1713,0
A6_pda,1.4,-1.0320512820512822,false,160,160.07871890111767,-1,NaN,200001,160,160.07871851298478,1698,0
A6_pda,-1.1,-0.9730769230769231,true,1,1.0763930821547505,-1,NaN,200001,1,1.0763930832303816,1689,1
A6_pda,-1.035897435897436,-0.9730769230769231,true,1,1.0763930926757048,-1,NaN,200001,1,1.0763930868203997,1716,1
A6_pda,-0.9717948717948718,-0.9730769230769231,true,0,0.07639312577190416,-1,NaN,200001,0,0.07639312141462806,1701,0
A6_pda,-0.9076923076923077,-0.9730769230769231,true,2,2.0763931046094513,-1,NaN,200001,2,2.076393122420955,1695,0
A6_pda,-0.8435897435897436,-0.9730769230769231,true,2,2.0763931117668797,-1,NaN,200001,2,2.076393131135977,1715,0
A6_pda,-0.7794871794871795,-0.9730769230769231,true,2,2.076393122253633,-1,NaN,200001,2,2.076393140836995,1750,0
A6_pda,-0.7153846153846154,-0.9730769230769231,true,2,2.0763931334456807,-1,NaN,200001,2,2.076393150857789,1667,0
A6_pda,-0.6512820512820513,-0.9730769230769231,true,2,2.07639314454444,-1,NaN,200001,2,2.076393161022016,1654,0
A6_pda,-0.5871794871794872,-0.9730769230769231,true,2,2.076393153589271,-1,NaN,200001,2,2.076393171262856,1637,0
A6_pda,-0.5230769230769231,-0.9730769230769231,true,2,2.076393164547419,-1,NaN,200001,2,2.0763931815494137,1739,0
A6_pda,-0.45897435897435895,-0.9730769230769231,true,2,2.0763931777953397,-1,NaN,200001,2,2.076393191865437,1637,0
A6_pda,-0.39487179487179486,-0.9730769230769231,true,2,2.0763931816603334,-1,NaN,200001,2,2.0763932022015665,1739,0
A6_pda,-0.33076923076923076,-0.9730769230769231,true,2,2.076393198175526,-1,NaN,200001,2,2.0763932125520213,1688,0
A6_pda,-0.26666666666666666,-0.9730769230769231,true,2,2.0763932073787403,-1,NaN,200001,2,2.0763932229130404,1705,0
A6_pda,-0.20256410256410257,-0.9730769230769231,true,2,2.076393219629185,-1,NaN,200001,2,2.0763932332820803,1649,0
A6_pda,-0.13846153846153847,-0.9730769230769231,true,2,2.0763932288775058,-1,NaN,200001,2,2.076393243657345,1692,0
A6_pda,-0.07435897435897436,-0.9730769230769231,true,2,2.076393238083594,-1,NaN,200001,2,2.076393254037545,1723,0
A6_pda,-0.010256410256410256,-0.9730769230769231,true,2,2.076393251004938,-1,NaN,200001,2,2.0763932644217196,1689,0
A6_pda,0.05384615384615385,-0.9730769230769231,true,2,2.0763932595769994,-1,NaN,200001,2,2.076393274809146,1713,0
A6_pda,0.11794871794871795,-0.9730769230769231,true,4,4.076393359413806,-1,NaN,200001,4,4.076393285199256,1721,0
A6_pda,0.18205128205128204,-0.9730769230769231,true,4,4.076393362035993,-1,NaN,200001,4,4.076393295591616,1674,0
A6_pda,0.24615384615384617,-0.9730769230769231,true,4,4.076393376727889,-1,NaN,200001,4,4.076393305985889,1725,0
A6_pda,0.31025641025641026,-0.9730769230769231,true,4,4.076393382515912,-1,NaN,200001,4,4.076393316381783,1726,0
A6_pda,0.37435897435897436,-0.9730769230769231,true,4,4.076393392100839,-1,NaN,200001,4,4.076393326779064,1700,0
A6_pda,0.43846153846153846,-0.9730769230769231,true,4,4.076393401581021,-1,NaN,200001,4,4.076393337177569,1664,0
A6_pda,0.5025641025641026,-0.9730769230769231,true,4,4.076393414568189,-1,NaN,200001,4,4.076393347577125,1689,0
A6_pda,0.5666666666666667,-0.9730769230769231,true,4,4.0763934216212565,-1,NaN,200001,4,4.076393357977594,1712,0
A6_pda,0.6307692307692307,-0.9730769230769231,true,4,4.076393433225205,-1,NaN,200001,4,4.076393368378881,1718,0
A6_pda,0.6948717948717948,-0.9730769230769231,true,4,4.076393274637132,-1,NaN,200001,4,4.076393378780904,1675,0
A6_pda,0.7589743589743589,-0.9730769230769231,true,4,4.0763934541709865,-1,NaN,200001,4,4.076393389183557,1738,0
A6_pda,0.823076923076923,-0.9730769230769231,true,4,4.07639346377736,-1,NaN,200001,4,4.076393399586783,1702,0
A6_pda,0.8871794871794871,-0.9730769230769231,true,4,4.076393477080466,-1,NaN,200001,4,4.076393409990528,1699,0
A6_pda,0.9512820512820512,-0.9730769230769231,true,4,4.076393482277572,-1,NaN,200001,4,4.076393420394738,1697,0
A6_pda,1.0153846153846153,-0.9730769230769231,true,4,4.076393485524489,-1,NaN,200001,4,4.07639343079937,1689,0
A6_pda,1.0794871794871794,-0.9730769230769231,true,4,4.076393506467216,-1,NaN,200001,4,4.076393441204389,1697,0
A6_pda,1.1435897435897435,-0.9730769230769231,true,4,4.076393516755236,-1,NaN,200001,4,4.0763934516097535,1728,0
A6_pda,1.2076923076923076,-0.9730769230769231,true,4,4.076393528602678,-1,NaN,200001,4,4.07639346201542,1717,0
A6_pda,1.2717948717948717,-0.9730769230769231,true,4,4.07639353290258,-1,NaN,200001,4,4.07639347242139,1630,0
A6_pda,1.3358974358974358,-0.9730769230769231,true,4,4.076393546210795,-1,NaN,200001,4,4.076393482827626,1703,0
A6_pda,1.4,-0.9730769230769231,true,4,4.076393557962078,-1,NaN,200001,4,4.076393493234081,1715,0
A6_pda,-1.1,-0.9141025641025641,true,1,1.0739249178222232,-1,NaN,200001,1,1.0739249073250166,1299,1
A6_pda,-1.035897435897436,-0.9141025641025641,true,1,1.073924930090281,-1,NaN,200001,1,1.073924911565172,1261,1
A6_pda,-0.9717948717948718,-0.9141025641025641,true,0,0.0739249336715414,-1,NaN,200001,0,0.07392494680953376,1243,0
A6_pda,-0.9076923076923077,-0.9141025641025641,true,0,0.07392495371296637,-1,NaN,200001,0,0.07392494846600028,1261,0
A6_pda,-0.8435897435897436,-0.9141025641025641,true,2,2.073924917028963,-1,NaN,200001,2,2.0739249578311627,1279,0
A6_pda,-0.7794871794871795,-0.9141025641025641,true,2,2.073924929463373,-1,NaN,200001,2,2.0739249681823146,1270,0
A6_pda,-0.7153846153846154,-0.9141025641025641,true,2,2.0739249413192975,-1,NaN,200001,2,2.073924978853244,1287,0
A6_pda,-0.6512820512820513,-0.9141025641025641,true,2,2.0739249573881113,-1,NaN,200001,2,2.073924989667607,1267,0
A6_pda,-0.5871794871794872,-0.9141025641025641,true,2,2.0739249657587395,-1,NaN,200001,2,2.073925000558579,1293,0
A6_pda,-0.5230769230769231,-0.9141025641025641,true,2,2.073924983127715,-1,NaN,200001,2,2.073925011495271,1260,0
A6_pda,-0.45897435897435895,-0.9141025641025641,true,2,2.073924993904633,-1,NaN,200001,2,2.0739250224614305,1275,0
A6_pda,-0.39487179487179486,-0.9141025641025641,true,2,2.073925000640082,-1,NaN,200001,2,2.0739250334476953,1242,0
A6_pda,-0.33076923076923076,-0.9141025641025641,true,2,2.073925014678805,-1,NaN,200001,2,2.073925044448281,1239,0
A6_pda,-0.26666666666666666,-0.9141025641025641,true,2,2.073925027573536,-1,NaN,200001,2,2.073925055459435,1292,0
A6_pda,-0.20256410256410257,-0.9141025641025641,true,2,2.073925039578905,-1,NaN,200001,2,2.073925066478608,1254,0
A6_pda,-0.13846153846153847,-0.9141025641025641,true,2,2.0739250486664162,-1,NaN,200001,2,2.0739250775040095,1256,0
A6_pda,-0.07435897435897436,-0.9141025641025641,true,2,2.0739250593447762,-1,NaN,200001,2,2.073925088534342,1251,0
A6_pda,-0.010256410256410256,-0.9141025641025641,true,2,2.073925069768924,-1,NaN,200001,2,2.0739250995686485,1267,0
A6_pda,0.05384615384615385,-0.9141025641025641,true,2,2.0739250816849304,-1,NaN,200001,2,2.073925110606206,1287,0
A6_pda,0.11794871794871795,-0.9141025641025641,true,2,2.073925090076391,-1,NaN,200001,2,2.073925121646453,1302,0
A6_pda,0.18205128205128204,-0.9141025641025641,true,2,2.0739251004973465,-1,NaN,200001,2,2.073925132688946,1260,0
A6_pda,0.24615384615384617,-0.9141025641025641,true,2,2.0739251137694326,-1,NaN,200001,2,2.073925143733347,1253,0
A6_pda,0.31025641025641026,-0.9141025641025641,true,2,2.073925126848302,-1,NaN,200001,2,2.073925154779369,1256,0
A6_pda,0.37435897435897436,-0.9141025641025641,true,2,2.073925139264019,-1,NaN,200001,2,2.073925165826787,1245,0
A6_pda,0.43846153846153846,-0.9141025641025641,true,2,2.073925148391517,-1,NaN,200001,2,2.0739251768754174,1255,0
A6_pda,0.5025641025641026,-0.9141025641025641,true,2,2.0739251525255105,-1,NaN,200001,2,2.0739251879251004,1271,0
A6_pda,0.5666666666666667,-0.9141025641025641,true,2,2.0739251750873633,-1,NaN,200001,2,2.0739251989757044,1266,0
A6_pda,0.6307692307692307,-0.9141025641025641,true,2,2.0739251765269264,-1,NaN,200001,2,2.0739252100271255,1298,0
A6_pda,0.6948717948717948,-0.9141025641025641,true,2,2.073925192919009,-1,NaN,200001,2,2.0739252210792705,1276,0
A6_pda,0.7589743589743589,-0.9141025641025641,true,2,2.0739252067784317,-1,NaN,200001,2,2.073925232132055,1237,0
A6_pda,0.823076923076923,-0.9141025641025641,true,2,2.0739252143075158,-1,NaN,200001,2,2.073925243185414,1251,0
A6_pda,0.8871794871794871,-0.9141025641025641,true,2,2.073925221262156,-1,NaN,200001,2,2.073925254239292,1251,0
A6_pda,0.9512820512820512,-0.9141025641025641,true,2,2.073925232264984,-1,NaN,200001,2,2.0739252652936324,1248,0
A6_pda,1.0153846153846153,-0.9141025641025641,true,2,2.0739252461108793,-1,NaN,200001,2,2.073925276348391,1250,0
A6_pda,1.0794871794871794,-0.9141025641025641,true,2,2.0739252591980075,-1,NaN,200001,2,2.0739252874035317,1254,0
A6_pda,1.1435897435897435,-0.9141025641025641,true,2,2.073925272439631,-1,NaN,200001,2,2.0739252984590246,1250,0
A6_pda,1.2076923076923076,-0.9141025641025641,true,2,2.0739251533941205,-1,NaN,200001,2,2.073925309514825,1267,0
A6_pda,1.2717948717948717,-0.9141025641025641,true,2,2.0739252885516333,-1,NaN,200001,2,2.073925320570922,1269,0
A6_pda,1.3358974358974358,-0.9141025641025641,true,2,2.073925302921702,-1,NaN,200001,2,2.0739253316272763,1237,0
A6_pda,1.4,-0.9141025641025641,true,2,2.0739253094880583,-1,NaN,200001,2,2.0739253426838795,1281,0
A6_pda,-1.1,-0.8551282051282051,true,1,1.0713002917858039,-1,NaN,200001,1,1.071300287767847,1133,1
A6_pda,-1.035897435897436,-0.8551282051282051,true,1,1.071300302538998,-1,NaN,200001,1,1.0713002927194426,1165,1
A6_pda,-0.9717948717948718,-0.8551282051282051,true,0,0.07130031148790517,-1,NaN,200001,0,0.0713003286752456,1169,0
A6_pda,-0.9076923076923077,-0.8551282051282051,true,0,0.07130032366256578,-1,NaN,200001,0,0.07130033104314815,1149,0
A6_pda,-0.8435897435897436,-0.8551282051282051,true,0,0.07130033530725155,-1,NaN,200001,0,0.07130034111974759,1119,0
A6_pda,-0.7794871794871795,-0.8551282051282051,true,2,2.071300344446865,-1,NaN,200001,2,2.071300352182339,1159,0
A6_pda,-0.7153846153846154,-0.8551282051282051,true,2,2.0713003561028196,-1,NaN,200001,2,2.0713003635647116,1132,0
A6_pda,-0.6512820512820513,-0.8551282051282051,true,2,2.071300368252445,-1,NaN,200001,2,2.0713003750905106,1206,0
A6_pda,-0.5871794871794872,-0.8551282051282051,true,2,2.0713003789536497,-1,NaN,200001,2,2.0713003866929225,1163,0
A6_pda,-0.5230769230769231,-0.8551282051282051,true,2,2.071300391374349,-1,NaN,200001,2,2.071300398341053,1162,0
A6_pda,-0.45897435897435895,-0.8551282051282051,true,2,2.071300403448678,-1,NaN,200001,2,2.071300410018652,1151,0
A6_pda,-0.39487179487179486,-0.8551282051282051,true,2,2.0713004148266556,-1,NaN,200001,2,2.0713004217163498,1207,0
A6_pda,-0.33076923076923076,-0.8551282051282051,true,2,2.071300426628017,-1,NaN,200001,2,2.0713004334283753,1180,0
A6_pda,-0.26666666666666666,-0.8551282051282051,true,2,2.0713004385286324,-1,NaN,200001,2,2.0713004451509667,1172,0
A6_pda,-0.20256410256410257,-0.8551282051282051,true,2,2.0713004503440224,-1,NaN,200001,2,2.071300456881576,1165,0
A6_pda,-0.13846153846153847,-0.8551282051282051,true,2,2.0713004620037463,-1,NaN,200001,2,2.0713004686184124,1160,0
A6_pda,-0.07435897435897436,-0.8551282051282051,true,2,2.07130047379625,-1,NaN,200001,2,2.071300480360183,1179,0
A6_pda,-0.010256410256410256,-0.8551282051282051,true,2,2.0713004855614248,-1,NaN,200001,2,2.071300492105923,1157,0
A6_pda,0.05384615384615385,-0.8551282051282051,true,2,2.0713004976623313,-1,NaN,200001,2,2.071300503854916,1158,0
A6_pda,0.11794871794871795,-0.8551282051282051,true,2,2.071300509941536,-1,NaN,200001,2,2.0713005156065964,1178,0
A6_pda,0.18205128205128204,-0.8551282051282051,true,2,2.0713005211635367,-1,NaN,200001,2,2.0713005273605285,1184,0
A6_pda,0.24615384615384617,-0.8551282051282051,true,2,2.0713005328487712,-1,NaN,200001,2,2.0713005391163613,1166,0
A6_pda,0.31025641025641026,-0.8551282051282051,true,2,2.071300544685828,-1,NaN,200001,2,2.0713005508738203,1169,0
A6_pda,0.37435897435897436,-0.8551282051282051,true,2,2.0713005561041893,-1,NaN,200001,2,2.071300562632672,1177,0
A6_pda,0.43846153846153846,-0.8551282051282051,true,2,2.071300568218299,-1,NaN,200001,2,2.0713005743927333,1140,0
A6_pda,0.5025641025641026,-0.8551282051282051,true,2,2.071300580829092,-1,NaN,200001,2,2.0713005861538503,1159,0
A6_pda,0.5666666666666667,-0.8551282051282051,true,2,2.071300591830177,-1,NaN,200001,2,2.07130059791589,1145,0
A6_pda,0.6307692307692307,-0.8551282051282051,true,2,2.071300603496544,-1,NaN,200001,2,2.071300609678741,1135,0
A6_pda,0.6948717948717948,-0.8551282051282051,true,2,2.07130061505375,-1,NaN,200001,2,2.0713006214423193,1160,0
A6_pda,0.7589743589743589,-0.8551282051282051,true,2,2.071300626350634,-1,NaN,200001,2,2.0713006332065333,1156,0
A6_pda,0.823076923076923,-0.8551282051282051,true,2,2.071300638587682,-1,NaN,200001,2,2.0713006449713234,1174,0
A6_pda,0.8871794871794871,-0.8551282051282051,true,2,2.0713006507230065,-1,NaN,200001,2,2.0713006567366343,1157,0
A6_pda,0.9512820512820512,-0.8551282051282051,true,2,2.071300662724844,-1,NaN,200001,2,2.071300668502406,1159,0
A6_pda,1.0153846153846153,-0.8551282051282051,true,2,2.0713006734865935,-1,NaN,200001,2,2.0713006802685987,1141,0
A6_pda,1.0794871794871794,-0.8551282051282051,true,2,2.071300685684653,-1,NaN,200001,2,2.071300692035171,1160,0
A6_pda,1.1435897435897435,-0.8551282051282051,true,2,2.071300697430921,-1,NaN,200001,2,2.07130070380209,1182,0
A6_pda,1.2076923076923076,-0.8551282051282051,true,2,2.071300709024177,-1,NaN,200001,2,2.0713007155693246,1164,0
A6_pda,1.2717948717948717,-0.8551282051282051,true,2,2.071300721405602,-1,NaN,200001,2,2.0713007273368476,1152,0
A6_pda,1.3358974358974358,-0.8551282051282051,true,2,2.0713007330729485,-1,NaN,200001,2,2.0713007391046347,1187,0
A6_pda,1.4,-0.8551282051282051,true,2,2.0713007445558915,-1,NaN,200001,2,2.071300750872666,1115,0
A6_pda,-1.1,-0.7961538461538461,true,1,1.0685042695124243,-1,NaN,200001,1,1.0685042570269787,1039,1
A6_pda,-1.035897435897436,-0.7961538461538461,true,1,1.0685042828915186,-1,NaN,200001,1,1.0685042627590504,1041,1
A6_pda,-0.9717948717948718,-0.7961538461538461,true,0,0.0685042846327325,-1,NaN,200001,0,0.06850429949532577,1034,0
A6_pda,-0.9076923076923077,-0.7961538461538461,true,0,0.0685042971069082,-1,NaN,200001,0,0.06850430264370744,1048,0
A6_pda,-0.8435897435897436,-0.7961538461538461,true,0,0.06850430986055045,-1,NaN,200001,0,0.06850431350077879,1033,0
A6_pda,-0.7794871794871795,-0.7961538461538461,true,0,0.06850432235850878,-1,NaN,200001,0,0.06850432534384687,1045,0
A6_pda,-0.7153846153846154,-0.7961538461538461,true,2,2.068504331233412,-1,NaN,200001,2,2.0685043375066883,1030,0
A6_pda,-0.6512820512820513,-0.7961538461538461,true,2,2.068504345929301,-1,NaN,200001,2,2.0685043498129607,1043,0
A6_pda,-0.5871794871794872,-0.7961538461538461,true,2,2.068504357922167,-1,NaN,200001,2,2.0685043621958474,1039,0
A6_pda,-0.5230769230769231,-0.7961538461538461,true,2,2.0685043697889265,-1,NaN,200001,2,2.068504374624451,1042,0
A6_pda,-0.45897435897435895,-0.7961538461538461,true,2,2.068504382417,-1,NaN,200001,2,2.068504387082521,1013,0
A6_pda,-0.39487179487179486,-0.7961538461538461,true,2,2.068504394972506,-1,NaN,200001,2,2.0685043995606955,1036,0
A6_pda,-0.33076923076923076,-0.7961538461538461,true,2,2.0685044065193563,-1,NaN,200001,2,2.0685044120531857,1030,0
A6_pda,-0.26666666666666666,-0.7961538461538461,true,2,2.0685044194506625,-1,NaN,200001,2,2.0685044245562523,1038,0
A6_pda,-0.20256410256410257,-0.7961538461538461,true,2,2.0685044338145797,-1,NaN,200001,2,2.0685044370673307,1037,0
A6_pda,-0.13846153846153847,-0.7961538461538461,true,2,2.0685044451700723,-1,NaN,200001,2,2.068504449584638,1036,0
A6_pda,-0.07435897435897436,-0.7961538461538461,true,2,2.068504457052561,-1,NaN,200001,2,2.068504462106879,1003,0
A6_pda,-0.010256410256410256,-0.7961538461538461,true,2,2.0685044701631634,-1,NaN,200001,2,2.068504474633093,1028,0
A6_pda,0.05384615384615385,-0.7961538461538461,true,2,2.068504482027885,-1,NaN,200001,2,2.0685044871625546,1031,0
A6_pda,0.11794871794871795,-0.7961538461538461,true,2,2.06850449610487,-1,NaN,200001,2,2.0685044996947024,1043,0
A6_pda,0.18205128205128204,-0.7961538461538461,true,2,2.068504509044565,-1,NaN,200001,2,2.0685045122291044,1017,0
A6_pda,0.24615384615384617,-0.7961538461538461,true,2,2.068504522198083,-1,NaN,200001,2,2.0685045247654066,1023,0
A6_pda,0.31025641025641026,-0.7961538461538461,true,2,2.068504532546734,-1,NaN,200001,2,2.068504537303334,1036,0
A6_pda,0.37435897435897436,-0.7961538461538461,true,2,2.0685045445706063,-1,NaN,200001,2,2.068504549842655,1039,0
A6_pda,0.43846153846153846,-0.7961538461538461,true,2,2.068504556778226,-1,NaN,200001,2,2.0685045623831875,1016,0
A6_pda,0.5025641025641026,-0.7961538461538461,true,2,2.0685045711431655,-1,NaN,200001,2,2.068504574924768,1042,0
A6_pda,0.5666666666666667,-0.7961538461538461,true,2,2.0685045844765435,-1,NaN,200001,2,2.068504587467274,1040,0
A6_pda,0.6307692307692307,-0.7961538461538461,true,2,2.068504595285385,-1,NaN,200001,2,2.068504600010594,1036,0
A6_pda,0.6948717948717948,-0.7961538461538461,true,2,2.068504608106843,-1,NaN,200001,2,2.06850461255464,1035,0
A6_pda,0.7589743589743589,-0.7961538461538461,true,2,2.068504620564445,-1,NaN,200001,2,2.0685046250993193,1035,0
A6_pda,0.823076923076923,-0.7961538461538461,true,2,2.0685046332739816,-1,NaN,200001,2,2.068504637644583,1036,0
A6_pda,0.8871794871794871,-0.7961538461538461,true,2,2.0685046469431683,-1,NaN,200001,2,2.068504650190354,1026,0
A6_pda,0.9512820512820512,-0.7961538461538461,true,2,2.0685046590594007,-1,NaN,200001,2,2.06850466273659,1032,0
A6_pda,1.0153846153846153,-0.7961538461538461,true,2,2.068504671520537,-1,NaN,200001,2,2.068504675283246,1013,0
A6_pda,1.0794871794871794,-0.7961538461538461,true,2,2.068504683496905,-1,NaN,200001,2,2.0685046878302824,1030,0
A6_pda,1.1435897435897435,-0.7961538461538461,true,2,2.0685046966032647,-1,NaN,200001,2,2.0685047003776686,1022,0
A6_pda,1.2076923076923076,-0.7961538461538461,true,2,2.0685047092393987,-1,NaN,200001,2,2.0685047129253658,1031,0
A6_pda,1.2717948717948717,-0.7961538461538461,true,2,2.0685047214290915,-1,NaN,200001,2,2.0685047254733506,1037,0
A6_pda,1.3358974358974358,-0.7961538461538461,true,2,2.0685047350133003,-1,NaN,200001,2,2.0685047380216055,1028,0
A6_pda,1.4,-0.7961538461538461,true,2,2.0685047480286474,-1,NaN,200001,2,2.068504750570102,1015,0
A6_pda,-1.1,-0.7371794871794872,true,1,1.0655199408074423,1,0.9951702463808686,187782,1,1.0655199332877248,922,1
A6_pda,-1.035897435897436,-0.7371794871794872,true,1,1.065519954419455,1,0.9951702395599218,187446,1,1.0655199398782558,907,1
A6_pda,-0.9717948717948718,-0.7371794871794872,true,0,0.06551996638826418,0,-0.004829736256828587,187463,0,0.06551997747299154,940,0
A6_pda,-0.9076923076923077,-0.7371794871794872,true,0,0.06551998008218096,0,-0.004829745661462104,187393,0,0.06551998147982785,927,0
A6_pda,-0.8435897435897436,-0.7371794871794872,true,0,0.06551999323265245,0,-0.0048297473573957195,187401,0,0.06551999319535973,968,0
A6_pda,-0.7794871794871795,-0.7371794871794872,true,0,0.0655200066606767,0,-0.004829748067356698,187217,0,0.06552000589688245,951,0
A6_pda,-0.7153846153846154,-0.7371794871794872,true,0,0.06552002029511073,0,-0.004829748457516159,187422,0,0.06552001891818271,929,0
A6_pda,-0.6512820512820513,-0.7371794871794872,true,2,2.065520034909037,2,1.9951702512957763,187613,2,2.0655200320829152,920,0
A6_pda,-0.5871794871794872,-0.7371794871794872,true,2,2.0655200485813614,2,1.9951702511256593,187762,2,2.0655200453242557,926,0
A6_pda,-0.5230769230769231,-0.7371794871794872,true,2,2.065520060623185,2,1.9951702510013014,187725,2,2.0655200586113143,965,0
A6_pda,-0.45897435897435895,-0.7371794871794872,true,2,2.0655200770392304,2,1.9951702509063538,187568,2,2.0655200719278404,926,0
A6_pda,-0.39487179487179486,-0.7371794871794872,true,2,2.0655200885025478,2,1.9951702508315423,187740,2,2.0655200852644677,962,0
A6_pda,-0.33076923076923076,-0.7371794871794872,true,2,2.0655201007675243,2,1.9951702507710496,187215,2,2.065520098615418,918,0
A6_pda,-0.26666666666666666,-0.7371794871794872,true,2,2.0655201141878896,2,1.995170250721158,187531,2,2.0655201119769355,954,0
A6_pda,-0.20256410256410257,-0.7371794871794872,true,2,2.065520128657991,2,1.9951702506792608,187570,2,2.0655201253464694,934,0
A6_pda,-0.13846153846153847,-0.7371794871794872,true,2,2.06552014205222,2,1.9951702506435796,187373,2,2.0655201387222295,966,0
A6_pda,-0.07435897435897436,-0.7371794871794872,true,2,2.0655201549695734,2,1.995170250612874,187716,2,2.0655201521029234,945,0
A6_pda,-0.010256410256410256,-0.7371794871794872,true,2,2.065520170027766,2,1.995170250586117,187695,2,2.0655201654875883,954,0
A6_pda,0.05384615384615385,-0.7371794871794872,true,2,2.065520182080953,2,1.9951702505626092,187652,2,2.065520178875505,925,0
A6_pda,0.11794871794871795,-0.7371794871794872,true,2,2.0655201968752177,2,1.9951702505417817,187581,2,2.0655201922661046,948,0
A6_pda,0.18205128205128204,-0.7371794871794872,true,2,2.0655202093648537,2,1.9951702505232332,187651,2,2.065520205658957,948,0
A6_pda,0.24615384615384617,-0.7371794871794872,true,2,2.065520223099428,2,1.9951702505065856,187951,2,2.0655202190537136,932,0
A6_pda,0.31025641025641026,-0.7371794871794872,true,2,2.065520235549484,2,1.995170250491586,187628,2,2.0655202324500914,939,0
A6_pda,0.37435897435897436,-0.7371794871794872,true,2,2.0655202496935527,2,1.9951702504779445,187748,2,2.0655202458478636,898,0
A6_pda,0.43846153846153846,-0.7371794871794872,true,2,2.065520262982661,2,1.9951702504655384,187708,2,2.065520259246842,918,0
A6_pda,0.5025641025641026,-0.7371794871794872,true,2,2.065520275567489,2,1.9951702504542004,187430,2,2.065520272646876,953,0
A6_pda,0.5666666666666667,-0.7371794871794872,true,2,2.0655202886063346,2,1.9951702504437763,187216,2,2.0655202860478337,935,0
A6_pda,0.6307692307692307,-0.7371794871794872,true,2,2.0655203014536143,2,1.9951702504341458,187440,2,2.0655202994496054,912,0
A6_pda,0.6948717948717948,-0.7371794871794872,true,2,2.0655203169387257,2,1.9951702504252629,187968,2,2.065520312852096,958,0
A6_pda,0.7589743589743589,-0.7371794871794872,true,2,2.0655203291360653,2,1.9951702504170357,187731,2,2.0655203262552275,925,0
A6_pda,0.823076923076923,-0.7371794871794872,true,2,2.0655203439812886,2,1.9951702504093776,187498,2,2.065520339658934,945,0
A6_pda,0.8871794871794871,-0.7371794871794872,true,2,2.065520357130392,2,1.9951702504022428,187495,2,2.065520353063156,949,0
A6_pda,0.9512820512820512,-0.7371794871794872,true,2,2.0655203689390214,2,1.9951702503955617,187793,2,2.065520366467842,950,0
A6_pda,1.0153846153846153,-0.7371794871794872,true,2,2.065520383296448,2,1.995170250389319,187805,2,2.065520379872945,911,0
A6_pda,1.0794871794871794,-0.7371794871794872,true,2,2.0655203974934118,2,1.995170250383413,187825,2,2.0655203932784287,942,0
A6_pda,1.1435897435897435,-0.7371794871794872,true,2,2.065520410827669,2,1.9951702503779445,187858,2,2.06552040668426,924,0
A6_pda,1.2076923076923076,-0.7371794871794872,true,2,2.0655204240674054,2,1.9951702503727369,187894,2,2.065520420090402,927,0
A6_pda,1.2717948717948717,-0.7371794871794872,true,2,2.0655204372614753,2,1.9951702503678135,187281,2,2.065520433496834,949,0
A6_pda,1.3358974358974358,-0.7371794871794872,true,2,2.0655204500737065,2,1.9951702503632038,187606,2,2.065520446903533,938,0
A6_pda,1.4,-0.7371794871794872,true,2,2.0655204645415655,2,1.995170250358803,187589,2,2.065520460310472,955,0
A6_pda,-1.1,-0.6782051282051282,true,1,1.062328223208245,1,0.9954005070654068,143618,1,1.062328215411167,710,1
A6_pda,-1.035897435897436,-0.6782051282051282,true,1,1.0623282376520131,1,0.9954005002444576,143652,1,1.0623282229485314,735,1
A6_pda,-0.9717948717948718,-0.6782051282051282,true,0,0.06232825232568395,0,-0.004599475572292455,143942,0,0.06232826149010007,728,0
A6_pda,-0.9076923076923077,-0.6782051282051282,true,0,0.06232826664347957,0,-0.004599484976918422,143442,0,0.0623282664437701,716,0
A6_pda,-0.8435897435897436,-0.6782051282051282,true,0,0.06232828090997955,0,-0.0045994866728604755,143650,0,0.06232827910613459,724,0
A6_pda,-0.7794871794871795,-0.6782051282051282,true,0,0.062328295289536984,0,-0.004599487382823897,144000,0,0.06232829275448992,746,0
A6_pda,-0.7153846153846154,-0.6782051282051282,true,0,0.062328309876565235,0,-0.004599487772980471,143940,0,0.062328306722622795,729,0
A6_pda,-0.6512820512820513,-0.6782051282051282,true,0,0.06232832401847288,0,-0.004599488019700004,143996,0,0.06232832083418349,761,0
A6_pda,-0.5871794871794872,-0.6782051282051282,true,2,2.0623283301464044,2,1.9954005118101943,143415,2,2.062328335022359,751,0
A6_pda,-0.5230769230769231,-0.6782051282051282,true,2,2.062328344046172,2,1.9954005116858085,143998,2,2.062328349256248,731,0
A6_pda,-0.45897435897435895,-0.6782051282051282,true,2,2.0623283583196583,2,1.9954005115908757,143879,2,2.062328363519603,746,0
A6_pda,-0.39487179487179486,-0.6782051282051282,true,2,2.062328373363747,2,1.9954005115160625,143616,2,2.0623283778030617,748,0
A6_pda,-0.33076923076923076,-0.6782051282051282,true,2,2.062328387599689,2,1.995400511455591,143865,2,2.0623283921008397,698,0
A6_pda,-0.26666666666666666,-0.6782051282051282,true,2,2.0623284021439967,2,1.9954005114056663,143801,2,2.062328406409187,728,0
A6_pda,-0.20256410256410257,-0.6782051282051282,true,2,2.062328415214898,2,1.9954005113637416,143487,2,2.0623284207255486,720,0
A6_pda,-0.13846153846153847,-0.6782051282051282,true,2,2.0623284296853575,2,1.9954005113281217,144208,2,2.062328435048139,734,0
A6_pda,-0.07435897435897436,-0.6782051282051282,true,2,2.0623284437381626,2,1.9954005112973356,144019,2,2.0623284493756584,723,0
A6_pda,-0.010256410256410256,-0.6782051282051282,true,2,2.0623284588430733,2,1.9954005112706308,143700,2,2.0623284637071544,731,0
A6_pda,0.05384615384615385,-0.6782051282051282,true,2,2.0623284725494635,2,1.995400511247122,143661,2,2.0623284780418953,723,0
A6_pda,0.11794871794871795,-0.6782051282051282,true,2,2.0623284868702667,2,1.9954005112263216,143953,2,2.062328492379324,745,0
A6_pda,0.18205128205128204,-0.6782051282051282,true,2,2.062328501169856,2,1.9954005112077522,144199,2,2.062328506719002,714,0
A6_pda,0.24615384615384617,-0.6782051282051282,true,2,2.0623285155583932,2,1.9954005111910824,143874,2,2.062328521060584,723,0
A6_pda,0.31025641025641026,-0.6782051282051282,true,2,2.062328529567056,2,1.9954005111760944,143741,2,2.062328535403787,715,0
A6_pda,0.37435897435897436,-0.6782051282051282,true,2,2.062328546373797,2,1.9954005111624533,143562,2,2.0623285497483854,734,0
A6_pda,0.43846153846153846,-0.6782051282051282,true,2,2.062328558151191,2,1.9954005111500726,143884,2,2.06232856409419,693,0
A6_pda,0.5025641025641026,-0.6782051282051282,true,2,2.0623285730083385,2,1.9954005111386786,143657,2,2.062328578441048,726,0
A6_pda,0.5666666666666667,-0.6782051282051282,true,2,2.062328587351033,2,1.9954005111282525,143832,2,2.062328592788827,753,0
A6_pda,0.6307692307692307,-0.6782051282051282,true,2,2.0623286037181874,2,1.995400511118639,144121,2,2.0623286071374207,747,0
A6_pda,0.6948717948717948,-0.6782051282051282,true,2,2.062328615801763,2,1.9954005111097648,143454,2,2.062328621486734,728,0
A6_pda,0.7589743589743589,-0.6782051282051282,true,2,2.062328630676644,2,1.9954005111015551,143879,2,2.062328635836691,707,0
A6_pda,0.823076923076923,-0.6782051282051282,true,2,2.0623286470485818,2,1.995400511093869,143594,2,2.0623286501872196,730,0
A6_pda,0.8871794871794871,-0.6782051282051282,true,2,2.0623286583833025,2,1.9954005110867299,143615,2,2.0623286645382617,730,0
A6_pda,0.9512820512820512,-0.6782051282051282,true,2,2.062328672609805,2,1.995400511080045,144158,2,2.0623286788897697,738,0
A6_pda,1.0153846153846153,-0.6782051282051282,true,2,2.062328687881503,2,1.9954005110737918,143883,2,2.0623286932416947,730,0
A6_pda,1.0794871794871794,-0.6782051282051282,true,2,2.0623287019184806,2,1.9954005110679196,144150,2,2.062328707593999,712,0
A6_pda,1.1435897435897435,-0.6782051282051282,true,2,2.0623287166274427,2,1.9954005110624102,143864,2,2.062328721946648,730,0
A6_pda,1.2076923076923076,-0.6782051282051282,true,2,2.0623287300531707,2,1.9954005110572135,143535,2,2.062328736299611,727,0
A6_pda,1.2717948717948717,-0.6782051282051282,true,2,2.062328745220896,2,1.9954005110522994,143981,2,2.062328750652864,712,0
A6_pda,1.3358974358974358,-0.6782051282051282,true,2,2.0623287582995724,2,1.9954005110476745,143659,2,2.06232876500638,704,0
A6_pda,1.4,-0.6782051282051282,true,2,2.062328772394012,2,1.9954005110432764,144078,2,2.0623287793601364,736,0
A6_pda,-1.1,-0.6192307692307693,true,1,1.0589074298676673,1,0.9956475392236428,127332,1,1.0589074203094795,644,1
A6_pda,-1.035897435897436,-0.6192307692307693,true,1,1.058907445297062,1,0.9956475324026866,127334,1,1.058907428894163,646,1
A6_pda,-0.9717948717948718,-0.6192307692307693,true,0,0.05890747106957994,0,-0.004352443414073814,127337,0,0.05890746848305006,649,0
A6_pda,-0.9076923076923077,-0.6192307692307693,true,0,0.05890748550388192,0,-0.004352452818690455,127339,0,0.05890747448403888,651,0
A6_pda,-0.8435897435897436,-0.6192307692307693,true,0,0.0589075010080472,0,-0.00435245451465649,127332,0,0.05890748819372227,644,0
A6_pda,-0.7794871794871795,-0.6192307692307693,true,0,0.05890751121500115,0,-0.0043524552245872705,127334,0,0.05890750288939439,646,0
A6_pda,-0.7153846153846154,-0.6192307692307693,true,0,0.058907531970649574,0,-0.004352455614745621,127336,0,0.058907517904845275,648,0
A6_pda,-0.6512820512820513,-0.6192307692307693,true,0,0.05890754993337355,0,-0.004352455861485138,127337,0,0.05890753306372398,649,0
A6_pda,-0.5871794871794872,-0.6192307692307693,true,0,0.05890755946037207,0,-0.0043524560315952865,127349,0,0.0589075482992123,661,0
A6_pda,-0.5230769230769231,-0.6192307692307693,true,2,2.058907558331959,2,1.9956475438440082,127339,2,2.058907563580421,651,0
A6_pda,-0.45897435897435895,-0.6192307692307693,true,2,2.05890757623275,2,1.9956475437491072,127347,2,2.058907578891091,659,0
A6_pda,-0.39487179487179486,-0.6192307692307693,true,2,2.058907588114459,2,1.9956475436742678,127334,2,2.058907594221863,646,0
A6_pda,-0.33076923076923076,-0.6192307692307693,true,2,2.0589076053406656,2,1.995647543613777,127342,2,2.0589076095669583,654,0
A6_pda,-0.26666666666666666,-0.6192307692307693,true,2,2.0589076209630712,2,1.9956475435638632,127336,2,2.05890762492262,648,0
A6_pda,-0.20256410256410257,-0.6192307692307693,true,2,2.0589076382444027,2,1.9956475435219416,127334,2,2.0589076402862947,646,0
A6_pda,-0.13846153846153847,-0.6192307692307693,true,2,2.058907652980275,2,1.995647543486303,127335,2,2.058907655656197,647,0
A6_pda,-0.07435897435897436,-0.6192307692307693,true,2,2.0589076697170663,2,1.995647543455569,127333,2,2.0589076710310303,645,0
A6_pda,-0.010256410256410256,-0.6192307692307693,true,2,2.0589076870465988,2,1.9956475434288161,127334,2,2.0589076864098375,646,0
A6_pda,0.05384615384615385,-0.6192307692307693,true,2,2.058907698787582,2,1.9956475434052892,127332,2,2.058907701791891,644,0
A6_pda,0.11794871794871795,-0.6192307692307693,true,2,2.058907713894087,2,1.9956475433845013,127339,2,2.05890771717663,651,0
A6_pda,0.18205128205128204,-0.6192307692307693,true,2,2.058907730245023,2,1.995647543365927,127333,2,2.0589077325636196,645,0
A6_pda,0.24615384615384617,-0.6192307692307693,true,2,2.058907745280865,2,1.9956475433492944,127332,2,2.058907747952511,644,0
A6_pda,0.31025641025641026,-0.6192307692307693,true,2,2.058907758342042,2,1.9956475433342507,127333,2,2.058907763343025,645,0
A6_pda,0.37435897435897436,-0.6192307692307693,true,2,2.0589077757788106,2,1.99564754332063,127334,2,2.0589077787349295,646,0
A6_pda,0.43846153846153846,-0.6192307692307693,true,2,2.058907792050472,2,1.9956475433082244,127341,2,2.058907794128044,653,0
A6_pda,0.5025641025641026,-0.6192307692307693,true,2,2.0589078075742564,2,1.9956475432968817,127332,2,2.05890780952221,644,0
A6_pda,0.5666666666666667,-0.6192307692307693,true,2,2.0589078212458656,2,1.9956475432864442,127337,2,2.058907824917299,649,0
A6_pda,0.6307692307692307,-0.6192307692307693,true,2,2.0589078358847903,2,1.995647543276844,127331,2,2.0589078403132,643,0
A6_pda,0.6948717948717948,-0.6192307692307693,true,2,2.058907853359395,2,1.9956475432679324,127334,2,2.058907855709821,646,0
A6_pda,0.7589743589743589,-0.6192307692307693,true,2,2.058907865554425,2,1.9956475432597072,127334,2,2.058907871107084,646,0
A6_pda,0.823076923076923,-0.6192307692307693,true,2,2.0589078834606744,2,1.9956475432520202,127332,2,2.058907886504917,644,0
A6_pda,0.8871794871794871,-0.6192307692307693,true,2,2.058907897274427,2,1.9956475432449,127331,2,2.0589079019032663,643,0
A6_pda,0.9512820512820512,-0.6192307692307693,true,2,2.0589079120653224,2,1.995647543238193,127332,2,2.0589079173020792,644,0
A6_pda,1.0153846153846153,-0.6192307692307693,true,2,2.058907928887367,2,1.995647543231947,127332,2,2.058907932701308,644,0
A6_pda,1.0794871794871794,-0.6192307692307693,true,2,2.0589079484098685,2,1.995647543226093,127334,2,2.0589079481009183,646,0
A6_pda,1.1435897435897435,-0.6192307692307693,true,2,2.058907959789222,2,1.9956475432205436,127342,2,2.0589079635008707,654,0
A6_pda,1.2076923076923076,-0.6192307692307693,true,2,2.058907979752119,2,1.9956475432153669,127336,2,2.058907978901138,648,0
A6_pda,1.2717948717948717,-0.6192307692307693,true,2,2.058907991373622,2,1.9956475432104779,127334,2,2.058907994301694,646,0
A6_pda,1.3358974358974358,-0.6192307692307693,true,2,2.0589080043542944,2,1.995647543205836,127331,2,2.058908009702511,643,0
A6_pda,1.4,-0.6192307692307693,true,2,2.0589080271513547,2,1.9956475432014082,127334,2,2.0589080251035714,646,0
A6_pda,-1.1,-0.5602564102564103,true,1,1.055232865138404,1,0.9959132441499957,98208,1,1.0552328504301647,506,1
A6_pda,-1.035897435897436,-0.5602564102564103,true,1,1.0552328815855243,1,0.9959132373290323,98181,1,1.0552328601768166,506,1
A6_pda,-0.9717948717948718,-0.5602564102564103,true,0,0.05523288880825117,0,-0.004086738487705466,98242,0,0.05523290092767341,502,0
A6_pda,-0.9076923076923077,-0.5602564102564103,true,0,0.05523290547664228,0,-0.0040867478923454215,135294,0,0.05523290809063175,688,0
A6_pda,-0.8435897435897436,-0.5602564102564103,true,0,0.05523292202703822,0,-0.004086749588279481,135289,0,0.05523292296228066,683,0
A6_pda,-0.7794871794871795,-0.5602564102564103,true,0,0.055232938647931995,0,-0.004086750298239794,98285,0,0.05523293881991953,505,0
A6_pda,-0.7153846153846154,-0.5602564102564103,true,0,0.05523295511747972,0,-0.004086750688373053,143251,0,0.05523295499733827,727,0
A6_pda,-0.6512820512820513,-0.5602564102564103,true,0,0.05523297171053598,0,-0.00408675093512989,135292,0,0.055232971318181945,686,0
A6_pda,-0.5871794871794872,-0.5602564102564103,true,0,0.055232988349172785,0,-0.004086751105261577,98204,0,0.05523298771563556,505,0
A6_pda,-0.5230769230769231,-0.5602564102564103,true,0,0.05523300492638317,0,-0.004086751229668284,98249,0,0.05523300415880572,515,0
A6_pda,-0.45897435897435895,-0.5602564102564103,true,2,2.0552330206143425,2,1.9959132486754343,135300,2,2.055233020631442,694,0
A6_pda,-0.39487179487179486,-0.5602564102564103,true,2,2.0552330370885787,2,1.9959132486006068,98353,2,2.0552330371241787,504,0
A6_pda,-0.33076923076923076,-0.5602564102564103,true,2,2.055233055040421,2,1.995913248540091,98157,2,2.055233053631235,514,0
A6_pda,-0.26666666666666666,-0.5602564102564103,true,2,2.0552330700519463,2,1.9959132484902014,135292,2,2.0552330701488577,686,0
A6_pda,-0.20256410256410257,-0.5602564102564103,true,2,2.055233086862356,2,1.9959132484482898,98320,2,2.0552330866744972,516,0
A6_pda,-0.13846153846153847,-0.5602564102564103,true,2,2.055233103401031,2,1.9959132484126172,135290,2,2.055233103206361,684,0
A6_pda,-0.07435897435897436,-0.5602564102564103,true,2,2.0552331201089022,2,1.995913248381902,98233,2,2.055233119743157,508,0
A6_pda,-0.010256410256410256,-0.5602564102564103,true,2,2.0552331365178294,2,1.9959132483551487,135289,2,2.055233136283925,683,0
A6_pda,0.05384615384615385,-0.5602564102564103,true,2,2.055233154421517,2,1.9959132483316167,135290,2,2.0552331528279364,684,0
A6_pda,0.11794871794871795,-0.5602564102564103,true,2,2.0552331697597355,2,1.9959132483108313,135290,2,2.0552331693746337,684,0
A6_pda,0.18205128205128204,-0.5602564102564103,true,2,2.055233186325059,2,1.9959132482922395,98261,2,2.055233185923585,501,0
A6_pda,0.24615384615384617,-0.5602564102564103,true,2,2.055233202784625,2,1.995913248275618,135289,2,2.055233202474434,683,0
A6_pda,0.31025641025641026,-0.5602564102564103,true,2,2.0552332193353653,2,1.9959132482605662,98252,2,2.0552332190269045,511,0
A6_pda,0.37435897435897436,-0.5602564102564103,true,2,2.0552332370910884,2,1.9959132482469375,135289,2,2.0552332355807663,683,0
A6_pda,0.43846153846153846,-0.5602564102564103,true,2,2.0552332526435304,2,1.9959132482345383,98228,2,2.055233252135838,497,0
A6_pda,0.5025641025641026,-0.5602564102564103,true,2,2.055233269205538,2,1.9959132482231685,98228,2,2.0552332686919597,498,0
A6_pda,0.5666666666666667,-0.5602564102564103,true,2,2.0552332857273017,2,1.9959132482127382,135289,2,2.0552332852490056,683,0
A6_pda,0.6307692307692307,-0.5602564102564103,true,2,2.055233302337113,2,1.9959132482031343,98282,2,2.0552333018068607,511,0
A6_pda,0.6948717948717948,-0.5602564102564103,true,2,2.0552333188410667,2,1.9959132481942499,135288,2,2.055233318365437,682,0
A6_pda,0.7589743589743589,-0.5602564102564103,true,2,2.0552333353304237,2,1.9959132481859938,135288,2,2.0552333349246523,682,0
A6_pda,0.823076923076923,-0.5602564102564103,true,2,2.055233351992835,2,1.995913248178344,135288,2,2.055233351484442,682,0
A6_pda,0.8871794871794871,-0.5602564102564103,true,2,2.055233368467756,2,1.9959132481711892,135289,2,2.0552333680447425,683,0
A6_pda,0.9512820512820512,-0.5602564102564103,true,2,2.0552333851350797,2,1.9959132481644934,135289,2,2.055233384605507,683,0
A6_pda,1.0153846153846153,-0.5602564102564103,true,2,2.055233402726088,2,1.9959132481582675,135288,2,2.055233401166689,682,0
A6_pda,1.0794871794871794,-0.5602564102564103,true,2,2.0552334182486276,2,1.9959132481523796,135289,2,2.055233417728248,683,0
A6_pda,1.1435897435897435,-0.5602564102564103,true,2,2.0552334348716688,2,1.9959132481468453,135289,2,2.0552334342901544,683,0
A6_pda,1.2076923076923076,-0.5602564102564103,true,2,2.0552334514717354,2,1.9959132481416448,98311,2,2.0552334508523726,498,0
A6_pda,1.2717948717948717,-0.5602564102564103,true,2,2.0552334678867483,2,1.9959132481367443,98182,2,2.0552334674148764,501,0
A6_pda,1.3358974358974358,-0.5602564102564103,true,2,2.0552334843611035,2,1.9959132481320823,135285,2,2.055233483977644,679,0
A6_pda,1.4,-0.5602564102564103,true,2,2.055233500983902,2,1.9959132481277089,135285,2,2.0552335005406532,679,0
A6_pda,-1.1,-0.5012820512820513,true,1,1.051276281119223,1,0.9961998217551816,115266,1,1.0512762762212615,586,1
A6_pda,-1.035897435897436,-0.5012820512820513,true,1,1.05127629886992,1,0.9961998149342244,115238,1,1.0512762872611565,583,1
A6_pda,-0.9717948717948718,-0.5012820512820513,true,0,0.05127631534520127,0,-0.0038001608825217748,115267,0,0.051276329305255275,584,0
A6_pda,-0.9076923076923077,-0.5012820512820513,true,0,0.05127633334468662,0,-0.00380017028714863,115248,0,0.051276337761452906,583,0
A6_pda,-0.8435897435897436,-0.5012820512820513,true,0,0.051276351289189726,0,-0.0038001719831022296,115255,0,0.051276353926343776,582,0
A6_pda,-0.7794871794871795,-0.5012820512820513,true,0,0.05127636892446541,0,-0.0038001726930496638,115267,0,0.051276371077222604,584,0
A6_pda,-0.7153846153846154,-0.5012820512820513,true,0,0.05127638694396097,0,-0.0038001730832364355,115247,0,0.05127638854788108,582,0
A6_pda,-0.6512820512820513,-0.5012820512820513,true,0,0.051276404887111604,0,-0.00380017332994953,115274,0,0.051276406161961496,588,0
A6_pda,-0.5871794871794872,-0.5012820512820513,true,0,0.051276422667607124,0,-0.003800173500083215,115277,0,0.051276423852652964,590,0
A6_pda,-0.5230769230769231,-0.5012820512820513,true,0,0.051276440445842786,0,-0.003800173624495029,115247,0,0.05127644158906375,587,0
A6_pda,-0.45897435897435895,-0.5012820512820513,true,0,0.051276458326311336,0,-0.003800173719406441,115274,0,0.05127645935493552,589,0
A6_pda,-0.39487179487179486,-0.5012820512820513,true,2,2.0512764732538438,2,1.9961998262057743,115230,2,2.051276477140909,593,0
A6_pda,-0.33076923076923076,-0.5012820512820513,true,2,2.0512764911468446,2,1.9961998261452756,115268,2,2.0512764949412006,589,0
A6_pda,-0.26666666666666666,-0.5012820512820513,true,2,2.051276509052016,2,1.9961998260953502,115286,2,2.051276512752059,592,0
A6_pda,-0.20256410256410257,-0.5012820512820513,true,2,2.051276526850829,2,1.9961998260534477,115245,2,2.0512765305709317,584,0
A6_pda,-0.13846153846153847,-0.5012820512820513,true,2,2.051276544752332,2,1.9961998260177811,115210,2,2.0512765483960296,583,0
A6_pda,-0.07435897435897436,-0.5012820512820513,true,2,2.051276562663105,2,1.9961998259870504,115263,2,2.0512765662260586,582,0
A6_pda,-0.010256410256410256,-0.5012820512820513,true,2,2.051276580425477,2,1.996199825960287,115216,2,2.0512765840600578,579,0
A6_pda,0.05384615384615385,-0.5012820512820513,true,2,2.0512766000517564,2,1.996199825936774,115265,2,2.0512766018973023,585,0
A6_pda,0.11794871794871795,-0.5012820512820513,true,2,2.0512766163494383,2,1.9961998259159475,115239,2,2.0512766197372345,586,0
A6_pda,0.18205128205128204,-0.5012820512820513,true,2,2.0512766355995904,2,1.9961998258973899,115268,2,2.0512766375794147,584,0
A6_pda,0.24615384615384617,-0.5012820512820513,true,2,2.051276652255418,2,1.9961998258807312,115273,2,2.0512766554234934,584,0
A6_pda,0.31025641025641026,-0.5012820512820513,true,2,2.0512766698474776,2,1.9961998258657176,115237,2,2.0512766732691925,587,0
A6_pda,0.37435897435897436,-0.5012820512820513,true,2,2.051276688037332,2,1.9961998258521025,115255,2,2.0512766911162856,583,0
A6_pda,0.43846153846153846,-0.5012820512820513,true,2,2.051276705604021,2,1.9961998258396636,115254,2,2.0512767089645862,584,0
A6_pda,0.5025641025641026,-0.5012820512820513,true,2,2.0512767235099347,2,1.9961998258283036,115254,2,2.051276726813935,585,0
A6_pda,0.5666666666666667,-0.5012820512820513,true,2,2.051276743046105,2,1.996199825817885,115254,2,2.0512767446642055,585,0
A6_pda,0.6307692307692307,-0.5012820512820513,true,2,2.0512767593038035,2,1.996199825808235,115199,2,2.0512767625152883,586,0
A6_pda,0.6948717948717948,-0.5012820512820513,true,2,2.0512767771141514,2,1.9961998257993714,115216,2,2.0512767803670906,583,0
A6_pda,0.7589743589743589,-0.5012820512820513,true,2,2.0512767949976958,2,1.996199825791109,115264,2,2.0512767982195332,586,0
A6_pda,0.823076923076923,-0.5012820512820513,true,2,2.0512768129660763,2,1.9961998257834392,115270,2,2.0512768160725434,582,0
A6_pda,0.8871794871794871,-0.5012820512820513,true,2,2.0512768321723427,2,1.9961998257763294,115224,2,2.05127683392607,577,0
A6_pda,0.9512820512820512,-0.5012820512820513,true,2,2.0512768487928277,2,1.9961998257696258,115243,2,2.051276851780059,576,0
A6_pda,1.0153846153846153,-0.5012820512820513,true,2,2.0512768665349266,2,1.9961998257633475,115246,2,2.051276869634464,580,0
A6_pda,1.0794871794871794,-0.5012820512820513,true,2,2.051276884531791,2,1.9961998257574916,115205,2,2.051276887489247,585,0
A6_pda,1.1435897435897435,-0.5012820512820513,true,2,2.0512769039590744,2,1.996199825751987,115243,2,2.051276905344372,585,0
A6_pda,1.2076923076923076,-0.5012820512820513,true,2,2.0512769203798467,2,1.9961998257467553,115244,2,2.0512769231998114,581,0
A6_pda,1.2717948717948717,-0.5012820512820513,true,2,2.051276938700671,2,1.9961998257418405,115246,2,2.0512769410555363,584,0
A6_pda,1.3358974358974358,-0.5012820512820513,true,2,2.0512769575482306,2,1.9961998257371971,115228,2,2.051276958911524,580,0
A6_pda,1.4,-0.5012820512820513,true,2,2.0512769736018273,2,1.9961998257327882,115239,2,2.05127697676775,581,0
A6_pda,-1.1,-0.4423076923076923,true,1,1.0470053260820569,1,0.996509831575244,103457,1,1.0470053150036513,524,1
A6_pda,-1.035897435897436,-0.4423076923076923,true,1,1.0470053456311486,1,0.9965098247542811,103461,1,1.0470053274876434,528,1
A6_pda,-0.9717948717948718,-0.4423076923076923,true,0,0.04700535672839823,0,-0.00349015106247208,99482,0,0.04700537097583779,507,0
A6_pda,-0.9076923076923077,-0.4423076923076923,true,0,0.04700537600182286,0,-0.003490160467109149,103458,0,0.04700538087613182,525,0
A6_pda,-0.8435897435897436,-0.4423076923076923,true,0,0.04700539535674331,0,-0.0034901621630571977,99480,0,0.04700539848511731,506,0
A6_pda,-0.7794871794871795,-0.4423076923076923,true,0,0.047005414572915294,0,-0.0034901628729979706,99480,0,0.047005417080091205,506,0
A6_pda,-0.7153846153846154,-0.4423076923076923,true,0,0.04700543394694845,0,-0.0034901632631918478,99482,0,0.04700543599484108,508,0
A6_pda,-0.6512820512820513,-0.4423076923076923,true,0,0.04700545327385419,0,-0.0034901635099156003,103450,0,0.0470054550530169,517,0
A6_pda,-0.5871794871794872,-0.4423076923076923,true,0,0.04700547299637303,0,-0.003490163680032188,103459,0,0.04700547418780199,526,0
A6_pda,-0.5230769230769231,-0.4423076923076923,true,0,0.047005491959689616,0,-0.0034901638044577687,103457,0,0.047005493368301954,524,0
A6_pda,-0.45897435897435895,-0.4423076923076923,true,0,0.047005511432749114,0,-0.0034901638993762862,103462,0,0.04700551257826502,529,0
A6_pda,-0.39487179487179486,-0.4423076923076923,true,0,0.04700553058004642,0,-0.003490163974214866,103466,0,0.04700553180832667,533,0
A6_pda,-0.33076923076923076,-0.4423076923076923,true,2,2.0470055494798514,2,1.9965098359653046,103465,2,2.0470055510527096,532,0
A6_pda,-0.26666666666666666,-0.4423076923076923,true,2,2.0470055673887115,2,1.99650983591535,99485,2,2.047005570307655,510,0
A6_pda,-0.20256410256410257,-0.4423076923076923,true,2,2.047005586561759,2,1.9965098358734812,99484,2,2.0470055895706167,510,0
A6_pda,-0.13846153846153847,-0.4423076923076923,true,2,2.0470056061491952,2,1.996509835837791,99483,2,2.047005608839803,508,0
A6_pda,-0.07435897435897436,-0.4423076923076923,true,2,2.0470056250800366,2,1.9965098358070517,103461,2,2.0470056281139177,528,0
A6_pda,-0.010256410256410256,-0.4423076923076923,true,2,2.047005644430298,2,1.9965098357802786,99483,2,2.0470056473920017,509,0
A6_pda,0.05384615384615385,-0.4423076923076923,true,2,2.0470056638433123,2,1.996509835756781,99481,2,2.047005666673332,507,0
A6_pda,0.11794871794871795,-0.4423076923076923,true,2,2.0470056830747465,2,1.9965098357359747,103455,2,2.047005685957348,522,0
A6_pda,0.18205128205128204,-0.4423076923076923,true,2,2.047005702248353,2,1.9965098357174105,103458,2,2.0470057052436115,525,0
A6_pda,0.24615384615384617,-0.4423076923076923,true,2,2.0470057232053387,2,1.9965098357007567,103457,2,2.0470057245317728,524,0
A6_pda,0.31025641025641026,-0.4423076923076923,true,2,2.0470057409870783,2,1.9965098356857054,103458,2,2.0470057438215554,525,0
A6_pda,0.37435897435897436,-0.4423076923076923,true,2,2.0470057602613227,2,1.9965098356720858,103456,2,2.0470057631127307,523,0
A6_pda,0.43846153846153846,-0.4423076923076923,true,2,2.0470057796009122,2,1.996509835659655,99479,2,2.04700578240511,505,0
A6_pda,0.5025641025641026,-0.4423076923076923,true,2,2.0470057989708206,2,1.9965098356483169,103457,2,2.04700580169854,524,0
A6_pda,0.5666666666666667,-0.4423076923076923,true,2,2.0470058182224573,2,1.9965098356378546,103457,2,2.047005820992891,524,0
A6_pda,0.6307692307692307,-0.4423076923076923,true,2,2.04700583759472,2,1.9965098356282331,99479,2,2.047005840288052,505,0
A6_pda,0.6948717948717948,-0.4423076923076923,true,2,2.0470058568542524,2,1.9965098356193702,99479,2,2.0470058595839324,505,0
A6_pda,0.7589743589743589,-0.4423076923076923,true,2,2.0470058763322276,2,1.9965098356111033,99480,2,2.0470058788804506,506,0
A6_pda,0.823076923076923,-0.4423076923076923,true,2,2.047005895625933,2,1.9965098356034463,103458,2,2.0470058981775408,525,0
A6_pda,0.8871794871794871,-0.4423076923076923,true,2,2.04700591481923,2,1.9965098355962656,99480,2,2.0470059174751416,506,0
A6_pda,0.9512820512820512,-0.4423076923076923,true,2,2.047005934067051,2,1.9965098355896171,99482,2,2.047005936773205,507,0
A6_pda,1.0153846153846153,-0.4423076923076923,true,2,2.0470059549738355,2,1.9965098355833444,103458,2,2.047005956071685,525,0
A6_pda,1.0794871794871794,-0.4423076923076923,true,2,2.047005972731868,2,1.9965098355774635,103459,2,2.0470059753705403,526,0
A6_pda,1.1435897435897435,-0.4423076923076923,true,2,2.0470059921748884,2,1.9965098355719335,99480,2,2.0470059946697408,506,0
A6_pda,1.2076923076923076,-0.4423076923076923,true,2,2.0470060128700336,2,1.9965098355667203,99478,2,2.047006013969252,503,0
A6_pda,1.2717948717948717,-0.4423076923076923,true,2,2.047006030684831,2,1.9965098355618056,99478,2,2.0470060332690485,504,0
A6_pda,1.3358974358974358,-0.4423076923076923,true,2,2.047006049841146,2,1.9965098355571484,99479,2,2.047006052569108,504,0
A6_pda,1.4,-0.4423076923076923,true,2,2.047006069137184,2,1.9965098355527575,99481,2,2.047006071869405,506,0
A6_pda,-1.1,-0.38333333333333336,true,1,1.0423826877327542,1,0.9968462693718877,79582,1,1.042382683513148,402,1
A6_pda,-1.035897435897436,-0.38333333333333336,true,1,1.0423827087105957,1,0.9968462625509259,79582,1,1.0423826976152348,402,1
A6_pda,-0.9717948717948718,-0.38333333333333336,true,0,0.04238273170586382,0,-0.003153713265844793,79586,0,0.0423827427215252,406,0
A6_pda,-0.9076923076923077,-0.38333333333333336,true,0,0.04238275579542816,0,-0.003153722670480974,79576,0,0.042382754239913334,396,0
A6_pda,-0.8435897435897436,-0.38333333333333336,true,0,0.04238277413868308,0,-0.003153724366421251,79582,0,0.04238277346699171,402,0
A6_pda,-0.7794871794871795,-0.38333333333333336,true,0,0.04238279629605024,0,-0.0031537250763800095,79582,0,0.042382793680056596,402,0
A6_pda,-0.7153846153846154,-0.38333333333333336,true,0,0.04238281570732105,0,-0.003153725466551016,79581,0,0.04238281421289847,401,0
A6_pda,-0.6512820512820513,-0.38333333333333336,true,0,0.04238283823235045,0,-0.0031537257133031904,79586,0,0.04238283488916439,406,0
A6_pda,-0.5871794871794872,-0.38333333333333336,true,0,0.042382858367125076,0,-0.0031537258834266613,79582,0,0.04238285564203814,402,0
A6_pda,-0.5230769230769231,-0.38333333333333336,true,0,0.0423828785157323,0,-0.0031537260078189355,79579,0,0.0423828764406281,399,0
A6_pda,-0.45897435897435895,-0.38333333333333336,true,0,0.04238290081752494,0,-0.0031537261027649865,79589,0,0.042382897268679276,409,0
A6_pda,-0.39487179487179486,-0.38333333333333336,true,0,0.04238292054747128,0,-0.003153726177600902,79600,0,0.04238291811682904,420,0
A6_pda,-0.33076923076923076,-0.38333333333333336,true,0,0.04238294397577802,0,-0.003153726238085852,79570,0,0.04238293897929735,390,0
A6_pda,-0.26666666666666666,-0.38333333333333336,true,2,2.0423829614849254,2,1.9968462737119825,79603,2,2.0423829598523295,423,0
A6_pda,-0.20256410256410257,-0.38333333333333336,true,2,2.042382982342321,2,1.9968462736700656,79586,2,2.042382980733376,406,0
A6_pda,-0.13846153846153847,-0.38333333333333336,true,2,2.0423830032846815,2,1.9968462736343864,79589,2,2.042383001620645,409,0
A6_pda,-0.07435897435897436,-0.38333333333333336,true,2,2.0423830238689167,2,1.9968462736036565,79594,2,2.042383022512843,414,0
A6_pda,-0.010256410256410256,-0.38333333333333336,true,2,2.0423830485059877,2,1.996846273576892,79581,2,2.04238304340901,401,0
A6_pda,0.05384615384615385,-0.38333333333333336,true,2,2.0423830656434623,2,1.9968462735533956,79603,2,2.0423830643084226,423,0
A6_pda,0.11794871794871795,-0.38333333333333336,true,2,2.042383086596743,2,1.9968462735325476,79585,2,2.042383085210518,405,0
A6_pda,0.18205128205128204,-0.38333333333333336,true,2,2.0423831093134064,2,1.9968462735139765,79586,2,2.042383106114861,406,0
A6_pda,0.24615384615384617,-0.38333333333333336,true,2,2.0423831278994378,2,1.9968462734973342,79586,2,2.042383127021103,406,0
A6_pda,0.31025641025641026,-0.38333333333333336,true,2,2.0423831490816733,2,1.9968462734822823,79583,2,2.0423831479289642,403,0
A6_pda,0.37435897435897436,-0.38333333333333336,true,2,2.0423831704927027,2,1.9968462734686612,79579,2,2.0423831688382155,399,0
A6_pda,0.43846153846153846,-0.38333333333333336,true,2,2.0423831946127318,2,1.9968462734562404,79584,2,2.042383189748673,404,0
A6_pda,0.5025641025641026,-0.38333333333333336,true,2,2.042383212268292,2,1.996846273444866,79588,2,2.0423832106601782,408,0
A6_pda,0.5666666666666667,-0.38333333333333336,true,2,2.0423832334133074,2,1.9968462734344252,79593,2,2.042383231572604,413,0
A6_pda,0.6307692307692307,-0.38333333333333336,true,2,2.0423832543716154,2,1.9968462734248011,79592,2,2.0423832524858403,412,0
A6_pda,0.6948717948717948,-0.38333333333333336,true,2,2.0423832753748914,2,1.996846273415904,79593,2,2.0423832733997935,413,0
A6_pda,0.7589743589743589,-0.38333333333333336,true,2,2.0423832968919173,2,1.9968462734076502,79605,2,2.0423832943143845,425,0
A6_pda,0.823076923076923,-0.38333333333333336,true,2,2.0423833167191088,2,1.9968462733999766,79604,2,2.0423833152295465,424,0
A6_pda,0.8871794871794871,-0.38333333333333336,true,2,2.0423833380222525,2,1.9968462733928427,79586,2,2.042383336145219,406,0
A6_pda,0.9512820512820512,-0.38333333333333336,true,2,2.0423833593467897,2,1.996846273386149,79612,2,2.042383357061353,432,0
A6_pda,1.0153846153846153,-0.38333333333333336,true,2,2.042383379722735,2,1.9968462733798793,79607,2,2.042383377977902,427,0
A6_pda,1.0794871794871794,-0.38333333333333336,true,2,2.042383400496083,2,1.9968462733740044,79589,2,2.042383398894827,409,0
A6_pda,1.1435897435897435,-0.38333333333333336,true,2,2.0423834215803978,2,1.9968462733684809,79589,2,2.042383419812093,409,0
A6_pda,1.2076923076923076,-0.38333333333333336,true,2,2.0423834423019276,2,1.9968462733632493,79585,2,2.042383440729672,405,0
A6_pda,1.2717948717948717,-0.38333333333333336,true,2,2.0423834634504363,2,1.9968462733583439,79585,2,2.0423834616475345,405,0
A6_pda,1.3358974358974358,-0.38333333333333336,true,2,2.0423834877597806,2,1.9968462733536891,79584,2,2.0423834825656586,404,0
A6_pda,1.4,-0.38333333333333336,true,2,2.0423835056337207,2,1.9968462733492767,79582,2,2.042383503484021,402,0
A6_pda,-1.1,-0.3243589743589744,true,1,1.0373653003703693,1,0.9972126641779646,79581,1,1.0373652964361662,401,1
A6_pda,-1.035897435897436,-0.3243589743589744,true,1,1.0373653231080453,1,0.9972126573570012,79586,1,1.0373653123577915,406,1
A6_pda,-0.9717948717948718,-0.3243589743589744,true,0,0.03736535520763373,0,-0.0027873184597664302,79584,0,0.037365359283617616,404,0
A6_pda,-0.9076923076923077,-0.3243589743589744,true,0,0.03736537876120338,0,-0.002787327864392841,79584,0,0.03736537262154249,404,0
A6_pda,-0.8435897435897436,-0.3243589743589744,true,0,0.03736540125124199,0,-0.0027873295603926262,79585,0,0.03736539366815439,405,0
A6_pda,-0.7794871794871795,-0.3243589743589744,true,0,0.03736542350446792,0,-0.002787330270322297,79583,0,0.03736541570075458,403,0
A6_pda,-0.7153846153846154,-0.3243589743589744,true,0,0.03736544580785772,0,-0.0027873306604979664,79580,0,0.037365438053129196,400,0
A6_pda,-0.6512820512820513,-0.3243589743589744,true,0,0.037365469463642276,0,-0.002787330907255914,79585,0,0.0373654605489292,405,0
A6_pda,-0.5871794871794872,-0.3243589743589744,true,0,0.037365491902723647,0,-0.002787331077380717,79587,0,0.037365483121333254,407,0
A6_pda,-0.5230769230769231,-0.3243589743589744,true,0,0.03736551449894443,0,-0.002787331201770993,79585,0,0.03736550573945274,405,0
A6_pda,-0.45897435897435895,-0.3243589743589744,true,0,0.03736553817615251,0,-0.0027873312967214847,79586,0,0.03736552838703522,406,0
A6_pda,-0.39487179487179486,-0.3243589743589744,true,0,0.037365560265414044,0,-0.0027873313715445214,79588,0,0.03736555105471373,408,0
A6_pda,-0.33076923076923076,-0.3243589743589744,true,0,0.037365582943778786,0,-0.0027873314320572273,79593,0,0.03736557373670879,413,0
A6_pda,-0.26666666666666666,-0.3243589743589744,true,0,0.03736560558359836,0,-0.002787331481981292,79593,0,0.03736559642926762,413,0
A6_pda,-0.20256410256410257,-0.3243589743589744,true,2,2.0373656254963945,2,1.9972126684760947,79619,2,2.0373656191298393,439,0
A6_pda,-0.13846153846153847,-0.3243589743589744,true,2,2.0373656485000855,2,1.9972126684404239,79591,2,2.0373656418366335,411,0
A6_pda,-0.07435897435897436,-0.3243589743589744,true,2,2.0373656705190815,2,1.9972126684096763,79593,2,2.0373656645483567,413,0
A6_pda,-0.010256410256410256,-0.3243589743589744,true,2,2.0373656919565577,2,1.9972126683829128,79591,2,2.037365687264046,411,0
A6_pda,0.05384615384615385,-0.3243589743589744,true,2,2.037365715689968,2,1.9972126683593785,79590,2,2.0373657099829794,410,0
A6_pda,0.11794871794871795,-0.3243589743589744,true,2,2.0373657403463836,2,1.9972126683385607,79585,2,2.037365732704597,405,0
A6_pda,0.18205128205128204,-0.3243589743589744,true,2,2.037365766577957,2,1.9972126683199933,79583,2,2.0373657554284597,403,0
A6_pda,0.24615384615384617,-0.3243589743589744,true,2,2.0373657843831117,2,1.9972126683033307,79584,2,2.0373657781542205,404,0
A6_pda,0.31025641025641026,-0.3243589743589744,true,2,2.037365806921442,2,1.997212668288292,79585,2,2.0373658008815987,405,0
A6_pda,0.37435897435897436,-0.3243589743589744,true,2,2.0373658292690564,2,1.9972126682746603,79584,2,2.037365823610368,404,0
A6_pda,0.43846153846153846,-0.3243589743589744,true,2,2.0373658506672427,2,1.997212668262216,79587,2,2.0373658463403412,407,0
A6_pda,0.5025641025641026,-0.3243589743589744,true,2,2.0373658730210247,2,1.9972126682508624,79585,2,2.0373658690713645,405,0
A6_pda,0.5666666666666667,-0.3243589743589744,true,2,2.037365899882432,2,1.9972126682404021,79585,2,2.0373658918033026,405,0
A6_pda,0.6307692307692307,-0.3243589743589744,true,2,2.037365919755359,2,1.9972126682307976,79585,2,2.0373659145360508,405,0
A6_pda,0.6948717948717948,-0.3243589743589744,true,2,2.0373659443826257,2,1.9972126682218758,79587,2,2.037365937269519,407,0
A6_pda,0.7589743589743589,-0.3243589743589744,true,2,2.0373659647417384,2,1.9972126682136278,79586,2,2.037365960003622,406,0
A6_pda,0.823076923076923,-0.3243589743589744,true,2,2.0373659870734815,2,1.9972126682059392,79588,2,2.0373659827382933,408,0
A6_pda,0.8871794871794871,-0.3243589743589744,true,2,2.0373660099605537,2,1.9972126681987932,79583,2,2.0373660054734763,403,0
A6_pda,0.9512820512820512,-0.3243589743589744,true,2,2.037366033368551,2,1.9972126681921016,79585,2,2.0373660282091186,405,0
A6_pda,1.0153846153846153,-0.3243589743589744,true,2,2.037366055418257,2,1.9972126681858473,79583,2,2.0373660509451743,403,0
A6_pda,1.0794871794871794,-0.3243589743589744,true,2,2.03736608074633,2,1.9972126681799383,79584,2,2.0373660736816066,404,0
A6_pda,1.1435897435897435,-0.3243589743589744,true,2,2.037366101101939,2,1.9972126681744176,79584,2,2.0373660964183795,404,0
A6_pda,1.2076923076923076,-0.3243589743589744,true,2,2.0373661241778853,2,1.997212668169209,79583,2,2.037366119155463,403,0
A6_pda,1.2717948717948717,-0.3243589743589744,true,2,2.0373661470096103,2,1.99721266816429,79582,2,2.0373661418928304,402,0
A6_pda,1.3358974358974358,-0.3243589743589744,true,2,2.0373661700109262,2,1.997212668159634,79584,2,2.0373661646304555,404,0
A6_pda,1.4,-0.3243589743589744,true,2,2.0373661922429056,2,1.997212668155226,79585,2,2.0373661873683218,405,0
A6_pda,-1.1,-0.2653846153846154,true,1,1.0319031810620758,1,0.9976132024494694,63668,1,1.0319031775794458,324,1
A6_pda,-1.035897435897436,-0.2653846153846154,true,1,1.0319032068593588,1,0.9976131956284948,63672,1,1.0319031955546925,328,1
A6_pda,-0.9717948717948718,-0.2653846153846154,true,0,0.0319032326245593,0,-0.0023867801882690998,63671,0,0.03190324453413873,327,0
A6_pda,-0.9076923076923077,-0.2653846153846154,true,0,0.03190325884140377,0,-0.0023867895929150507,63669,0,0.03190325992568055,325,0
A6_pda,-0.8435897435897436,-0.2653846153846154,true,0,0.03190328347436655,0,-0.002386791288865542,63674,0,0.031903283025912055,330,0
A6_pda,-0.7794871794871795,-0.2653846153846154,true,0,0.03190330886806003,0,-0.002386791998832516,55713,0,0.03190330711212919,287,0
A6_pda,-0.7153846153846154,-0.2653846153846154,true,0,0.03190333508766596,0,-0.0023867923890092957,55708,0,0.03190333151811997,284,0
A6_pda,-0.6512820512820513,-0.2653846153846154,true,0,0.03190335794270671,0,-0.002386792635776347,55713,0,0.03190335606753225,287,0
A6_pda,-0.5871794871794872,-0.2653846153846154,true,0,0.03190338298472517,0,-0.0023867928059027044,63672,0,0.03190338069355114,328,0
A6_pda,-0.5230769230769231,-0.2653846153846154,true,0,0.03190340794869362,0,-0.002386792930320958,63669,0,0.03190340536528302,325,0
A6_pda,-0.45897435897435895,-0.2653846153846154,true,0,0.03190343257250172,0,-0.0023867930252603475,63672,0,0.031903430066475225,328,0
A6_pda,-0.39487179487179486,-0.2653846153846154,true,0,0.03190345751325219,0,-0.0023867931000736142,55714,0,0.031903454787762464,288,0
A6_pda,-0.33076923076923076,-0.2653846153846154,true,0,0.03190348208177074,0,-0.0023867931605934256,63675,0,0.03190347952336936,331,0
A6_pda,-0.26666666666666666,-0.2653846153846154,true,0,0.031903506137610727,0,-0.002386793210540583,63679,0,0.03190350426953559,335,0
A6_pda,-0.20256410256410257,-0.2653846153846154,true,0,0.03190353125934842,0,-0.0023867932524337387,63679,0,0.03190352902371396,335,0
A6_pda,-0.13846153846153847,-0.2653846153846154,true,0,0.03190355761457986,0,-0.002386793288122524,63687,0,0.0319035537841138,343,0
A6_pda,-0.07435897435897436,-0.2653846153846154,true,2,2.0319035819795848,2,1.9976132066811085,63677,2,2.03190357854944,333,0
A6_pda,-0.010256410256410256,-0.2653846153846154,true,2,2.0319036091828133,2,1.9976132066543344,63678,2,2.0319036033187343,334,0
A6_pda,0.05384615384615385,-0.2653846153846154,true,2,2.0319036325921864,2,1.9976132066308203,63681,2,2.03190362809127,337,0
A6_pda,0.11794871794871795,-0.2653846153846154,true,2,2.0319036572195515,2,1.9976132066099965,63677,2,2.031903652866489,333,0
A6_pda,0.18205128205128204,-0.2653846153846154,true,2,2.0319036815907126,2,1.997613206591431,63675,2,2.0319036776439514,331,0
A6_pda,0.24615384615384617,-0.2653846153846154,true,2,2.031903708002007,2,1.9976132065747518,63674,2,2.03190370242331,330,0
A6_pda,0.31025641025641026,-0.2653846153846154,true,2,2.0319037314031188,2,1.9976132065597045,63674,2,2.0319037272042877,330,0
A6_pda,0.37435897435897436,-0.2653846153846154,true,2,2.0319037557290853,2,1.997613206546065,63673,2,2.031903751986654,329,0
A6_pda,0.43846153846153846,-0.2653846153846154,true,2,2.031903781226589,2,1.9976132065336487,63672,2,2.0319037767702244,328,0
A6_pda,0.5025641025641026,-0.2653846153846154,true,2,2.0319038058369694,2,1.9976132065222665,63671,2,2.03190380155484,327,0
A6_pda,0.5666666666666667,-0.2653846153846154,true,2,2.0319038304659873,2,1.9976132065118064,63671,2,2.0319038263403737,327,0
A6_pda,0.6307692307692307,-0.2653846153846154,true,2,2.0319038556249263,2,1.9976132065021766,63673,2,2.0319038511267147,329,0
A6_pda,0.6948717948717948,-0.2653846153846154,true,2,2.031903879989665,2,1.9976132064932828,63673,2,2.0319038759137724,329,0
A6_pda,0.7589743589743589,-0.2653846153846154,true,2,2.031903905204001,2,1.997613206485012,63673,2,2.031903900701467,329,0
A6_pda,0.823076923076923,-0.2653846153846154,true,2,2.031903928986431,2,1.9976132064773426,63669,2,2.0319039254897264,325,0
A6_pda,0.8871794871794871,-0.2653846153846154,true,2,2.0319039527860303,2,1.9976132064701766,63672,2,2.0319039502784975,328,0
A6_pda,0.9512820512820512,-0.2653846153846154,true,2,2.0319039777246655,2,1.9976132064634837,63671,2,2.0319039750677255,327,0
A6_pda,1.0153846153846153,-0.2653846153846154,true,2,2.0319040047845838,2,1.9976132064572225,63671,2,2.0319039998573682,327,0
A6_pda,1.0794871794871794,-0.2653846153846154,true,2,2.031904029159188,2,1.997613206451329,63672,2,2.031904024647385,328,0
A6_pda,1.1435897435897435,-0.2653846153846154,true,2,2.031904053745607,2,1.9976132064457917,63672,2,2.031904049437742,328,0
A6_pda,1.2076923076923076,-0.2653846153846154,true,2,2.031904078710303,2,1.9976132064405676,63673,2,2.031904074228408,329,0
A6_pda,1.2717948717948717,-0.2653846153846154,true,2,2.031904103613118,2,1.9976132064356436,63672,2,2.031904099019356,328,0
A6_pda,1.3358974358974358,-0.2653846153846154,true,2,2.031904126806017,2,1.9976132064309855,63672,2,2.0319041238105626,328,0
A6_pda,1.4,-0.2653846153846154,true,2,2.031904151572419,2,1.9976132064265617,63671,2,2.031904148602006,327,0
A6_pda,-1.1,-0.2064102564102564,true,1,1.025938147298312,1,0.9980528885854594,51241,1,1.0259381441110698,257,1
A6_pda,-1.035897435897436,-0.2064102564102564,true,1,1.025938174194757,1,0.998052881764482,51236,1,1.0259381644129388,258,1
A6_pda,-0.9717948717948718,-0.2064102564102564,true,0,0.025938200950764156,0,-0.0019470940522923197,51280,0,0.025938215719007007,258,0
A6_pda,-0.9076923076923077,-0.2064102564102564,true,0,0.025938228245435124,0,-0.0019471034569411572,51198,0,0.02593823343716961,260,0
A6_pda,-0.8435897435897436,-0.2064102564102564,true,0,0.025938254635583857,0,-0.0019471051529018624,51244,0,0.025938258864018793,257,0
A6_pda,-0.7794871794871795,-0.2064102564102564,true,0,0.02593828254802466,0,-0.0019471058628823812,51161,0,0.0259382852768536,255,0
A6_pda,-0.7153846153846154,-0.2064102564102564,true,0,0.02593830920446427,0,-0.0019471062530660443,51362,0,0.025938312009460507,254,0
A6_pda,-0.6512820512820513,-0.2064102564102564,true,0,0.02593833643331034,0,-0.0019471064998122234,51257,0,0.02593833888548791,267,0
A6_pda,-0.5871794871794872,-0.2064102564102564,true,0,0.025938363637400097,0,-0.001947106669959453,51220,0,0.025938365838120925,264,0
A6_pda,-0.5230769230769231,-0.2064102564102564,true,0,0.025938390327690852,0,-0.0019471067943670484,51276,0,0.025938392836465485,271,0
A6_pda,-0.45897435897435895,-0.2064102564102564,true,0,0.02593841768757199,0,-0.0019471068893126553,51220,0,0.02593841986426826,256,0
A6_pda,-0.39487179487179486,-0.2064102564102564,true,0,0.025938447031544354,0,-0.001947106964165446,51331,0,0.025938446912165736,267,0
A6_pda,-0.33076923076923076,-0.2064102564102564,true,0,0.02593847220752643,0,-0.0019471070246697142,51256,0,0.025938473974380427,272,0
A6_pda,-0.26666666666666666,-0.2064102564102564,true,0,0.02593849928247527,0,-0.0019471070746051033,51244,0,0.02593850104715545,268,0
A6_pda,-0.20256410256410257,-0.2064102564102564,true,0,0.025938525694146786,0,-0.001947107116533564,51236,0,0.02593852812793951,269,0
A6_pda,-0.13846153846153847,-0.2064102564102564,true,0,0.025938553347877202,0,-0.0019471071522136896,51170,0,0.025938555214943704,265,0
A6_pda,-0.07435897435897436,-0.2064102564102564,true,0,0.025938580738715022,0,-0.0019471071829724185,51203,0,0.02593858230687396,278,0
A6_pda,-0.010256410256410256,-0.2064102564102564,true,2,2.025938608015518,2,1.9980528927902632,51292,2,2.02593860940277,275,0
A6_pda,0.05384615384615385,-0.2064102564102564,true,2,2.0259386351831608,2,1.9980528927667347,51237,2,2.025938636501907,264,0
A6_pda,0.11794871794871795,-0.2064102564102564,true,2,2.025938662472919,2,1.9980528927458838,51202,2,2.025938663603725,268,0
A6_pda,0.18205128205128204,-0.2064102564102564,true,2,2.025938689468381,2,1.9980528927273147,51259,2,2.025938690707787,263,0
A6_pda,0.24615384615384617,-0.2064102564102564,true,2,2.0259387165966505,2,1.9980528927106447,51250,2,2.025938717813744,257,0
A6_pda,0.31025641025641026,-0.2064102564102564,true,2,2.0259387439592227,2,1.9980528926956127,51136,2,2.0259387449213166,270,0
A6_pda,0.37435897435897436,-0.2064102564102564,true,2,2.0259387710216448,2,1.9980528926819519,51266,2,2.0259387720302775,263,0
A6_pda,0.43846153846153846,-0.2064102564102564,true,2,2.0259387978451775,2,1.9980528926695251,51275,2,2.0259387991404387,249,0
A6_pda,0.5025641025641026,-0.2064102564102564,true,2,2.0259388249986743,2,1.998052892658137,51217,2,2.0259388262516485,258,0
A6_pda,0.5666666666666667,-0.2064102564102564,true,2,2.0259388522014143,2,1.9980528926476895,51283,2,2.025938853363771,269,0
A6_pda,0.6307692307692307,-0.2064102564102564,true,2,2.0259388791239914,2,1.9980528926380612,51196,2,2.025938880476703,257,0
A6_pda,0.6948717948717948,-0.2064102564102564,true,2,2.0259389061731623,2,1.9980528926291452,51243,2,2.025938907590349,258,0
A6_pda,0.7589743589743589,-0.2064102564102564,true,2,2.025938933625818,2,1.9980528926208923,51181,2,2.0259389347046293,259,0
A6_pda,0.823076923076923,-0.2064102564102564,true,2,2.0259389603452815,2,1.9980528926131893,51259,2,2.0259389618194756,260,0
A6_pda,0.8871794871794871,-0.2064102564102564,true,2,2.0259389894441844,2,1.998052892606021,51287,2,2.025938988934832,257,0
A6_pda,0.9512820512820512,-0.2064102564102564,true,2,2.0259390148260374,2,1.9980528925993304,51259,2,2.0259390160506423,262,0
A6_pda,1.0153846153846153,-0.2064102564102564,true,2,2.0259390415236562,2,1.9980528925930607,51191,2,2.0259390431668667,264,0
A6_pda,1.0794871794871794,-0.2064102564102564,true,2,2.0259390690645,2,1.998052892587169,51184,2,2.0259390702834636,270,0
A6_pda,1.1435897435897435,-0.2064102564102564,true,2,2.0259390961002213,2,1.9980528925816157,51271,2,2.0259390974003986,261,0
A6_pda,1.2076923076923076,-0.2064102564102564,true,2,2.0259391232579897,2,1.9980528925763945,51275,2,2.0259391245176444,262,0
A6_pda,1.2717948717948717,-0.2064102564102564,true,2,2.025939150572918,2,1.9980528925714496,51267,2,2.025939151635169,267,0
A6_pda,1.3358974358974358,-0.2064102564102564,true,2,2.0259391778739175,2,1.9980528925668009,51326,2,2.025939178752952,266,0
A6_pda,1.4,-0.2064102564102564,true,2,2.0259392050261855,2,1.9980528925623795,51234,2,2.0259392058709693,262,0
A6_pda,-1.1,-0.14743589743589744,true,1,1.0194022216657181,1,0.9985377548787154,31841,1,1.019402218200531,169,1
A6_pda,-1.035897435897436,-0.14743589743589744,true,1,1.019402251220099,1,0.9985377480577333,31841,1,1.0194022411485135,169,1
A6_pda,-0.9717948717948718,-0.14743589743589744,true,0,0.01940227944475259,0,-0.001462227759037038,31842,0,0.019402295100693467,170,0
A6_pda,-0.9076923076923077,-0.14743589743589744,true,0,0.019402309049115884,0,-0.0014622371636989762,31840,0,0.019402315464967068,168,0
A6_pda,-0.8435897435897436,-0.14743589743589744,true,0,0.01940233901923527,0,-0.0014622388596685632,31842,0,0.01940234353792558,170,0
A6_pda,-0.7794871794871795,-0.14743589743589744,true,0,0.019402368682953086,0,-0.00146223956964886,31841,0,0.01940237259686861,169,0
A6_pda,-0.7153846153846154,-0.14743589743589744,true,0,0.01940239847073688,0,-0.001462239959847178,31839,0,0.019402401975581296,167,0
A6_pda,-0.6512820512820513,-0.14743589743589744,true,0,0.019402428277225048,0,-0.0014622402065922468,31841,0,0.01940243149771337,169,0
A6_pda,-0.5871794871794872,-0.14743589743589744,true,0,0.019402457881446566,0,-0.001462240376726598,31840,0,0.019402461096449164,168,0
A6_pda,-0.5230769230769231,-0.14743589743589744,true,0,0.019402487759152875,0,-0.0014622405011659456,31841,0,0.01940249074089495,169,0
A6_pda,-0.45897435897435895,-0.14743589743589744,true,0,0.01940251759321132,0,-0.001462240596108444,31844,0,0.019402520414798063,172,0
A6_pda,-0.39487179487179486,-0.14743589743589744,true,0,0.01940254728222468,0,-0.0014622406709507985,31843,0,0.019402550108795436,171,0
A6_pda,-0.33076923076923076,-0.14743589743589744,true,0,0.019402577043717284,0,-0.0014622407314646146,31845,0,0.019402579817105914,173,0
A6_pda,-0.26666666666666666,-0.14743589743589744,true,0,0.019402606755855922,0,-0.0014622407814222083,31846,0,0.0194026095359755,174,0
A6_pda,-0.20256410256410257,-0.14743589743589744,true,0,0.0194026364933908,0,-0.0014622408233424533,31850,0,0.019402639262854016,178,0
A6_pda,-0.13846153846153847,-0.14743589743589744,true,0,0.01940266671662272,0,-0.001462240859053443,31851,0,0.019402668995952,179,0
A6_pda,-0.07435897435897436,-0.14743589743589744,true,0,0.01940269608164602,0,-0.0014622408897768668,31852,0,0.01940269873397127,180,0
A6_pda,-0.010256410256410256,-0.14743589743589744,true,0,0.019402725984704494,0,-0.0014622409165778727,31855,0,0.019402728475958142,183,0
A6_pda,0.05384615384615385,-0.14743589743589744,true,2,2.0194027552368863,2,1.9985377590598938,31853,2,2.019402758221184,181,0
A6_pda,0.11794871794871795,-0.14743589743589744,true,2,2.019402784736031,2,1.9985377590390558,31848,2,2.0194027879690877,176,0
A6_pda,0.18205128205128204,-0.14743589743589744,true,2,2.0194028150349217,2,1.998537759020467,31847,2,2.019402817719235,175,0
A6_pda,0.24615384615384617,-0.14743589743589744,true,2,2.019402844619385,2,1.9985377590037938,31847,2,2.019402847471275,175,0
A6_pda,0.31025641025641026,-0.14743589743589744,true,2,2.01940287458564,2,1.9985377589887339,31844,2,2.019402877224929,172,0
A6_pda,0.37435897435897436,-0.14743589743589744,true,2,2.019402904130434,2,1.9985377589750895,31845,2,2.019402906979971,173,0
A6_pda,0.43846153846153846,-0.14743589743589744,true,2,2.0194029325147103,2,1.9985377589626485,31845,2,2.0194029367362134,173,0
A6_pda,0.5025641025641026,-0.14743589743589744,true,2,2.0194029634484156,2,1.9985377589512614,31844,2,2.019402966493497,172,0
A6_pda,0.5666666666666667,-0.14743589743589744,true,2,2.019402995924193,2,1.9985377589408,31845,2,2.019402996251698,173,0
A6_pda,0.6307692307692307,-0.14743589743589744,true,2,2.019403023415209,2,1.998537758931168,31846,2,2.0194030260107034,174,0
A6_pda,0.6948717948717948,-0.14743589743589744,true,2,2.019403052756787,2,1.9985377589222346,31846,2,2.0194030557704234,174,0
A6_pda,0.7589743589743589,-0.14743589743589744,true,2,2.0194030823229827,2,1.9985377589139757,31847,2,2.0194030855307745,175,0
A6_pda,0.823076923076923,-0.14743589743589744,true,2,2.0194031123136167,2,1.9985377589062971,31844,2,2.0194031152916923,172,0
A6_pda,0.8871794871794871,-0.14743589743589744,true,2,2.0194031425458236,2,1.998537758899129,31841,2,2.0194031450531145,169,0
A6_pda,0.9512820512820512,-0.14743589743589744,true,2,2.0194031719404757,2,1.9985377588924202,31842,2,2.019403174814994,170,0
A6_pda,1.0153846153846153,-0.14743589743589744,true,2,2.019403201365896,2,1.9985377588861306,31841,2,2.019403204577283,169,0
A6_pda,1.0794871794871794,-0.14743589743589744,true,2,2.0194032314095987,2,1.9985377588802407,31845,2,2.0194032343399444,173,0
A6_pda,1.1435897435897435,-0.14743589743589744,true,2,2.0194032611767003,2,1.998537758874685,31842,2,2.0194032641029422,170,0
A6_pda,1.2076923076923076,-0.14743589743589744,true,2,2.0194032908257027,2,1.9985377588694646,31843,2,2.019403293866248,171,0
A6_pda,1.2717948717948717,-0.14743589743589744,true,2,2.019403320874902,2,1.998537758864524,31841,2,2.0194033236298328,169,0
A6_pda,1.3358974358974358,-0.14743589743589744,true,2,2.0194033503693727,2,1.9985377588598467,31842,2,2.019403353393672,170,0
A6_pda,1.4,-0.14743589743589744,true,2,2.019403381168787,2,1.9985377588554316,31843,2,2.0194033831577474,171,0
A6_pda,-1.1,-0.08846153846153847,true,1,1.0122157194693713,1,0.9990751396098334,28446,1,1.0122157157281892,172,1
A6_pda,-1.035897435897436,-0.08846153846153847,true,1,1.0122157522648225,1,0.9990751327888465,28669,1,1.0122157416973523,168,1
A6_pda,-0.9717948717948718,-0.08846153846153847,true,0,0.012215784619445058,0,-0.0009248430279387154,28208,0,0.01221579867071132,160,0
A6_pda,-0.9076923076923077,-0.08846153846153847,true,0,0.012215817500085158,0,-0.0009248524326070928,28535,0,0.012215822056161119,121,0
A6_pda,-0.8435897435897436,-0.08846153846153847,true,0,0.012215850283597063,0,-0.000924854128577568,28638,0,0.012215853150295053,147,0
A6_pda,-0.7794871794871795,-0.08846153846153847,true,0,0.01221588302967791,0,-0.0009248548385671906,28478,0,0.012215885230410728,143,0
A6_pda,-0.7153846153846154,-0.08846153846153847,true,0,0.012215915896890084,0,-0.0009248552287584033,28923,0,0.012215917630295947,109,0
A6_pda,-0.6512820512820513,-0.08846153846153847,true,0,0.012215948591849601,0,-0.0009248554755141303,28629,0,0.012215950173597778,188,0
A6_pda,-0.5871794871794872,-0.08846153846153847,true,0,0.012215981458809422,0,-0.0009248556456629142,29350,0,0.012215982793501667,118,0
A6_pda,-0.5230769230769231,-0.08846153846153847,true,0,0.012216014235266193,0,-0.0009248557700947124,28785,0,0.012216015459113994,152,0
A6_pda,-0.45897435897435895,-0.08846153846153847,true,0,0.012216047041249567,0,-0.0009248558650456484,28957,0,0.012216048154182757,137,0
A6_pda,-0.39487179487179486,-0.08846153846153847,true,0,0.012216079842425454,0,-0.0009248559398988832,28259,0,0.012216080869341672,139,0
A6_pda,-0.33076923076923076,-0.08846153846153847,true,0,0.012216112583893324,0,-0.0009248560004297968,28644,0,0.012216113598813472,190,0
A6_pda,-0.26666666666666666,-0.08846153846153847,true,0,0.012216145323953875,0,-0.0009248560503860581,27556,0,0.012216146338843825,172,0
A6_pda,-0.20256410256410257,-0.08846153846153847,true,0,0.012216178198730332,0,-0.0009248560923034166,29197,0,0.012216179086879886,177,0
A6_pda,-0.13846153846153847,-0.08846153846153847,true,0,0.012216211059995596,0,-0.0009248561280092993,28483,0,0.012216211841131863,131,0
A6_pda,-0.07435897435897436,-0.08846153846153847,true,0,0.012216243850368902,0,-0.0009248561587762438,28723,0,0.012216244600307236,133,0
A6_pda,-0.010256410256410256,-0.08846153846153847,true,0,0.012216276467333143,0,-0.0009248561855654813,28876,0,0.012216277363445438,189,0
A6_pda,0.05384615384615385,-0.08846153846153847,true,0,0.01221630954240771,0,-0.0009248562090924395,29013,0,0.01221631012981983,169,0
A6_pda,0.11794871794871795,-0.08846153846153847,true,2,2.012216341817437,2,1.9990751437700487,28595,2,2.012216342898874,162,0
A6_pda,0.18205128205128204,-0.08846153846153847,true,2,2.0122163749691104,2,1.9990751437514755,28999,2,2.0122163756701674,126,0
A6_pda,0.24615384615384617,-0.08846153846153847,true,2,2.012216407690281,2,1.9990751437347898,29120,2,2.0122164084433534,146,0
A6_pda,0.31025641025641026,-0.08846153846153847,true,2,2.0122164396155817,2,1.9990751437197178,29266,2,2.0122164412181514,152,0
A6_pda,0.37435897435897436,-0.08846153846153847,true,2,2.0122164731851506,2,1.999075143706057,28631,2,2.012216473994334,123,0
A6_pda,0.43846153846153846,-0.08846153846153847,true,2,2.012216506075937,2,1.9990751436936167,28324,2,2.0122165067717157,154,0
A6_pda,0.5025641025641026,-0.08846153846153847,true,2,2.01221653886612,2,1.9990751436822163,28247,2,2.0122165395501392,114,0
A6_pda,0.5666666666666667,-0.08846153846153847,true,2,2.012216571391021,2,1.9990751436717784,28560,2,2.012216572329476,156,0
A6_pda,0.6307692307692307,-0.08846153846153847,true,2,2.012216604455219,2,1.999075143662111,28259,2,2.0122166051096158,166,0
A6_pda,0.6948717948717948,-0.08846153846153847,true,2,2.012216637159246,2,1.9990751436531933,28906,2,2.0122166378904662,177,0
A6_pda,0.7589743589743589,-0.08846153846153847,true,2,2.0122166700128377,2,1.9990751436449221,28545,2,2.012216670671949,168,0
A6_pda,0.823076923076923,-0.08846153846153847,true,2,2.0122167026564837,2,1.9990751436372247,28177,2,2.0122167034539964,133,0
A6_pda,0.8871794871794871,-0.08846153846153847,true,2,2.0122167355750924,2,1.99907514363005,29060,2,2.012216736236547,149,0
A6_pda,0.9512820512820512,-0.08846153846153847,true,2,2.0122167683768275,2,1.9990751436233438,28656,2,2.0122167690195516,160,0
A6_pda,1.0153846153846153,-0.08846153846153847,true,2,2.0122168012572086,2,1.9990751436170506,28480,2,2.012216801802965,110,0
A6_pda,1.0794871794871794,-0.08846153846153847,true,2,2.012216833998391,2,1.9990751436111525,28930,2,2.012216834586748,182,0
A6_pda,1.1435897435897435,-0.08846153846153847,true,2,2.012216866783498,2,1.9990751436055827,28944,2,2.012216867370869,150,0
A6_pda,1.2076923076923076,-0.08846153846153847,true,2,2.012216899555882,2,1.999075143600353,28518,2,2.012216900155291,142,0
A6_pda,1.2717948717948717,-0.08846153846153847,true,2,2.012216932531594,2,1.9990751435954128,28910,2,2.012216932939994,157,0
A6_pda,1.3358974358974358,-0.08846153846153847,true,2,2.012216965012933,2,1.999075143590734,28233,2,2.0122169657249485,182,0
A6_pda,1.4,-0.08846153846153847,true,2,2.0122169979053277,2,1.9990751435863015,28509,2,2.012216998510136,185,0
A6_pda,-1.1,-0.029487179487179487,true,1,1.0042849650423276,1,0.9996740605526009,6879,1,1.0042849612685385,34,1
A6_pda,-1.035897435897436,-0.029487179487179487,true,1,1.0042850013103284,1,0.9996740537316059,6931,1,1.0042849907003395,47,1
A6_pda,-0.9717948717948718,-0.029487179487179487,true,0,0.004285037735604957,0,-0.0003259220851814515,6618,0,0.004285051136333817,38,0
A6_pda,-0.9076923076923077,-0.029487179487179487,true,0,0.004285073931370897,0,-0.0003259314898598209,6949,0,0.004285077984418462,38,0
A6_pda,-0.8435897435897436,-0.029487179487179487,true,0,0.004285110190058283,0,-0.00032593318584073216,6914,0,0.004285112541183911,43,0
A6_pda,-0.7794871794871795,-0.029487179487179487,true,0,0.004285146321006739,0,-0.00032593389582702414,6837,0,0.004285148083929324,42,0
A6_pda,-0.7153846153846154,-0.029487179487179487,true,0,0.004285182699917289,0,-0.0003259342860266745,7008,0,0.00428518394644084,37,0
A6_pda,-0.6512820512820513,-0.029487179487179487,true,0,0.004285218968053894,0,-0.00032593453280260754,6907,0,0.004285219952368302,38,0
A6_pda,-0.5871794871794872,-0.029487179487179487,true,0,0.004285255202992055,0,-0.00032593470295716465,6989,0,0.0042852560348954905,43,0
A6_pda,-0.5230769230769231,-0.029487179487179487,true,0,0.004285291468193453,0,-0.00032593482739051716,6681,0,0.004285292163129006,49,0
A6_pda,-0.45897435897435895,-0.029487179487179487,true,0,0.0042853277075497465,0,-0.0003259349223529995,6923,0,0.004285328320816295,42,0
A6_pda,-0.39487179487179486,-0.029487179487179487,true,0,0.004285363937988285,0,-0.000325934997215116,7054,0,0.004285364498592625,42,0
A6_pda,-0.33076923076923076,-0.029487179487179487,true,0,0.004285400088933744,0,-0.0003259350577451414,6808,0,0.004285400690679841,45,0
A6_pda,-0.26666666666666666,-0.029487179487179487,true,0,0.0042854364974879156,0,-0.00032593510770317913,6969,0,0.004285436893322059,46,0
A6_pda,-0.20256410256410257,-0.029487179487179487,true,0,0.004285472734965823,0,-0.00032593514964474046,6749,0,0.004285473103968429,37,0
A6_pda,-0.13846153846153847,-0.029487179487179487,true,0,0.004285508951761052,0,-0.0003259351853568404,6826,0,0.004285509320829939,48,0
A6_pda,-0.07435897435897436,-0.029487179487179487,true,0,0.004285545308111982,0,-0.00032593521612378495,7074,0,0.004285545542611624,56,0
A6_pda,-0.010256410256410256,-0.029487179487179487,true,0,0.004285581567390562,0,-0.0003259352429163531,6960,0,0.004285581768353586,49,0
A6_pda,0.05384615384615385,-0.029487179487179487,true,0,0.0042856176891570286,0,-0.0003259352664657378,6731,0,0.004285617997332181,64,0
A6_pda,0.11794871794871795,-0.029487179487179487,true,0,0.0042856539363501645,0,-0.00032593528731661436,7160,0,0.004285654228985747,59,0
A6_pda,0.18205128205128204,-0.029487179487179487,true,2,2.0042856903039388,2,1.9996740646940863,6452,2,2.004285690462878,56,0
A6_pda,0.24615384615384617,-0.029487179487179487,true,2,2.0042857264774674,2,1.9996740646773925,7060,2,2.00428572669866,50,0
A6_pda,0.31025641025641026,-0.029487179487179487,true,2,2.0042857627144133,2,1.9996740646623263,6952,2,2.0042857629360524,50,0
A6_pda,0.37435897435897436,-0.029487179487179487,true,2,2.0042857988948484,2,1.9996740646486626,6794,2,2.0042857991748266,54,0
A6_pda,0.43846153846153846,-0.029487179487179487,true,2,2.0042858351031376,2,1.999674064636205,6805,2,2.004285835414798,54,0
A6_pda,0.5025641025641026,-0.029487179487179487,true,2,2.0042858712519167,2,1.9996740646248092,6910,2,2.0042858716558096,28,0
A6_pda,0.5666666666666667,-0.029487179487179487,true,2,2.0042859076756296,2,1.9996740646143465,6876,2,2.0042859078977315,56,0
A6_pda,0.6307692307692307,-0.029487179487179487,true,2,2.004285944021266,2,1.9996740646046858,6901,2,2.004285944140456,51,0
A6_pda,0.6948717948717948,-0.029487179487179487,true,2,2.0042859801389152,2,1.9996740645957631,6785,2,2.004285980383888,48,0
A6_pda,0.7589743589743589,-0.029487179487179487,true,2,2.0042860164827707,2,1.9996740645874769,6727,2,2.004286016627951,58,0
A6_pda,0.823076923076923,-0.029487179487179487,true,2,2.004286051237666,2,1.9996740645797748,7102,2,2.004286052872575,45,0
A6_pda,0.8871794871794871,-0.029487179487179487,true,2,2.004286088826265,2,1.999674064572588,6990,2,2.0042860891177017,51,0
A6_pda,0.9512820512820512,-0.029487179487179487,true,2,2.0042861251365944,2,1.9996740645658726,7026,2,2.0042861253632793,40,0
A6_pda,1.0153846153846153,-0.029487179487179487,true,2,2.0042861615137744,2,1.9996740645595787,6848,2,2.004286161609264,47,0
A6_pda,1.0794871794871794,-0.029487179487179487,true,2,2.004286197770099,2,1.999674064553662,6725,2,2.0042861978556163,52,0
A6_pda,1.1435897435897435,-0.029487179487179487,true,2,2.0042862340230236,2,1.999674064548103,6748,2,2.0042862341023024,49,0
A6_pda,1.2076923076923076,-0.029487179487179487,true,2,2.0042862701184276,2,1.9996740645428583,6813,2,2.004286270349291,48,0
A6_pda,1.2717948717948717,-0.029487179487179487,true,2,2.0042863065035728,2,1.9996740645379094,6980,2,2.0042863065965557,48,0
A6_pda,1.3358974358974358,-0.029487179487179487,true,2,2.00428634279716,2,1.9996740645332265,6623,2,2.0042863428440723,50,0
A6_pda,1.4,-0.029487179487179487,true,2,2.004286379004652,2,1.9996740645287918,6765,2,2.004286379091819,44,0
A6_pda,-1.1,0.029487179487179487,true,1,0.9954995913123343,1,1.0003457243791012,6891,1,0.9954995875143319,44,1
A6_pda,-1.035897435897436,0.029487179487179487,true,1,0.995499631517976,1,1.0003457175580974,6915,1,0.9954996209292996,34,1
A6_pda,-0.9717948717948718,0.029487179487179487,true,0,-0.0045003279820574615,0,0.0003457417413069708,6849,0,-0.004500314651541659,36,0
A6_pda,-0.9076923076923077,0.029487179487179487,true,0,-0.004500287784465762,0,0.0003457323366182763,6910,0,-0.004500283820294548,48,0
A6_pda,-0.8435897435897436,0.029487179487179487,true,0,-0.004500247645164324,0,0.00034573064062448644,6964,0,-0.004500245280369963,43,0
A6_pda,-0.7794871794871795,0.029487179487179487,true,0,-0.004500207399614764,0,0.0003457299306348638,7023,0,-0.004500205754467412,48,0
A6_pda,-0.7153846153846154,0.029487179487179487,true,0,-0.004500167180691461,0,0.0003457295404162286,6910,0,-0.0045001659088015344,41,0
A6_pda,-0.6512820512820513,0.029487179487179487,true,0,-0.004500126912700075,0,0.0003457292936358547,6909,0,-0.004500125919721487,39,0
A6_pda,-0.5871794871794872,0.029487179487179487,true,0,-0.004500086704492867,0,0.00034572912347363705,6755,0,-0.004500085854044489,50,0
A6_pda,-0.5230769230769231,0.029487179487179487,true,0,-0.004500046522280643,0,0.00034572899903428933,6666,0,-0.0045000457426640494,42,0
A6_pda,-0.45897435897435895,0.029487179487179487,true,0,-0.004500006198462803,0,0.00034572890406148193,6773,0,-0.004500005601831836,51,0
A6_pda,-0.39487179487179486,0.029487179487179487,true,0,-0.004499965972160513,0,0.0003457288291961458,7001,0,-0.004499965440913467,46,0
A6_pda,-0.33076923076923076,0.029487179487179487,true,0,-0.004499925760231616,0,0.0003457287686534638,6916,0,-0.004499925265685656,45,0
A6_pda,-0.26666666666666666,0.029487179487179487,true,0,-0.004499885760050892,0,0.00034572871868421284,6917,0,-0.004499885079906285,52,0
A6_pda,-0.20256410256410257,0.029487179487179487,true,0,-0.00449984532543235,0,0.00034572867673643426,6895,0,-0.004499844886124427,53,0
A6_pda,-0.13846153846153847,0.029487179487179487,true,0,-0.00449980504687475,0,0.00034572864102055956,6892,0,-0.004499804686130426,59,0
A6_pda,-0.07435897435897436,0.029487179487179487,true,0,-0.004499764861449762,0,0.0003457286102330759,6811,0,-0.004499764481218804,53,0
A6_pda,-0.010256410256410256,0.029487179487179487,true,0,-0.004499724384682047,0,0.0003457285834335133,6934,0,-0.004499724272348349,55,0
A6_pda,0.05384615384615385,0.029487179487179487,true,0,-0.004499684265705017,0,0.0003457285598738036,7009,0,-0.00449968406024559,51,0
A6_pda,0.11794871794871795,0.029487179487179487,true,0,-0.004499643860156555,0,0.00034572853902115064,6797,0,-0.004499643845468748,52,0
A6_pda,0.18205128205128204,0.029487179487179487,true,0,-0.0044996036830617925,0,0.0003457285204147009,6829,0,-0.004499603628456583,48,0
A6_pda,0.24615384615384617,0.029487179487179487,true,2,1.9955004364141686,2,2.0003457285037136,6767,2,1.9955004365904436,61,0
A6_pda,0.31025641025641026,0.029487179487179487,true,2,1.9955004764984405,2,2.0003457284886412,6924,2,1.995500476810951,50,0
A6_pda,0.37435897435897436,0.029487179487179487,true,2,1.9955005169042286,2,2.0003457284749677,6812,2,1.995500517032839,54,0
A6_pda,0.43846153846153846,0.029487179487179487,true,2,1.9955005570980817,2,2.0003457284624986,6940,2,1.9955005572559203,67,0
A6_pda,0.5025641025641026,0.029487179487179487,true,2,1.9955005971564839,2,2.0003457284511006,6787,2,1.9955005974800397,63,0
A6_pda,0.5666666666666667,0.029487179487179487,true,2,1.9955006374533142,2,2.000345728440619,6992,2,1.9955006377050677,62,0
A6_pda,0.6307692307692307,0.029487179487179487,true,2,1.9955006777638533,2,2.0003457284309585,6852,2,1.995500677930895,47,0
A6_pda,0.6948717948717948,0.029487179487179487,true,2,1.9955007179952924,2,2.0003457284220216,6833,2,1.9955007181574282,46,0
A6_pda,0.7589743589743589,0.029487179487179487,true,2,1.995500758236076,2,2.000345728413725,6964,2,1.995500758384589,50,0
A6_pda,0.823076923076923,0.029487179487179487,true,2,1.9955007984628335,2,2.0003457284060175,6672,2,1.995500798612309,40,0
A6_pda,0.8871794871794871,0.029487179487179487,true,2,1.9955008387076465,2,2.0003457283988224,6924,2,1.995500838840528,56,0
A6_pda,0.9512820512820512,0.029487179487179487,true,2,1.9955008785466644,2,2.0003457283920976,7085,2,1.995500879069197,57,0
A6_pda,1.0153846153846153,0.029487179487179487,true,2,1.9955009191906472,2,2.0003457283857946,7009,2,1.9955009192982698,46,0
A6_pda,1.0794871794871794,0.029487179487179487,true,2,1.995500959365921,2,2.0003457283798713,6839,2,1.9955009595277087,47,0
A6_pda,1.1435897435897435,0.029487179487179487,true,2,1.995500999661401,2,2.0003457283743025,6835,2,1.9955009997574777,40,0
A6_pda,1.2076923076923076,0.029487179487179487,true,2,1.9955010398001596,2,2.0003457283690476,6661,2,1.9955010399875475,55,0
A6_pda,1.2717948717948717,0.029487179487179487,true,2,1.9955010801462487,2,2.000345728364093,7164,2,1.9955010802178907,46,0
A6_pda,1.3358974358974358,0.029487179487179487,true,2,1.9955011203623638,2,2.0003457283594024,6892,2,1.9955011204484832,61,0
A6_pda,1.4,0.029487179487179487,true,2,1.9955011606210578,2,2.0003457283549575,6744,2,1.9955011606793034,43,0
A6_pda,-1.1,0.08846153846153847,true,1,0.9857294089641201,1,1.0011042333451194,28204,1,0.9857294053458955,170,1
A6_pda,-1.035897435897436,0.08846153846153847,true,1,0.985729453957076,1,1.0011042265241055,29277,1,0.9857294433581345,135,1
A6_pda,-0.9717948717948718,0.08846153846153847,true,0,-0.014270501583319106,0,0.00110425070729947,28574,0,-0.014270487625438477,172,0
A6_pda,-0.9076923076923077,0.08846153846153847,true,0,-0.014270456923141994,0,0.0011042413026010056,29032,0,-0.014270452196925687,145,0
A6_pda,-0.8435897435897436,0.08846153846153847,true,0,-0.014270411919825587,0,0.0011042396065999993,28671,0,-0.014270409059738531,150,0
A6_pda,-0.7794871794871795,0.08846153846153847,true,0,-0.014270367042838128,0,0.0011042388965947225,28489,0,-0.014270364936576962,145,0
A6_pda,-0.7153846153846154,0.08846153846153847,true,0,-0.014270322253687961,0,0.001104238506378863,29048,0,-0.014270320493653621,182,0
A6_pda,-0.6512820512820513,0.08846153846153847,true,0,-0.014270277437495649,0,0.0011042382595876088,28848,0,-0.014270275907318775,186,0
A6_pda,-0.5871794871794872,0.08846153846153847,true,0,-0.014270232596295118,0,0.0011042380894128456,28956,0,-0.014270231244391862,169,0
A6_pda,-0.5230769230769231,0.08846153846153847,true,0,-0.014270187757011499,0,0.0011042379649608414,28969,0,-0.014270186535762619,162,0
A6_pda,-0.45897435897435895,0.08846153846153847,true,0,-0.014270142922909734,0,0.0011042378699712696,28698,0,-0.014270141797686486,187,0
A6_pda,-0.39487179487179486,0.08846153846153847,true,0,-0.01427009808752433,0,0.001104237795098273,28597,0,-0.014270097039525309,141,0
A6_pda,-0.33076923076923076,0.08846153846153847,true,0,-0.014270053185600595,0,0.0011042377345448218,28460,0,-0.01427005226705802,176,0
A6_pda,-0.26666666666666666,0.08846153846153847,true,0,-0.014270008436172654,0,0.0011042376845642465,28600,0,-0.014270007484042058,150,0
A6_pda,-0.20256410256410257,0.08846153846153847,true,0,-0.01426996363307298,0,0.0011042376426145806,28446,0,-0.014269962693026716,162,0
A6_pda,-0.13846153846153847,0.08846153846153847,true,0,-0.014269918742392473,0,0.0011042376068822746,28630,0,-0.014269917895801676,184,0
A6_pda,-0.07435897435897436,0.08846153846153847,true,0,-0.014269873920019105,0,0.0011042375760937917,28165,0,-0.014269873093663232,156,0
A6_pda,-0.010256410256410256,0.08846153846153847,true,0,-0.01426982920418407,0,0.0011042375492719136,28590,0,-0.01426982828756751,167,0
A6_pda,0.05384615384615385,0.08846153846153847,true,0,-0.01426978402953094,0,0.0011042375257055426,28630,0,-0.014269783478241926,151,0
A6_pda,0.11794871794871795,0.08846153846153847,true,0,-0.014269739383957036,0,0.001104237504845118,27485,0,-0.014269738666246923,186,0
A6_pda,0.18205128205128204,0.08846153846153847,true,0,-0.014269694646358522,0,0.0011042374862187954,28451,0,-0.014269693852018372,194,0
A6_pda,0.24615384615384617,0.08846153846153847,true,0,-0.014269649513573013,0,0.001104237469515601,28812,0,-0.014269649035904663,159,0
A6_pda,0.31025641025641026,0.08846153846153847,true,2,1.985730395102166,2,2.001104237454431,29327,2,1.9857303957818122,207,0
A6_pda,0.37435897435897436,0.08846153846153847,true,2,1.9857304396343376,2,2.0011042374407553,28099,2,1.9857304406009089,185,0
A6_pda,0.43846153846153846,0.08846153846153847,true,2,1.9857304847052686,2,2.0011042374282724,28285,2,1.9857304854211946,152,0
A6_pda,0.5025641025641026,0.08846153846153847,true,2,1.985730529335262,2,2.0011042374168557,28257,2,1.985730530242516,153,0
A6_pda,0.5666666666666667,0.08846153846153847,true,2,1.9857305743132816,2,2.001104237406368,28337,2,1.9857305750647436,196,0
A6_pda,0.6307692307692307,0.08846153846153847,true,2,1.985730619100749,2,2.0011042373966963,28594,2,1.9857306198877658,159,0
A6_pda,0.6948717948717948,0.08846153846153847,true,2,1.9857306639563177,2,2.001104237387752,27997,2,1.9857306647114925,102,0
A6_pda,0.7589743589743589,0.08846153846153847,true,2,1.9857307088814342,2,2.001104237379444,27923,2,1.985730709535843,161,0
A6_pda,0.823076923076923,0.08846153846153847,true,2,1.9857307535156066,2,2.0011042373717203,28161,2,1.98573075436075,161,0
A6_pda,0.8871794871794871,0.08846153846153847,true,2,1.9857307984249088,2,2.0011042373645203,29060,2,1.9857307991861544,174,0
A6_pda,0.9512820512820512,0.08846153846153847,true,2,1.985730843412219,2,2.0011042373577874,28318,2,1.985730844012004,159,0
A6_pda,1.0153846153846153,0.08846153846153847,true,2,1.9857308882139186,2,2.0011042373514654,28252,2,1.985730888838256,166,0
A6_pda,1.0794871794871794,0.08846153846153847,true,2,1.985730933020645,2,2.001104237345541,29022,2,1.9857309336648692,129,0
A6_pda,1.1435897435897435,0.08846153846153847,true,2,1.9857309778831471,2,2.0011042373399635,27907,2,1.9857309784918127,150,0
A6_pda,1.2076923076923076,0.08846153846153847,true,2,1.9857310227029576,2,2.001104237334706,28378,2,1.9857310233190533,143,0
A6_pda,1.2717948717948717,0.08846153846153847,true,2,1.9857310675984392,2,2.0011042373297245,28068,2,1.9857310681465616,126,0
A6_pda,1.3358974358974358,0.08846153846153847,true,2,1.9857311123751906,2,2.001104237325027,28347,2,1.9857311129743191,165,0
A6_pda,1.4,0.08846153846153847,true,2,1.9857311571347984,2,2.0011042373205736,28327,2,1.9857311578023,178,0
A6_pda,-1.1,0.14743589743589744,true,1,0.974820898271507,1,1.0019675844854374,31842,1,0.974820895072317,170,1
A6_pda,-1.035897435897436,0.14743589743589744,true,1,0.9748209485633487,1,1.001967577664412,31845,1,0.9748209384053915,173,1
A6_pda,-0.9717948717948718,0.14743589743589744,true,0,-0.025179003162955294,0,0.001967601847593148,31843,0,-0.025178987257349128,171,0
A6_pda,-0.9076923076923077,0.14743589743589744,true,0,-0.025178952875624327,0,0.0019675924428840252,31843,0,-0.02517894650800967,171,0
A6_pda,-0.8435897435897436,0.14743589743589744,true,0,-0.025178902724893426,0,0.0019675907468809095,31840,0,-0.025178898049996512,168,0
A6_pda,-0.7794871794871795,0.14743589743589744,true,0,-0.025178852784940364,0,0.001967590036846434,31841,0,-0.025178848606011828,169,0
A6_pda,-0.7153846153846154,0.14743589743589744,true,0,-0.02517880255002436,0,0.0019675896466156972,31839,0,-0.025178798842270034,167,0
A6_pda,-0.6512820512820513,0.14743589743589744,true,0,-0.025178752339479527,0,0.0019675893998163385,31829,0,-0.025178748935122952,157,0
A6_pda,-0.5871794871794872,0.14743589743589744,true,0,-0.025178702076515957,0,0.0019675892296325825,31843,0,-0.025178698951382694,171,0
A6_pda,-0.5230769230769231,0.14743589743589744,true,0,-0.025178652087504583,0,0.0019675891051671446,31838,0,-0.025178648921947433,166,0
A6_pda,-0.45897435897435895,0.14743589743589744,true,0,-0.0251786017525224,0,0.001967589010174575,31841,0,-0.025178598863063728,169,0
A6_pda,-0.39487179487179486,0.14743589743589744,true,0,-0.025178551606444,0,0.0019675889352760434,31838,0,-0.025178548784101862,166,0
A6_pda,-0.33076923076923076,0.14743589743589744,true,0,-0.025178501620516602,0,0.0019675888747147097,31833,0,-0.02517849869083677,161,0
A6_pda,-0.26666666666666666,0.14743589743589744,true,0,-0.02517845110034167,0,0.0019675888247149276,31841,0,-0.025178448587027003,169,0
A6_pda,-0.20256410256410257,0.14743589743589744,true,0,-0.0251784012495182,0,0.0019675887827595995,31845,0,-0.02517839847522163,173,0
A6_pda,-0.13846153846153847,0.14743589743589744,true,0,-0.025178350714439857,0,0.001967588747015192,31844,0,-0.02517834835720767,172,0
A6_pda,-0.07435897435897436,0.14743589743589744,true,0,-0.02517829974425556,0,0.0019675887162170502,31846,0,-0.025178298234284302,174,0
A6_pda,-0.010256410256410256,0.14743589743589744,true,0,-0.0251782506893532,0,0.0019675886893777417,31845,0,-0.025178248107407653,173,0
A6_pda,0.05384615384615385,0.14743589743589744,true,0,-0.02517820037083518,0,0.0019675886658157005,31845,0,-0.02517819797730536,173,0
A6_pda,0.11794871794871795,0.14743589743589744,true,0,-0.025178150298990065,0,0.001967588644925966,31850,0,-0.02517814784453587,178,0
A6_pda,0.18205128205128204,0.14743589743589744,true,0,-0.025178099642406693,0,0.0019675886262854325,31848,0,-0.02517809770953816,176,0
A6_pda,0.24615384615384617,0.14743589743589744,true,0,-0.025178050223964688,0,0.0019675886095688044,31848,0,-0.02517804757265707,176,0
A6_pda,0.31025641025641026,0.14743589743589744,true,0,-0.02517800010396032,0,0.001967588594488201,31856,0,-0.02517799743417526,184,0
A6_pda,0.37435897435897436,0.14743589743589744,true,2,1.9748220498990934,2,2.001967588580766,31858,2,1.9748220527056812,186,0
A6_pda,0.43846153846153846,0.14743589743589744,true,2,1.9748220998586663,2,2.0019675885682995,31850,2,1.9748221028467237,178,0
A6_pda,0.5025641025641026,0.14743589743589744,true,2,1.974822149893628,2,2.0019675885568464,31849,2,1.9748221529887977,177,0
A6_pda,0.5666666666666667,0.14743589743589744,true,2,1.9748222000939104,2,2.0019675885463606,31851,2,1.9748222031317757,179,0
A6_pda,0.6307692307692307,0.14743589743589744,true,2,1.9748222503581032,2,2.001967588536674,31847,2,1.9748222532755455,175,0
A6_pda,0.6948717948717948,0.14743589743589744,true,2,1.9748223004854488,2,2.001967588527724,31836,2,1.9748223034200163,164,0
A6_pda,0.7589743589743589,0.14743589743589744,true,2,1.9748223504214986,2,2.0019675885194026,31847,2,1.9748223535651057,175,0
A6_pda,0.823076923076923,0.14743589743589744,true,2,1.974822400769035,2,2.001967588511663,31847,2,1.9748224037107485,175,0
A6_pda,0.8871794871794871,0.14743589743589744,true,2,1.9748224506999845,2,2.001967588504464,31843,2,1.9748224538568866,171,0
A6_pda,0.9512820512820512,0.14743589743589744,true,2,1.974822501159489,2,2.0019675884977106,31843,2,1.9748225040034668,171,0
A6_pda,1.0153846153846153,0.14743589743589744,true,2,1.9748225512245101,2,2.001967588491372,31842,2,1.9748225541504443,170,0
A6_pda,1.0794871794871794,0.14743589743589744,true,2,1.974822601449017,2,2.0019675884854333,31842,2,1.9748226042977806,170,0
A6_pda,1.1435897435897435,0.14743589743589744,true,2,1.9748226515622282,2,2.0019675884798316,31842,2,1.9748226544454432,170,0
A6_pda,1.2076923076923076,0.14743589743589744,true,2,1.9748227017482602,2,2.0019675884745585,31842,2,1.974822704593399,170,0
A6_pda,1.2717948717948717,0.14743589743589744,true,2,1.9748227519194985,2,2.001967588469591,31842,2,1.9748227547416213,170,0
A6_pda,1.3358974358974358,0.14743589743589744,true,2,1.974822802082814,2,2.001967588464864,31846,2,1.9748228048900867,174,0
A6_pda,1.4,0.14743589743589744,true,2,1.9748228522580293,2,2.0019675884603982,31842,2,1.974822855038775,170,0
A6_pda,-1.1,0.2064102564102564,true,1,0.9625935022369617,1,1.0029591129365498,51289,1,0.9625934996578089,258,1
A6_pda,-1.035897435897436,0.2064102564102564,true,1,0.9625935586384254,1,1.002959106115509,51241,1,0.9625935491607956,258,1
A6_pda,-0.9717948717948718,0.2064102564102564,true,0,-0.03740638530087215,0,0.0029591302986741175,51103,0,-0.037406370332036865,257,0
A6_pda,-0.9076923076923077,0.2064102564102564,true,0,-0.03740632882709738,0,0.0029591208939325764,51266,0,-0.03740632341279171,260,0
A6_pda,-0.8435897435897436,0.2064102564102564,true,0,-0.03740627236683847,0,0.002959119197921356,51266,0,-0.037406268784879515,261,0
A6_pda,-0.7794871794871795,0.2064102564102564,true,0,-0.03740621611380801,0,0.00295911848788577,51279,0,-0.037406213170999125,257,0
A6_pda,-0.7153846153846154,0.2064102564102564,true,0,-0.03740615988310814,0,0.002959118097637492,51150,0,-0.03740615723736562,262,0
A6_pda,-0.6512820512820513,0.2064102564102564,true,0,-0.03740610370025088,0,0.0029591178508144855,51221,0,-0.03740610116032861,257,0
A6_pda,-0.5871794871794872,0.2064102564102564,true,0,-0.03740604731892683,0,0.0029591176806265107,51393,0,-0.03740604500670641,254,0
A6_pda,-0.5230769230769231,0.2064102564102564,true,0,-0.037405990388361676,0,0.0029591175561304306,51328,0,-0.03740598880738899,257,0
A6_pda,-0.45897435897435895,0.2064102564102564,true,0,-0.037405934757236636,0,0.0029591174611328652,51244,0,-0.03740593257863001,265,0
A6_pda,-0.39487179487179486,0.2064102564102564,true,0,-0.0374058781854425,0,0.002959117386213128,51310,0,-0.037405876329795085,259,0
A6_pda,-0.33076923076923076,0.2064102564102564,true,0,-0.037405821397816785,0,0.002959117325645244,51319,0,-0.03740582006666204,269,0
A6_pda,-0.26666666666666666,0.2064102564102564,true,0,-0.03740576541219842,0,0.0029591172756322504,51237,0,-0.03740576379298832,256,0
A6_pda,-0.20256410256410257,0.2064102564102564,true,0,-0.037405707322288206,0,0.00295911723363651,51328,0,-0.03740570751132122,264,0
A6_pda,-0.13846153846153847,0.2064102564102564,true,0,-0.03740565304605892,0,0.002959117197894656,51197,0,-0.03740565122345263,264,0
A6_pda,-0.07435897435897436,0.2064102564102564,true,0,-0.03740559685760747,0,0.002959117167064651,51280,0,-0.037405594930676855,257,0
A6_pda,-0.010256410256410256,0.2064102564102564,true,0,-0.037405540266953974,0,0.0029591171402361116,51232,0,-0.03740553863395202,267,0
A6_pda,0.05384615384615385,0.2064102564102564,true,0,-0.03740548439444247,0,0.0029591171166334362,51106,0,-0.03740548233400487,266,0
A6_pda,0.11794871794871795,0.2064102564102564,true,0,-0.03740542721797957,0,0.002959117095753916,51187,0,-0.03740542603139452,270,0
A6_pda,0.18205128205128204,0.2064102564102564,true,0,-0.03740537136128119,0,0.002959117077101392,51297,0,-0.03740536972655906,271,0
A6_pda,0.24615384615384617,0.2064102564102564,true,0,-0.037405314746987495,0,0.002959117060355454,51242,0,-0.03740531341984754,275,0
A6_pda,0.31025641025641026,0.2064102564102564,true,0,-0.03740525874796319,0,0.002959117045242321,51190,0,-0.037405257111535306,271,0
A6_pda,0.37435897435897436,0.2064102564102564,true,0,-0.0374052030974692,0,0.0029591170315355075,51238,0,-0.03740520080185572,276,0
A6_pda,0.43846153846153846,0.2064102564102564,true,2,1.9625948541368394,2,2.0029591170190364,51329,2,1.9625948555090074,275,0
A6_pda,0.5025641025641026,0.2064102564102564,true,2,1.9625949106269784,2,2.002959117007589,51232,2,1.962594911820898,275,0
A6_pda,0.5666666666666667,0.2064102564102564,true,2,1.9625949688456354,2,2.0029591169970775,51293,2,1.9625949681336876,266,0
A6_pda,0.6307692307692307,0.2064102564102564,true,2,1.9625950229039613,2,2.0029591169873697,51280,2,1.9625950244472667,274,0
A6_pda,0.6948717948717948,0.2064102564102564,true,2,1.9625950799388403,2,2.0029591169784062,51113,2,1.962595080761541,268,0
A6_pda,0.7589743589743589,0.2064102564102564,true,2,1.9625951357365006,2,2.002959116970076,51205,2,1.9625951370764327,262,0
A6_pda,0.823076923076923,0.2064102564102564,true,2,1.9625951920898421,2,2.002959116962308,51264,2,1.9625951933918717,264,0
A6_pda,0.8871794871794871,0.2064102564102564,true,2,1.9625952486306106,2,2.002959116955087,51348,2,1.9625952497078014,269,0
A6_pda,0.9512820512820512,0.2064102564102564,true,2,1.962595306265579,2,2.002959116948319,51210,2,1.9625953060241708,268,0
A6_pda,1.0153846153846153,0.2064102564102564,true,2,1.9625953606825546,2,2.0029591169419865,51298,2,1.9625953623409331,264,0
A6_pda,1.0794871794871794,0.2064102564102564,true,2,1.9625954170096724,2,2.0029591169360255,51289,2,1.962595418658051,269,0
A6_pda,1.1435897435897435,0.2064102564102564,true,2,1.9625954738077749,2,2.0029591169304206,51174,2,1.962595474975489,267,0
A6_pda,1.2076923076923076,0.2064102564102564,true,2,1.9625955301858518,2,2.0029591169251186,51301,2,1.9625955312932168,267,0
A6_pda,1.2717948717948717,0.2064102564102564,true,2,1.9625955863836437,2,2.002959116920122,51274,2,1.9625955876112096,276,0
A6_pda,1.3358974358974358,0.2064102564102564,true,2,1.9625956428017324,2,2.0029591169153838,51231,2,1.9625956439294385,275,0
A6_pda,1.4,0.2064102564102564,true,2,1.9625956991957736,2,2.0029591169108976,51285,2,1.9625957002478875,263,0
A6_pda,-1.1,0.2653846153846154,true,1,0.9488361494523204,1,1.0041096279245234,63670,1,0.9488361459508574,326,1
A6_pda,-1.035897435897436,0.2653846153846154,true,1,0.9488362129549104,1,1.0041096211034601,63669,1,0.9488362026119396,325,1
A6_pda,-0.9717948717948718,0.2653846153846154,true,0,-0.05116372072463782,0,0.00410964528662916,63670,0,-0.051163709722801265,326,0
A6_pda,-0.9076923076923077,0.2653846153846154,true,0,-0.05116365593350225,0,0.004109635881870188,63669,0,-0.05116365564547065,325,0
A6_pda,-0.8435897435897436,0.2653846153846154,true,0,-0.05116359055038444,0,0.004109634185825772,63667,0,-0.05116359385947589,323,0
A6_pda,-0.7794871794871795,0.2653846153846154,true,0,-0.051163530466127316,0,0.004109633475766317,63669,0,-0.0511635310875187,325,0
A6_pda,-0.7153846153846154,0.2653846153846154,true,0,-0.051163466436368266,0,0.0041096330854878405,63665,0,-0.051163467995812395,321,0
A6_pda,-0.6512820512820513,0.2653846153846154,true,0,-0.05116340125844476,0,0.004109632838655286,63665,0,-0.05116340476070702,321,0
A6_pda,-0.5871794871794872,0.2653846153846154,true,0,-0.05116333927808081,0,0.004109632668436669,63668,0,-0.05116334144902113,324,0
A6_pda,-0.5230769230769231,0.2653846153846154,true,0,-0.051163276101484634,0,0.004109632543945696,63670,0,-0.05116327809164556,326,0
A6_pda,-0.45897435897435895,0.2653846153846154,true,0,-0.051163212827806115,0,0.004109632448891842,63671,0,-0.051163214704832205,327,0
A6_pda,-0.39487179487179486,0.2653846153846154,true,0,-0.051163148848811346,0,0.004109632373964223,63666,0,-0.05116315129794713,322,0
A6_pda,-0.33076923076923076,0.2653846153846154,true,0,-0.05116308550095727,0,0.0041096323133860135,63664,0,-0.05116308787676904,320,0
A6_pda,-0.26666666666666666,0.2653846153846154,true,0,-0.05116302193911726,0,0.0041096322633517035,63669,0,-0.051163024445054495,325,0
A6_pda,-0.20256410256410257,0.2653846153846154,true,0,-0.051162958311838924,0,0.004109632221335646,63668,0,-0.05116296100535189,324,0
A6_pda,-0.13846153846153847,0.2653846153846154,true,0,-0.051162896123383206,0,0.00410963218558813,63673,0,-0.0511628975594518,329,0
A6_pda,-0.07435897435897436,0.2653846153846154,true,0,-0.05116283100090335,0,0.0041096321547478,63671,0,-0.051162834108647415,327,0
A6_pda,-0.010256410256410256,0.2653846153846154,true,0,-0.051162768450921714,0,0.004109632127878737,63671,0,-0.0511627706539024,327,0
A6_pda,0.05384615384615385,0.2653846153846154,true,0,-0.051162704310231844,0,0.004109632104264183,63673,0,-0.05116270719593885,329,0
A6_pda,0.11794871794871795,0.2653846153846154,true,0,-0.051162640815712646,0,0.004109632083347026,63672,0,-0.05116264373531498,328,0
A6_pda,0.18205128205128204,0.2653846153846154,true,0,-0.0511625777595246,0,0.004109632064698943,63677,0,-0.05116258027247289,333,0
A6_pda,0.24615384615384617,0.2653846153846154,true,0,-0.05116251418857365,0,0.004109632047933909,63676,0,-0.051162516807756075,332,0
A6_pda,0.31025641025641026,0.2653846153846154,true,0,-0.05116245028270372,0,0.004109632032791466,63679,0,-0.051162453341446534,335,0
A6_pda,0.37435897435897436,0.2653846153846154,true,0,-0.05116238686358199,0,0.0041096320190502356,63680,0,-0.05116238987377186,336,0
A6_pda,0.43846153846153846,0.2653846153846154,true,0,-0.051162322019312034,0,0.0041096320065449055,63682,0,-0.05116232640491991,338,0
A6_pda,0.5025641025641026,0.2653846153846154,true,2,1.9488377403774912,2,2.0041096319950746,63689,2,1.9488377370649572,345,0
A6_pda,0.5666666666666667,0.2653846153846154,true,2,1.9488378040486518,2,2.0041096319845497,63681,2,1.9488378005357267,337,0
A6_pda,0.6307692307692307,0.2653846153846154,true,2,1.9488378672747724,2,2.004109631974819,63675,2,1.948837864007281,331,0
A6_pda,0.6948717948717948,0.2653846153846154,true,2,1.948837931878872,2,2.004109631965828,63676,2,1.9488379274795269,332,0
A6_pda,0.7589743589743589,0.2653846153846154,true,2,1.9488379955421975,2,2.0041096319574905,63676,2,1.9488379909523856,332,0
A6_pda,0.823076923076923,0.2653846153846154,true,2,1.9488380598920796,2,2.0041096319497216,63672,2,1.9488380544257857,328,0
A6_pda,0.8871794871794871,0.2653846153846154,true,2,1.9488381220556639,2,2.0041096319424674,63666,2,1.9488381178996752,322,0
A6_pda,0.9512820512820512,0.2653846153846154,true,2,1.9488381849883338,2,2.0041096319356835,63673,2,1.9488381813739961,329,0
A6_pda,1.0153846153846153,0.2653846153846154,true,2,1.9488382493189689,2,2.0041096319293246,63673,2,1.948838244848707,329,0
A6_pda,1.0794871794871794,0.2653846153846154,true,2,1.9488383117751913,2,2.004109631923332,63674,2,1.9488383083237673,330,0
A6_pda,1.1435897435897435,0.2653846153846154,true,2,1.9488383752214051,2,2.0041096319177174,63672,2,1.9488383717991442,328,0
A6_pda,1.2076923076923076,0.2653846153846154,true,2,1.94883843977287,2,2.0041096319124145,63669,2,1.948838435274807,325,0
A6_pda,1.2717948717948717,0.2653846153846154,true,2,1.9488385032329303,2,2.0041096319073812,63669,2,1.9488384987507281,325,0
A6_pda,1.3358974358974358,0.2653846153846154,true,2,1.948838565135076,2,2.0041096319026117,63670,2,1.9488385622268847,326,0
A6_pda,1.4,0.2653846153846154,true,2,1.948838631802628,2,2.0041096318981513,55715,2,1.9488386257032526,289,0
A6_pda,-1.1,0.3243589743589744,true,1,0.933304859370542,1,1.005460662557026,79585,1,0.933304855448658,405,1
A6_pda,-1.035897435897436,0.3243589743589744,true,1,0.9333049311596632,1,1.0054606557359376,79584,1,0.9333049204011857,404,1
A6_pda,-0.9717948717948718,0.3243589743589744,true,0,-0.06669498768294191,0,0.00546067991907051,79586,0,-0.06669498364211601,406,0
A6_pda,-0.9076923076923077,0.3243589743589744,true,0,-0.06669491622115342,0,0.005460670514288446,79585,0,-0.06669492127334875,405,0
A6_pda,-0.8435897435897436,0.3243589743589744,true,0,-0.06669484375359502,0,0.005460668818226044,79583,0,-0.066694851195924,403,0
A6_pda,-0.7794871794871795,0.3243589743589744,true,0,-0.06669477210056196,0,0.005460668108145383,79583,0,-0.06669478013254238,403,0
A6_pda,-0.7153846153846154,0.3243589743589744,true,0,-0.0666947006894083,0,0.005460667717857026,79580,0,-0.06669470874941652,400,0
A6_pda,-0.6512820512820513,0.3243589743589744,true,0,-0.06669462865053188,0,0.005460667470979619,79580,0,-0.06669463722289737,400,0
A6_pda,-0.5871794871794872,0.3243589743589744,true,0,-0.06669455710593764,0,0.005460667300754007,79582,0,-0.0666945656198028,402,0
A6_pda,-0.5230769230769231,0.3243589743589744,true,0,-0.0666944851001805,0,0.005460667176202305,79581,0,-0.066694493971023,401,0
A6_pda,-0.45897435897435895,0.3243589743589744,true,0,-0.06669441333929416,0,0.005460667081172321,79580,0,-0.06669442229281208,400,0
A6_pda,-0.39487179487179486,0.3243589743589744,true,0,-0.06669434198553614,0,0.005460667006222275,79580,0,-0.06669435059453366,400,0
A6_pda,-0.33076923076923076,0.3243589743589744,true,0,-0.06669427025887242,0,0.005460666945586334,79580,0,-0.06669427888196866,400,0
A6_pda,-0.26666666666666666,0.3243589743589744,true,0,-0.06669419937113186,0,0.0054606668955231585,79580,0,-0.06669420715887009,400,0
A6_pda,-0.20256410256410257,0.3243589743589744,true,0,-0.06669412668775676,0,0.005460666853517093,79582,0,-0.06669413542779012,402,0
A6_pda,-0.13846153846153847,0.3243589743589744,true,0,-0.06669405421146002,0,0.00546066681771562,79582,0,-0.06669406369051956,402,0
A6_pda,-0.07435897435897436,0.3243589743589744,true,0,-0.06669398314291519,0,0.005460666786844093,79584,0,-0.06669399194834891,404,0
A6_pda,-0.010256410256410256,0.3243589743589744,true,0,-0.0666939116596168,0,0.005460666759965704,79584,0,-0.06669392020223941,404,0
A6_pda,0.05384615384615385,0.3243589743589744,true,0,-0.06669383911914184,0,0.005460666736321729,79585,0,-0.06669384845292115,405,0
A6_pda,0.11794871794871795,0.3243589743589744,true,0,-0.0666937678534103,0,0.005460666715374818,79583,0,-0.06669377670094634,403,0
A6_pda,0.18205128205128204,0.3243589743589744,true,0,-0.06669369475829567,0,0.005460666696687655,79589,0,-0.06669370494675753,409,0
A6_pda,0.24615384615384617,0.3243589743589744,true,0,-0.066693623461062,0,0.00546066667990508,79590,0,-0.06669363319070065,410,0
A6_pda,0.31025641025641026,0.3243589743589744,true,0,-0.0666935520521581,0,0.00546066666475753,79590,0,-0.06669356143305682,410,0
A6_pda,0.37435897435897436,0.3243589743589744,true,0,-0.06669348007110654,0,0.005460666651005419,79588,0,-0.06669348967405186,408,0
A6_pda,0.43846153846153846,0.3243589743589744,true,0,-0.06669340773943122,0,0.005460666638463452,79590,0,-0.06669341791387295,410,0
A6_pda,0.5025641025641026,0.3243589743589744,true,0,-0.06669333566863456,0,0.005460666626975197,79596,0,-0.06669334615267597,416,0
A6_pda,0.5666666666666667,0.3243589743589744,true,2,1.9333067303010696,2,2.0054606666164068,79604,2,1.9333067256094076,424,0
A6_pda,0.6307692307692307,0.3243589743589744,true,2,1.933306804381254,2,2.0054606666066483,79591,2,1.933306797372272,411,0
A6_pda,0.6948717948717948,0.3243589743589744,true,2,1.9333068740898116,2,2.0054606665976307,79589,2,1.9333068691358222,409,0
A6_pda,0.7589743589743589,0.3243589743589744,true,2,1.9333069471160458,2,2.0054606665892702,79590,2,1.933306940899978,410,0
A6_pda,0.823076923076923,0.3243589743589744,true,2,1.933307017187814,2,2.0054606665814854,79589,2,1.9333070126646734,409,0
A6_pda,0.8871794871794871,0.3243589743589744,true,2,1.9333070929581673,2,2.005460666574181,79583,2,1.9333070844298508,403,0
A6_pda,0.9512820512820512,0.3243589743589744,true,2,1.933307160899206,2,2.0054606665674095,79588,2,1.9333071561954536,408,0
A6_pda,1.0153846153846153,0.3243589743589744,true,2,1.9333072322809035,2,2.005460666561001,79588,2,1.9333072279614423,408,0
A6_pda,1.0794871794871794,0.3243589743589744,true,2,1.9333073053275132,2,2.0054606665550163,79584,2,1.933307299727777,404,0
A6_pda,1.1435897435897435,0.3243589743589744,true,2,1.9333073772246214,2,2.0054606665493493,79584,2,1.933307371494422,404,0
A6_pda,1.2076923076923076,0.3243589743589744,true,2,1.9333074484422283,2,2.0054606665440002,79586,2,1.9333074432613455,406,0
A6_pda,1.2717948717948717,0.3243589743589744,true,2,1.9333075223379907,2,2.0054606665389665,79586,2,1.933307515028524,406,0
A6_pda,1.3358974358974358,0.3243589743589744,true,2,1.9333075919701015,2,2.0054606665342067,79582,2,1.9333075867959324,402,0
A6_pda,1.4,0.3243589743589744,true,2,1.9333076629503663,2,2.0054606665296575,79582,2,1.9333076585635476,402,0
A6_pda,-1.1,0.38333333333333336,true,1,0.9157230387460847,1,1.0070695786588229,79582,1,0.9157230345098277,404,1
A6_pda,-1.035897435897436,0.38333333333333336,true,1,0.9157231201014122,1,1.0070695718376976,79597,1,0.9157231090217987,419,1
A6_pda,-0.9717948717948718,0.38333333333333336,true,0,-0.08427679620676987,0,0.007069596020790159,79581,0,-0.08427678546206518,403,0
A6_pda,-0.9076923076923077,0.38333333333333336,true,0,-0.08427671460270814,0,0.007069586615984891,79583,0,-0.08427671353386668,405,0
A6_pda,-0.8435897435897436,0.38333333333333336,true,0,-0.08427663335214097,0,0.007069584919868976,79581,0,-0.08427663389701645,403,0
A6_pda,-0.7794871794871795,0.38333333333333336,true,0,-0.0842765521462836,0,0.007069584209770552,79581,0,-0.08427655327421335,403,0
A6_pda,-0.7153846153846154,0.38333333333333336,true,0,-0.08427647109323444,0,0.007069583819451886,79596,0,-0.08427647233167246,418,0
A6_pda,-0.6512820512820513,0.38333333333333336,true,0,-0.08427638601111509,0,0.007069583572552052,79574,0,-0.0842763912457456,396,0
A6_pda,-0.5871794871794872,0.38333333333333336,true,0,-0.08427630864468871,0,0.007069583402255941,79578,0,-0.08427631008324754,400,0
A6_pda,-0.5230769230769231,0.38333333333333336,true,0,-0.08427622666715262,0,0.007069583277733771,79582,0,-0.08427622887507003,404,0
A6_pda,-0.45897435897435895,0.38333333333333336,true,0,-0.08427614529301053,0,0.007069583182641392,79566,0,-0.08427614763746627,388,0
A6_pda,-0.39487179487179486,0.38333333333333336,true,0,-0.08427606458841752,0,0.007069583107652488,79581,0,-0.08427606637980367,403,0
A6_pda,-0.33076923076923076,0.38333333333333336,true,0,-0.08427598194725716,0,0.007069583046996786,79588,0,-0.08427598510785916,410,0
A6_pda,-0.26666666666666666,0.38333333333333336,true,0,-0.08427590149916186,0,0.007069582996896084,79572,0,-0.08427590382538597,394,0
A6_pda,-0.20256410256410257,0.38333333333333336,true,0,-0.08427581774018567,0,0.0070695829548571565,79566,0,-0.08427582253493893,388,0
A6_pda,-0.13846153846153847,0.38333333333333336,true,0,-0.08427573845448211,0,0.007069582919021933,79580,0,-0.08427574123830417,402,0
A6_pda,-0.07435897435897436,0.38333333333333336,true,0,-0.08427565566505346,0,0.007069582888139414,79578,0,-0.08427565993677755,400,0
A6_pda,-0.010256410256410256,0.38333333333333336,true,0,-0.08427557628843951,0,0.007069582861212731,79591,0,-0.08427557863131785,413,0
A6_pda,0.05384615384615385,0.38333333333333336,true,0,-0.08427549473736007,0,0.007069582837536337,79595,0,-0.08427549732265183,417,0
A6_pda,0.11794871794871795,0.38333333333333336,true,0,-0.08427541212516076,0,0.007069582816559339,79577,0,-0.08427541601133726,399,0
A6_pda,0.18205128205128204,0.38333333333333336,true,0,-0.08427533144741384,0,0.0070695827978402015,79599,0,-0.08427533469781401,421,0
A6_pda,0.24615384615384617,0.38333333333333336,true,0,-0.08427525109521228,0,0.007069582781026429,79587,0,-0.0842752533824287,409,0
A6_pda,0.31025641025641026,0.38333333333333336,true,0,-0.08427516791705081,0,0.007069582765845905,79602,0,-0.08427517206546042,424,0
A6_pda,0.37435897435897436,0.38333333333333336,true,0,-0.08427508826575991,0,0.007069582752046388,79588,0,-0.08427509074714035,410,0
A6_pda,0.43846153846153846,0.38333333333333336,true,0,-0.08427500725717407,0,0.007069582739488989,79585,0,-0.08427500942765076,407,0
A6_pda,0.5025641025641026,0.38333333333333336,true,0,-0.0842749236410183,0,0.007069582727954216,79587,0,-0.08427492810714843,409,0
A6_pda,0.5666666666666667,0.38333333333333336,true,0,-0.08427484283679254,0,0.007069582717364575,79585,0,-0.08427484678576591,407,0
A6_pda,0.6307692307692307,0.38333333333333336,true,0,-0.0842747630923959,0,0.007069582707594391,79606,0,-0.08427476546360935,428,0
A6_pda,0.6948717948717948,0.38333333333333336,true,2,1.9157253192135824,2,2.0070695826985547,79582,2,1.9157253158592304,404,0
A6_pda,0.7589743589743589,0.38333333333333336,true,2,1.9157253994076298,2,2.0070695826901366,79573,2,1.9157253971826689,395,0
A6_pda,0.823076923076923,0.38333333333333336,true,2,1.9157254805010688,2,2.007069582682315,79588,2,1.9157254785066398,410,0
A6_pda,0.8871794871794871,0.38333333333333336,true,2,1.9157255648374214,2,2.0070695826750056,79587,2,1.915725559831086,409,0
A6_pda,0.9512820512820512,0.38333333333333336,true,2,1.9157256432267458,2,2.0070695826681604,79581,2,1.9157256411559556,403,0
A6_pda,1.0153846153846153,0.38333333333333336,true,2,1.915725725104579,2,2.0070695826617415,79586,2,1.9157257224812039,408,0
A6_pda,1.0794871794871794,0.38333333333333336,true,2,1.9157258056460056,2,2.007069582655717,79580,2,1.9157258038067901,402,0
A6_pda,1.1435897435897435,0.38333333333333336,true,2,1.915725888763546,2,2.0070695826500202,79581,2,1.9157258851326833,403,0
A6_pda,1.2076923076923076,0.38333333333333336,true,2,1.9157259684526053,2,2.007069582644661,79576,2,1.9157259664588482,398,0
A6_pda,1.2717948717948717,0.38333333333333336,true,2,1.9157260494973865,2,2.0070695826395717,79580,2,1.9157260477852645,402,0
A6_pda,1.3358974358974358,0.38333333333333336,true,2,1.9157261309528328,2,2.007069582634776,79581,2,1.9157261291119,403,0
A6_pda,1.4,0.38333333333333336,true,2,1.9157262122928365,2,2.0070695826302107,79576,2,1.9157262104387391,398,0
A6_pda,-1.1,0.4423076923076923,true,1,0.8957871690450041,1,1.009017890019395,103455,1,0.8957871591393862,523,1
A6_pda,-1.035897435897436,0.4423076923076923,true,1,0.8957872617811677,1,1.0090178831982313,99478,1,0.8957872445714696,505,1
A6_pda,-0.9717948717948718,0.4423076923076923,true,0,-0.10421265275255887,0,0.009017907381280388,99474,0,-0.10421263899228728,501,0
A6_pda,-0.9076923076923077,0.4423076923076923,true,0,-0.10421256090841458,0,0.009017897976442035,103455,0,-0.10421255614398928,523,0
A6_pda,-0.8435897435897436,0.4423076923076923,true,0,-0.10421246863762068,0,0.009017896280263948,99478,0,-0.10421246558704489,505,0
A6_pda,-0.7794871794871795,0.4423076923076923,true,0,-0.10421237638082625,0,0.009017895570129109,103455,0,-0.10421237404415429,523,0
A6_pda,-0.7153846153846154,0.4423076923076923,true,0,-0.10421228414996575,0,0.009017895179760482,99475,0,-0.10421228218153145,502,0
A6_pda,-0.6512820512820513,0.4423076923076923,true,0,-0.10421219045227481,0,0.009017894932838999,103457,0,-0.1042121901755293,525,0
A6_pda,-0.5871794871794872,0.4423076923076923,true,0,-0.10421209927613018,0,0.009017894762516021,99474,0,-0.10421209809295906,501,0
A6_pda,-0.5230769230769231,0.4423076923076923,true,0,-0.10421200710026035,0,0.00901789463791658,99475,0,-0.10421200596471936,502,0
A6_pda,-0.45897435897435895,0.4423076923076923,true,0,-0.10421191488371284,0,0.009017894542805771,103454,0,-0.10421191380705785,522,0
A6_pda,-0.39487179487179486,0.4423076923076923,true,0,-0.10421182251503747,0,0.009017894467759802,103449,0,-0.10421182162934262,517,0
A6_pda,-0.33076923076923076,0.4423076923076923,true,0,-0.10421173034841424,0,0.009017894407063909,103455,0,-0.10421172943735124,523,0
A6_pda,-0.26666666666666666,0.4423076923076923,true,0,-0.10421163845092662,0,0.009017894356955769,99477,0,-0.10421163723483784,504,0
A6_pda,-0.20256410256410257,0.4423076923076923,true,0,-0.10421154580107528,0,0.009017894314843122,99476,0,-0.10421154502435503,503,0
A6_pda,-0.13846153846153847,0.4423076923076923,true,0,-0.10421145369371998,0,0.009017894278954719,99479,0,-0.10421145280769406,506,0
A6_pda,-0.07435897435897436,0.4423076923076923,true,0,-0.10421136138093812,0,0.009017894248038116,103458,0,-0.10421136058614544,526,0
A6_pda,-0.010256410256410256,0.4423076923076923,true,0,-0.10421126936331482,0,0.009017894221077127,99480,0,-0.1042112683606673,507,0
A6_pda,0.05384615384615385,0.4423076923076923,true,0,-0.10421117698436211,0,0.009017894197388632,103457,0,-0.10421117613199238,525,0
A6_pda,0.11794871794871795,0.4423076923076923,true,0,-0.10421108463016804,0,0.00901789417633736,99481,0,-0.10421108390067646,508,0
A6_pda,0.18205128205128204,0.4423076923076923,true,0,-0.104210992721536,0,0.00901789415758425,99479,0,-0.10421099166715364,506,0
A6_pda,0.24615384615384617,0.4423076923076923,true,0,-0.10421090021804291,0,0.009017894140710192,99482,0,-0.1042108994317763,509,0
A6_pda,0.31025641025641026,0.4423076923076923,true,0,-0.1042108080510793,0,0.009017894125487369,103463,0,-0.10421080719482267,531,0
A6_pda,0.37435897435897436,0.4423076923076923,true,0,-0.10421071587887987,0,0.00901789411165077,103463,0,-0.10421071495652123,531,0
A6_pda,0.43846153846153846,0.4423076923076923,true,0,-0.10421062379866042,0,0.009017894099044077,99483,0,-0.10421062271705805,510,0
A6_pda,0.5025641025641026,0.4423076923076923,true,0,-0.10421053141800174,0,0.00901789408746001,103464,0,-0.10421053047658879,532,0
A6_pda,0.5666666666666667,0.4423076923076923,true,0,-0.10421043925185125,0,0.009017894076833066,99485,0,-0.10421043823524268,512,0
A6_pda,0.6307692307692307,0.4423076923076923,true,0,-0.10421034689498399,0,0.009017894067016585,99485,0,-0.10421034599313095,512,0
A6_pda,0.6948717948717948,0.4423076923076923,true,0,-0.10421025465780698,0,0.009017894057916642,99500,0,-0.10421025375034243,527,0
A6_pda,0.7589743589743589,0.4423076923076923,true,2,1.8957898372711384,2,2.0090178940494705,99491,2,1.89578983849304,518,0
A6_pda,0.823076923076923,0.4423076923076923,true,2,1.8957899296411924,2,2.0090178940416203,99487,2,1.8957899307369495,514,0
A6_pda,0.8871794871794871,0.4423076923076923,true,2,1.8957900217831134,2,2.0090178940342605,99483,2,1.89579002298133,510,0
A6_pda,0.9512820512820512,0.4423076923076923,true,2,1.8957901139204798,2,2.0090178940273695,103463,2,1.8957901152261227,531,0
A6_pda,1.0153846153846153,0.4423076923076923,true,2,1.8957902061841048,2,2.0090178940209,99486,2,1.8957902074712898,513,0
A6_pda,1.0794871794871794,0.4423076923076923,true,2,1.8957902985056383,2,2.009017894014817,99477,2,1.8957902997167912,504,0
A6_pda,1.1435897435897435,0.4423076923076923,true,2,1.8957903907831608,2,2.0090178940091015,99474,2,1.895790391962593,501,0
A6_pda,1.2076923076923076,0.4423076923076923,true,2,1.8957904830527137,2,2.0090178940036822,99478,2,1.8957904842086626,505,0
A6_pda,1.2717948717948717,0.4423076923076923,true,2,1.8957905752867803,2,2.009017893998574,103460,2,1.8957905764549707,528,0
A6_pda,1.3358974358974358,0.4423076923076923,true,2,1.8957906674886567,2,2.0090178939937418,99482,2,1.8957906687014987,509,0
A6_pda,1.4,0.4423076923076923,true,2,1.8957907597553048,2,2.00901789398914,99486,2,1.8957907609482212,513,0
A6_pda,-1.1,0.5012820512820513,true,1,0.8731821028822658,1,1.011425444679767,115253,1,0.8731820977949333,587,1
A6_pda,-1.035897435897436,0.5012820512820513,true,1,0.8731822073311161,1,1.0114254378585479,115283,1,0.8731821955049149,589,1
A6_pda,-0.9717948717948718,0.5012820512820513,true,0,-0.1268176896767137,0,0.011425462041542933,115268,0,-0.12681767578094938,591,0
A6_pda,-0.9076923076923077,0.5012820512820513,true,0,-0.12681758502516893,0,0.01142545263663497,115246,0,-0.12681758065476578,583,0
A6_pda,-0.8435897435897436,0.5012820512820513,true,0,-0.12681748059333886,0,0.011425450940448223,115259,0,-0.12681747781993913,584,0
A6_pda,-0.7794871794871795,0.5012820512820513,true,0,-0.1268173761604845,0,0.011425450230211132,115221,0,-0.12681737399917403,581,0
A6_pda,-0.7153846153846154,0.5012820512820513,true,0,-0.12681727160286904,0,0.011425449839817747,115258,0,-0.1268172698586847,589,0
A6_pda,-0.6512820512820513,0.5012820512820513,true,0,-0.12681716695869105,0,0.011425449592810333,115242,0,-0.1268171655748147,581,0
A6_pda,-0.5871794871794872,0.5012820512820513,true,0,-0.12681706243117397,0,0.011425449422402978,115243,0,-0.1268170612143873,586,0
A6_pda,-0.5230769230769231,0.5012820512820513,true,0,-0.12681695807512794,0,0.01142544929776812,115239,0,-0.12681695680829308,582,0
A6_pda,-0.45897435897435895,0.5012820512820513,true,0,-0.1268168535189489,0,0.011425449202565163,115238,0,-0.1268168523727864,588,0
A6_pda,-0.39487179487179486,0.5012820512820513,true,0,-0.1268167489628811,0,0.011425449127472453,115266,0,-0.1268167479172302,582,0
A6_pda,-0.33076923076923076,0.5012820512820513,true,0,-0.12681664444244656,0,0.011425449066755244,115211,0,-0.12681664344740118,582,0
A6_pda,-0.26666666666666666,0.5012820512820513,true,0,-0.12681653989508823,0,0.011425449016569722,115262,0,-0.12681653896706124,581,0
A6_pda,-0.20256410256410257,0.5012820512820513,true,0,-0.12681643397418774,0,0.011425448974383023,115219,0,-0.1268164344787539,586,0
A6_pda,-0.13846153846153847,0.5012820512820513,true,0,-0.1268163308277812,0,0.011425448938441218,115274,0,-0.12681632998427328,583,0
A6_pda,-0.07435897435897436,0.5012820512820513,true,0,-0.1268162263010526,0,0.01142544890745345,115270,0,-0.12681622548491145,576,0
A6_pda,-0.010256410256410256,0.5012820512820513,true,0,-0.12681612166442435,0,0.011425448880465816,115253,0,-0.12681612098162898,582,0
A6_pda,0.05384615384615385,0.5012820512820513,true,0,-0.1268160171358923,0,0.011425448856666187,115255,0,-0.1268160164751504,585,0
A6_pda,0.11794871794871795,0.5012820512820513,true,0,-0.12681591258425162,0,0.011425448835618801,115226,0,-0.12681591196603748,582,0
A6_pda,0.18205128205128204,0.5012820512820513,true,0,-0.12681580812691307,0,0.01142544881675256,115244,0,-0.12681580745472498,583,0
A6_pda,0.24615384615384617,0.5012820512820513,true,0,-0.1268157035752835,0,0.011425448799861182,115242,0,-0.12681570294156375,582,0
A6_pda,0.31025641025641026,0.5012820512820513,true,0,-0.12681559879073934,0,0.01142544878458085,115255,0,-0.12681559842683088,585,0
A6_pda,0.37435897435897436,0.5012820512820513,true,0,-0.12681549448946172,0,0.011425448770665425,115255,0,-0.12681549391075664,586,0
A6_pda,0.43846153846153846,0.5012820512820513,true,0,-0.12681538997621944,0,0.011425448758019652,115251,0,-0.12681538939352777,588,0
A6_pda,0.5025641025641026,0.5012820512820513,true,0,-0.1268152854207254,0,0.011425448746394506,115271,0,-0.1268152848752957,587,0
A6_pda,0.5666666666666667,0.5012820512820513,true,0,-0.12681518089303512,0,0.011425448735692956,115217,0,-0.12681518035619455,588,0
A6_pda,0.6307692307692307,0.5012820512820513,true,0,-0.1268150761835225,0,0.011425448725795762,115270,0,-0.12681507583633134,589,0
A6_pda,0.6948717948717948,0.5012820512820513,true,0,-0.1268149721139047,0,0.011425448716665731,115298,0,-0.12681497131579733,592,0
A6_pda,0.7589743589743589,0.5012820512820513,true,0,-0.12681486746877013,0,0.011425448708147545,115264,0,-0.12681486679467624,597,0
A6_pda,0.823076923076923,0.5012820512820513,true,2,1.8731852346173845,2,2.0114254487002405,115262,2,1.873185237726966,591,0
A6_pda,0.8871794871794871,0.5012820512820513,true,2,1.8731853391033109,2,2.0114254486928256,115272,2,1.8731853422490736,589,0
A6_pda,0.9512820512820512,0.5012820512820513,true,2,1.87318544323041,2,2.011425448685891,115258,2,1.87318544677159,584,0
A6_pda,1.0153846153846153,0.5012820512820513,true,2,1.873185547830789,2,2.01142544867937,115282,2,1.873185551294474,591,0
A6_pda,1.0794871794871794,0.5012820512820513,true,2,1.8731856528242623,2,2.011425448673255,115258,2,1.873185655817687,590,0
A6_pda,1.1435897435897435,0.5012820512820513,true,2,1.873185756950976,2,2.011425448667449,115258,2,1.8731857603411912,582,0
A6_pda,1.2076923076923076,0.5012820512820513,true,2,1.873185861892909,2,2.0114254486619654,115253,2,1.8731858648649575,580,0
A6_pda,1.2717948717948717,0.5012820512820513,true,2,1.8731859683021201,2,2.011425448656812,115263,2,1.8731859693889628,585,0
A6_pda,1.3358974358974358,0.5012820512820513,true,2,1.8731860704120318,2,2.0114254486519014,115251,2,1.8731860739131792,586,0
A6_pda,1.4,0.5012820512820513,true,2,1.8731861771983471,2,2.0114254486472243,115234,2,1.8731861784375852,583,0
A6_pda,-1.1,0.5602564102564103,true,1,0.8476119115746353,1,1.0144759054012857,143241,1,0.8476118998580722,720,1
A6_pda,-1.035897435897436,0.5602564102564103,true,1,0.8476120344589056,1,1.014475898579976,135290,1,0.8476120110238791,687,1
A6_pda,-0.9717948717948718,0.5602564102564103,true,0,-0.1523878587599059,0,0.014475922762863691,98279,0,-0.15238784680616368,506,0
A6_pda,-0.9076923076923077,0.5602564102564103,true,0,-0.15238774090237261,0,0.014475913357892112,135285,0,-0.15238773822416074,682,0
A6_pda,-0.8435897435897436,0.5602564102564103,true,0,-0.15238762194076938,0,0.01447591166162887,135286,0,-0.1523876219335254,683,0
A6_pda,-0.7794871794871795,0.5602564102564103,true,0,-0.1523875050089305,0,0.014475910951322724,135289,0,-0.1523875046569514,686,0
A6_pda,-0.7153846153846154,0.5602564102564103,true,0,-0.15238738700178822,0,0.014475910560801664,98189,0,-0.15238738706065424,498,0
A6_pda,-0.6512820512820513,0.5602564102564103,true,0,-0.15238726906316025,0,0.014475910313729079,135287,0,-0.152387269320986,684,0
A6_pda,-0.5871794871794872,0.5602564102564103,true,0,-0.15238715106932932,0,0.01447591014327032,98212,0,-0.15238715150476256,493,0
A6_pda,-0.5230769230769231,0.5602564102564103,true,0,-0.15238703299720213,0,0.014475910018512561,98153,0,-0.1523870336428801,513,0
A6_pda,-0.45897435897435895,0.5602564102564103,true,0,-0.15238691487453981,0,0.014475909923238661,98159,0,-0.15238691575158492,504,0
A6_pda,-0.39487179487179486,0.5602564102564103,true,0,-0.15238679711454117,0,0.014475909848071677,98043,0,-0.1523867978402471,503,0
A6_pda,-0.33076923076923076,0.5602564102564103,true,0,-0.15238667911707693,0,0.0144759097872309,98252,0,-0.15238667991464228,504,0
A6_pda,-0.26666666666666666,0.5602564102564103,true,0,-0.1523865610834534,0,0.014475909736977988,135288,0,-0.15238656197852674,685,0
A6_pda,-0.20256410256410257,0.5602564102564103,true,0,-0.15238644309526395,0,0.014475909694716349,98278,0,-0.15238644403445,497,0
A6_pda,-0.13846153846153847,0.5602564102564103,true,0,-0.15238632508328953,0,0.014475909658723696,98233,0,-0.15238632608420266,506,0
A6_pda,-0.07435897435897436,0.5602564102564103,true,0,-0.1523862070643578,0,0.014475909627634231,98218,0,-0.1523862081290812,500,0
A6_pda,-0.010256410256410256,0.5602564102564103,true,0,-0.15238608904858153,0,0.014475909600537129,98259,0,-0.15238609017004356,508,0
A6_pda,0.05384615384615385,0.5602564102564103,true,0,-0.15238597122988007,0,0.01447590957669187,135291,0,-0.15238597220781513,688,0
A6_pda,0.11794871794871795,0.5602564102564103,true,0,-0.1523858530785669,0,0.014475909555531241,135289,0,-0.15238585424295215,686,0
A6_pda,0.18205128205128204,0.5602564102564103,true,0,-0.15238573511709896,0,0.014475909536621923,135289,0,-0.15238573627589846,686,0
A6_pda,0.24615384615384617,0.5602564102564103,true,0,-0.1523856171479867,0,0.014475909519610752,135288,0,-0.15238561830699715,685,0
A6_pda,0.31025641025641026,0.5602564102564103,true,0,-0.1523854993990037,0,0.014475909504250373,98277,0,-0.1523855003365313,502,0
A6_pda,0.37435897435897436,0.5602564102564103,true,0,-0.15238538002704827,0,0.01447590949028632,135293,0,-0.15238538236472765,690,0
A6_pda,0.43846153846153846,0.5602564102564103,true,0,-0.15238526330559576,0,0.014475909477514426,135292,0,-0.15238526439177047,689,0
A6_pda,0.5025641025641026,0.5602564102564103,true,0,-0.15238514525676994,0,0.014475909465791248,98237,0,-0.15238514641781697,498,0
A6_pda,0.5666666666666667,0.5602564102564103,true,0,-0.15238502718855007,0,0.014475909455035296,135292,0,-0.15238502844299973,689,0
A6_pda,0.6307692307692307,0.5602564102564103,true,0,-0.15238490906410695,0,0.014475909445087476,143250,0,-0.15238491046742397,729,0
A6_pda,0.6948717948717948,0.5602564102564103,true,0,-0.1523847912937808,0,0.014475909435829104,135294,0,-0.1523847924911832,691,0
A6_pda,0.7589743589743589,0.5602564102564103,true,0,-0.1523846731943801,0,0.014475909427268174,98272,0,-0.15238467451435778,506,0
A6_pda,0.823076923076923,0.5602564102564103,true,0,-0.1523845553663128,0,0.014475909419215394,98391,0,-0.15238455653701455,521,0
A6_pda,0.8871794871794871,0.5602564102564103,true,2,1.8476155620009789,2,2.014475909411769,98270,2,1.847615561440786,505,0
A6_pda,0.9512820512820512,0.5602564102564103,true,2,1.8476156801128956,2,2.0144759094047213,98277,2,1.847615679418995,504,0
A6_pda,1.0153846153846153,0.5602564102564103,true,2,1.8476157978410528,2,2.0144759093981035,98168,2,1.8476157973975638,505,0
A6_pda,1.0794871794871794,0.5602564102564103,true,2,1.8476159156999996,2,2.0144759093919027,98237,2,1.847615915376456,503,0
A6_pda,1.1435897435897435,0.5602564102564103,true,2,1.8476160339263707,2,2.0144759093860385,98237,2,1.847616033355639,505,0
A6_pda,1.2076923076923076,0.5602564102564103,true,2,1.8476161519789431,2,2.014475909380475,98183,2,1.8476161513350826,508,0
A6_pda,1.2717948717948717,0.5602564102564103,true,2,1.847616269895916,2,2.014475909375236,143242,2,1.8476162693147558,721,0
A6_pda,1.3358974358974358,0.5602564102564103,true,2,1.8476163877513003,2,2.014475909370223,98266,2,1.8476163872946354,503,0
A6_pda,1.4,0.5602564102564103,true,2,1.8476165067015529,2,2.014475909365511,98250,2,1.8476165052747004,499,0
A6_pda,-1.1,0.6192307692307693,true,1,0.8188523383219177,1,1.0184656003838768,127336,1,0.8188523285730532,651,1
A6_pda,-1.035897435897436,0.6192307692307693,true,1,0.8188524706367145,1,1.0184655935624491,127333,1,0.8188524539101935,648,1
A6_pda,-0.9717948717948718,0.6192307692307693,true,0,-0.18114738999317614,0,0.018465617745227703,127333,0,-0.1811473897485203,648,0
A6_pda,-0.9076923076923077,0.6192307692307693,true,0,-0.18114725555729838,0,0.0184656083400907,127338,0,-0.18114726699518702,653,0
A6_pda,-0.8435897435897436,0.6192307692307693,true,0,-0.18114712768514618,0,0.01846560664372321,127331,0,-0.1811471365332209,646,0
A6_pda,-0.7794871794871795,0.6192307692307693,true,0,-0.1811469905354559,0,0.018465605933295826,127332,0,-0.18114700508531878,647,0
A6_pda,-0.7153846153846154,0.6192307692307693,true,0,-0.18114685974703648,0,0.018465605542650088,127335,0,-0.1811468733176982,650,0
A6_pda,-0.6512820512820513,0.6192307692307693,true,0,-0.18114672892338746,0,0.0184656052954425,127332,0,-0.18114674140670717,647,0
A6_pda,-0.5871794871794872,0.6192307692307693,true,0,-0.18114660003447502,0,0.01846560512487827,127336,0,-0.18114660941916316,651,0
A6_pda,-0.5230769230769231,0.6192307692307693,true,0,-0.18114646621730057,0,0.01846560499999983,127332,0,-0.18114647738595857,647,0
A6_pda,-0.45897435897435895,0.6192307692307693,true,0,-0.18114633073729314,0,0.018465604904590815,127332,0,-0.18114634532334328,647,0
A6_pda,-0.39487179487179486,0.6192307692307693,true,0,-0.18114619698332346,0,0.018465604829329574,127329,0,-0.18114621324068847,644,0
A6_pda,-0.33076923076923076,0.6192307692307693,true,0,-0.18114606504061737,0,0.018465604768347466,127329,0,-0.18114608114376685,644,0
A6_pda,-0.26666666666666666,0.6192307692307693,true,0,-0.1811459371891606,0,0.018465604717978645,127333,0,-0.18114594903633852,648,0
A6_pda,-0.20256410256410257,0.6192307692307693,true,0,-0.18114580747408282,0,0.01846560467558256,127331,0,-0.18114581692094944,646,0
A6_pda,-0.13846153846153847,0.6192307692307693,true,0,-0.1811456697081386,0,0.018465604639449906,127330,0,-0.18114568479939286,645,0
A6_pda,-0.07435897435897436,0.6192307692307693,true,0,-0.18114553616356477,0,0.018465604608244424,127330,0,-0.18114555267296173,645,0
A6_pda,-0.010256410256410256,0.6192307692307693,true,0,-0.1811454104912471,0,0.018465604581006323,127333,0,-0.1811454205426135,648,0
A6_pda,0.05384615384615385,0.6192307692307693,true,0,-0.18114527597165608,0,0.01846560455703594,127330,0,-0.18114528840908006,645,0
A6_pda,0.11794871794871795,0.6192307692307693,true,0,-0.1811451396017556,0,0.01846560453576329,127338,0,-0.18114515627291317,653,0
A6_pda,0.18205128205128204,0.6192307692307693,true,0,-0.18114501316092135,0,0.01846560451670809,127331,0,-0.18114502413455624,646,0
A6_pda,0.24615384615384617,0.6192307692307693,true,0,-0.18114488408321328,0,0.018465604499601773,127332,0,-0.18114489199435457,647,0
A6_pda,0.31025641025641026,0.6192307692307693,true,0,-0.18114474250137924,0,0.01846560448411516,127339,0,-0.1811447598525875,654,0
A6_pda,0.37435897435897436,0.6192307692307693,true,0,-0.18114461576081098,0,0.01846560447001966,127336,0,-0.18114462770948614,651,0
A6_pda,0.43846153846153846,0.6192307692307693,true,0,-0.18114447992440708,0,0.018465604457142182,127336,0,-0.1811444955652315,651,0
A6_pda,0.5025641025641026,0.6192307692307693,true,0,-0.18114434482684816,0,0.018465604445303097,127336,0,-0.18114436341998452,651,0
A6_pda,0.5666666666666667,0.6192307692307693,true,0,-0.18114421647123957,0,0.018465604434388605,127335,0,-0.1811442312738718,650,0
A6_pda,0.6307692307692307,0.6192307692307693,true,0,-0.1811440838858709,0,0.01846560442431433,127334,0,-0.18114409912700302,649,0
A6_pda,0.6948717948717948,0.6192307692307693,true,0,-0.18114395156175656,0,0.01846560441494094,127337,0,-0.18114396697947388,652,0
A6_pda,0.7589743589743589,0.6192307692307693,true,0,-0.18114381894304943,0,0.018465604406235903,127338,0,-0.1811438348313581,653,0
A6_pda,0.823076923076923,0.6192307692307693,true,0,-0.18114368565662997,0,0.01846560439811229,127340,0,-0.18114370268272872,655,0
A6_pda,0.8871794871794871,0.6192307692307693,true,0,-0.1811435535944339,0,0.018465604390495605,127347,0,-0.18114357053364283,662,0
A6_pda,0.9512820512820512,0.6192307692307693,true,2,1.8188565601054676,2,2.0184656043833336,127339,2,1.8188565616158492,654,0
A6_pda,1.0153846153846153,0.6192307692307693,true,2,1.8188566937989448,2,2.018465604376618,127337,2,1.8188566937657027,652,0
A6_pda,1.0794871794871794,0.6192307692307693,true,2,1.818856820335828,2,2.018465604370257,127340,2,1.8188568259158768,655,0
A6_pda,1.1435897435897435,0.6192307692307693,true,2,1.8188569567228907,2,2.0184656043642653,127337,2,1.8188569580663405,652,0
A6_pda,1.2076923076923076,0.6192307692307693,true,2,1.818857091070141,2,2.0184656043585942,127337,2,1.8188570902170587,652,0
A6_pda,1.2717948717948717,0.6192307692307693,true,2,1.8188572180138363,2,2.0184656043532057,127336,2,1.818857222368006,651,0
A6_pda,1.3358974358974358,0.6192307692307693,true,2,1.8188573491148703,2,2.018465604348121,127332,2,1.8188573545191624,647,0
A6_pda,1.4,0.6192307692307693,true,2,1.8188574829498982,2,2.0184656043432323,127338,2,1.818857486670502,653,0
A6_pda,-1.1,0.6782051282051282,true,1,0.7868281591533887,1,1.0239051397563481,143576,1,0.7868281512156015,717,1
A6_pda,-1.035897435897436,0.6782051282051282,true,1,0.7868283053903551,1,1.0239051329347273,143759,1,0.786828290592415,712,1
A6_pda,-0.9717948717948718,0.6782051282051282,true,0,-0.21317154810826078,0,0.0239051571173009,143790,0,-0.2131715390266229,725,0
A6_pda,-0.9076923076923077,0.6782051282051282,true,0,-0.21317140259106782,0,0.023905147712018127,143939,0,-0.21317140223360864,722,0
A6_pda,-0.8435897435897436,0.6782051282051282,true,0,-0.21317125622033406,0,0.023905146015384293,143787,0,-0.21317125773195977,758,0
A6_pda,-0.7794871794871795,0.6782051282051282,true,0,-0.21317110909008607,0,0.02390514530476806,144022,0,-0.21317111224437357,723,0
A6_pda,-0.7153846153846154,0.6782051282051282,true,0,-0.2131709638203989,0,0.02390514491395035,143819,0,-0.21317096643706313,750,0
A6_pda,-0.6512820512820513,0.6782051282051282,true,0,-0.21317081737614307,0,0.023905144666523492,143619,0,-0.21317082048638203,724,0
A6_pda,-0.5871794871794872,0.6782051282051282,true,0,-0.21317067064145734,0,0.023905144495728115,143849,0,-0.2131706744591404,715,0
A6_pda,-0.5230769230769231,0.6782051282051282,true,0,-0.21317052509102452,0,0.023905144370679365,143826,0,-0.21317052838623884,722,0
A6_pda,-0.45897435897435895,0.6782051282051282,true,0,-0.2131703790211612,0,0.023905144275113144,143949,0,-0.21317038228392526,703,0
A6_pda,-0.39487179487179486,0.6782051282051282,true,0,-0.21317023274254132,0,0.023905144199588446,144115,0,-0.21317023616156505,739,0
A6_pda,-0.33076923076923076,0.6782051282051282,true,0,-0.21317008646633084,0,0.023905144138459566,143793,0,-0.2131700900249367,714,0
A6_pda,-0.26666666666666666,0.6782051282051282,true,0,-0.21316994054125127,0,0.023905144087861707,143673,0,-0.21316994387779897,732,0
A6_pda,-0.20256410256410257,0.6782051282051282,true,0,-0.21316979422888127,0,0.023905144045288984,143857,0,-0.21316979772269606,706,0
A6_pda,-0.13846153846153847,0.6782051282051282,true,0,-0.21316964797676485,0,0.02390514400893662,143616,0,-0.21316965156142365,731,0
A6_pda,-0.07435897435897436,0.6782051282051282,true,0,-0.213169501797005,0,0.023905143977565935,143878,0,-0.21316950539527357,720,0
A6_pda,-0.010256410256410256,0.6782051282051282,true,0,-0.21316935551897598,0,0.023905143950119112,143814,0,-0.21316935922520597,704,0
A6_pda,0.05384615384615385,0.6782051282051282,true,0,-0.21316920923928895,0,0.023905143925949,144155,0,-0.2131692130519447,739,0
A6_pda,0.11794871794871795,0.6782051282051282,true,0,-0.2131690628958176,0,0.023905143904466408,144114,0,-0.2131690668760502,710,0
A6_pda,0.18205128205128204,0.6782051282051282,true,0,-0.21316891700325824,0,0.023905143885265767,143732,0,-0.21316892069796145,714,0
A6_pda,0.24615384615384617,0.6782051282051282,true,0,-0.2131687705124059,0,0.023905143867941403,143784,0,-0.21316877451802396,747,0
A6_pda,0.31025641025641026,0.6782051282051282,true,0,-0.2131686235609469,0,0.02390514385221909,143702,0,-0.21316862833652173,717,0
A6_pda,0.37435897435897436,0.6782051282051282,true,0,-0.2131684780796208,0,0.02390514383791098,143698,0,-0.21316848215367767,725,0
A6_pda,0.43846153846153846,0.6782051282051282,true,0,-0.21316833204360863,0,0.023905143824846098,143990,0,-0.21316833596968188,761,0
A6_pda,0.5025641025641026,0.6782051282051282,true,0,-0.21316818585963282,0,0.023905143812826712,143746,0,-0.2131681897846871,724,0
A6_pda,0.5666666666666667,0.6782051282051282,true,0,-0.21316803961661512,0,0.02390514380169395,143836,0,-0.21316804359882813,749,0
A6_pda,0.6307692307692307,0.6782051282051282,true,0,-0.21316789343548614,0,0.02390514379141817,144138,0,-0.21316789741220732,737,0
A6_pda,0.6948717948717948,0.6782051282051282,true,0,-0.2131677470759401,0,0.023905143781880356,144033,0,-0.21316775122492015,712,0
A6_pda,0.7589743589743589,0.6782051282051282,true,0,-0.2131676009554826,0,0.023905143772978033,143653,0,-0.21316760503704701,722,0
A6_pda,0.823076923076923,0.6782051282051282,true,0,-0.21316745459615127,0,0.023905143764615278,143886,0,-0.21316745884865562,755,0
A6_pda,0.8871794871794871,0.6782051282051282,true,0,-0.21316730851069177,0,0.02390514375679953,143904,0,-0.2131673126598066,714,0
A6_pda,0.9512820512820512,0.6782051282051282,true,0,-0.2131671623235969,0,0.023905143749486157,143721,0,-0.21316716647054434,755,0
A6_pda,1.0153846153846153,0.6782051282051282,true,2,1.7868329755173913,2,2.023905143742541,144067,2,1.7868329797190774,738,0
A6_pda,1.0794871794871794,0.6782051282051282,true,2,1.7868331220999973,2,2.0239051437360187,143967,2,1.7868331259090282,751,0
A6_pda,1.1435897435897435,0.6782051282051282,true,2,1.7868332686193633,2,2.0239051437298006,144008,2,1.7868332720992646,733,0
A6_pda,1.2076923076923076,0.6782051282051282,true,2,1.7868334148477834,2,2.0239051437239493,144083,2,1.7868334182897634,745,0
A6_pda,1.2717948717948717,0.6782051282051282,true,2,1.7868335612372062,2,2.023905143718345,143490,2,1.786833564480495,718,0
A6_pda,1.3358974358974358,0.6782051282051282,true,2,1.7868337076928777,2,2.0239051437130327,144051,2,1.7868337106714365,725,0
A6_pda,1.4,0.6782051282051282,true,2,1.7868338536284605,2,2.0239051437079913,143687,2,1.7868338568625624,737,0
A6_pda,-1.1,0.7371794871794872,true,1,0.7517075961135746,1,1.0317543767806354,187686,1,0.7517075883950988,935,1
A6_pda,-1.035897435897436,0.7371794871794872,true,1,0.7517077546758487,1,1.0317543699586678,187367,1,0.7517077404154637,958,1
A6_pda,-0.9717948717948718,0.7371794871794872,true,0,-0.2482920872347374,0,0.03175439414089487,187364,0,-0.24829207656001073,930,0
A6_pda,-0.9076923076923077,0.7371794871794872,true,0,-0.24829192761910956,0,0.031754384735265706,187196,0,-0.24829192712343073,940,0
A6_pda,-0.8435897435897436,0.7371794871794872,true,0,-0.24829176950304488,0,0.031754383038320455,187424,0,-0.2482917699782019,941,0
A6_pda,-0.7794871794871795,0.7371794871794872,true,0,-0.24829161054385973,0,0.03175438232735872,187369,0,-0.24829161184702575,954,0
A6_pda,-0.7153846153846154,0.7371794871794872,true,0,-0.24829145155203602,0,0.03175438193618052,187463,0,-0.2482914533961189,917,0
A6_pda,-0.6512820512820513,0.7371794871794872,true,0,-0.24829129257057425,0,0.03175438168840394,187845,0,-0.24829129480182965,947,0
A6_pda,-0.5871794871794872,0.7371794871794872,true,0,-0.24829113393203817,0,0.03175438151728416,187683,0,-0.24829113613097387,958,0
A6_pda,-0.5230769230769231,0.7371794871794872,true,0,-0.24829097522256505,0,0.03175438139186937,188139,0,-0.24829097741444506,936,0
A6_pda,-0.45897435897435895,0.7371794871794872,true,0,-0.2482908159274293,0,0.03175438129592645,188286,0,-0.24829081866849512,920,0
A6_pda,-0.39487179487179486,0.7371794871794872,true,0,-0.24829065747922519,0,0.03175438122016028,187564,0,-0.2482906599024921,954,0
A6_pda,-0.33076923076923076,0.7371794871794872,true,0,-0.24829049853571594,0,0.03175438115862361,187522,0,-0.2482905011222103,931,0
A6_pda,-0.26666666666666666,0.7371794871794872,true,0,-0.24829033988806004,0,0.03175438110767048,187705,0,-0.24829034233141045,934,0
A6_pda,-0.20256410256410257,0.7371794871794872,true,0,-0.2482901810147975,0,0.031754381064764914,187328,0,-0.2482901835326361,916,0
A6_pda,-0.13846153846153847,0.7371794871794872,true,0,-0.24829002227792718,0,0.03175438102810624,187776,0,-0.24829002472768025,951,0
A6_pda,-0.07435897435897436,0.7371794871794872,true,0,-0.24828986325344626,0,0.031754380996365295,187502,0,-0.24828986591783764,931,0
A6_pda,-0.010256410256410256,0.7371794871794872,true,0,-0.24828970461760336,0,0.031754380968558205,187975,0,-0.2482897071040695,953,0
A6_pda,0.05384615384615385,0.7371794871794872,true,0,-0.24828954570212702,0,0.03175438094404437,187906,0,-0.24828954828709993,925,0
A6_pda,0.11794871794871795,0.7371794871794872,true,0,-0.24828938677065548,0,0.03175438092222216,187690,0,-0.24828938946748735,926,0
A6_pda,0.18205128205128204,0.7371794871794872,true,0,-0.24828922791385288,0,0.03175438090268812,187330,0,-0.24828923064566766,925,0
A6_pda,0.24615384615384617,0.7371794871794872,true,0,-0.24828906904697146,0,0.0317543808850157,187457,0,-0.24828907182199744,934,0
A6_pda,0.31025641025641026,0.7371794871794872,true,0,-0.24828891044291868,0,0.03175438086897475,187885,0,-0.2482889129967456,934,0
A6_pda,0.37435897435897436,0.7371794871794872,true,0,-0.24828875125169914,0,0.03175438085433413,187713,0,-0.24828875417014573,934,0
A6_pda,0.43846153846153846,0.7371794871794872,true,0,-0.2482885929416181,0,0.03175438084090776,187588,0,-0.248288595342383,945,0
A6_pda,0.5025641025641026,0.7371794871794872,true,0,-0.24828843385612642,0,0.031754380828548756,187765,0,-0.24828843651361643,944,0
A6_pda,0.5666666666666667,0.7371794871794872,true,0,-0.24828827548552912,0,0.03175438081709403,187316,0,-0.24828827768396922,943,0
A6_pda,0.6307692307692307,0.7371794871794872,true,0,-0.24828811635191173,0,0.03175438080647475,187549,0,-0.24828811885355484,947,0
A6_pda,0.6948717948717948,0.7371794871794872,true,0,-0.24828795737550347,0,0.03175438079654991,187642,0,-0.24828796002246478,942,0
A6_pda,0.7589743589743589,0.7371794871794872,true,0,-0.2482877987348464,0,0.03175438078730142,187595,0,-0.24828780119078075,952,0
A6_pda,0.823076923076923,0.7371794871794872,true,0,-0.24828764001752868,0,0.03175438077860138,187950,0,-0.24828764235856737,969,0
A6_pda,0.8871794871794871,0.7371794871794872,true,0,-0.2482874811662943,0,0.03175438077046211,187486,0,-0.24828748352588614,953,0
A6_pda,0.9512820512820512,0.7371794871794872,true,0,-0.24828732228857575,0,0.03175438076280268,187427,0,-0.24828732469278458,960,0
A6_pda,1.0153846153846153,0.7371794871794872,true,0,-0.24828716349622382,0,0.03175438075548609,188001,0,-0.24828716585931043,974,0
A6_pda,1.0794871794871794,0.7371794871794872,true,2,1.7517129980732022,2,2.031754380748616,187856,2,1.7517129929744955,945,0
A6_pda,1.1435897435897435,0.7371794871794872,true,2,1.7517131551252048,2,2.0317543807420932,187606,2,1.7517131518086009,946,0
A6_pda,1.2076923076923076,0.7371794871794872,true,2,1.7517133150321915,2,2.0317543807358804,187552,2,1.7517133106429763,948,0
A6_pda,1.2717948717948717,0.7371794871794872,true,2,1.7517134738840117,2,2.0317543807299554,187598,2,1.7517134694775955,933,0
A6_pda,1.3358974358974358,0.7371794871794872,true,2,1.7517136348303248,2,2.0317543807242973,187511,2,1.7517136283124337,959,0
A6_pda,1.4,0.7371794871794872,true,2,1.7517137905391102,2,2.031754380718898,187717,2,1.7517137871474664,957,0
A6_pda,-1.1,0.7961538461538461,true,3,2.713987072489946,-1,NaN,200001,3,2.713987072098906,1048,1
A6_pda,-1.035897435897436,0.7961538461538461,true,3,2.713987233032482,-1,NaN,200001,3,2.7139872338176794,1058,1
A6_pda,-0.9717948717948718,0.7961538461538461,true,0,-0.2860125882265663,-1,NaN,200001,0,-0.28601257345937925,1051,0
A6_pda,-0.9076923076923077,0.7961538461538461,true,0,-0.28601241941146993,-1,NaN,200001,0,-0.2860124143243621,1035,0
A6_pda,-0.8435897435897436,0.7961538461538461,true,0,-0.28601225105386163,-1,NaN,200001,0,-0.28601224748067944,1043,0
A6_pda,-0.7794871794871795,0.7961538461538461,true,0,-0.2860120827184136,-1,NaN,200001,0,-0.2860120796510368,1045,0
A6_pda,-0.7153846153846154,0.7961538461538461,true,0,-0.28601191386772795,-1,NaN,200001,0,-0.2860119115016435,1042,0
A6_pda,-0.6512820512820513,0.7961538461538461,true,0,-0.2860117454066984,-1,NaN,200001,0,-0.28601174320885314,1048,0
A6_pda,-0.5871794871794872,0.7961538461538461,true,0,-0.2860115768525895,-1,NaN,200001,0,-0.28601157483948203,1049,0
A6_pda,-0.5230769230769231,0.7961538461538461,true,0,-0.28601140838955175,-1,NaN,200001,0,-0.28601140642441725,1050,0
A6_pda,-0.45897435897435895,0.7961538461538461,true,0,-0.2860112399185266,-1,NaN,200001,0,-0.2860112379799169,1039,0
A6_pda,-0.39487179487179486,0.7961538461538461,true,0,-0.28601107143188176,-1,NaN,200001,0,-0.28601106951534727,1046,0
A6_pda,-0.33076923076923076,0.7961538461538461,true,0,-0.28601090290641684,-1,NaN,200001,0,-0.2860109010364833,1044,0
A6_pda,-0.26666666666666666,0.7961538461538461,true,0,-0.28601073439581315,-1,NaN,200001,0,-0.28601073254708087,1044,0
A6_pda,-0.20256410256410257,0.7961538461538461,true,0,-0.28601056580888606,-1,NaN,200001,0,-0.2860105640496937,1050,0
A6_pda,-0.13846153846153847,0.7961538461538461,true,0,-0.2860103971687793,-1,NaN,200001,0,-0.28601039554610574,1046,0
A6_pda,-0.07435897435897436,0.7961538461538461,true,0,-0.2860102287596593,-1,NaN,200001,0,-0.28601022703761614,1042,0
A6_pda,-0.010256410256410256,0.7961538461538461,true,0,-0.2860100602505764,-1,NaN,200001,0,-0.2860100585251859,1038,0
A6_pda,0.05384615384615385,0.7961538461538461,true,0,-0.2860098916005356,-1,NaN,200001,0,-0.2860098900095347,1037,0
A6_pda,0.11794871794871795,0.7961538461538461,true,0,-0.2860097230867358,-1,NaN,200001,0,-0.2860097214912263,1032,0
A6_pda,0.18205128205128204,0.7961538461538461,true,0,-0.2860095545318919,-1,NaN,200001,0,-0.2860095529706934,1045,0
A6_pda,0.24615384615384617,0.7961538461538461,true,0,-0.2860093859647175,-1,NaN,200001,0,-0.2860093844482938,1044,0
A6_pda,0.31025641025641026,0.7961538461538461,true,0,-0.28600921750434116,-1,NaN,200001,0,-0.2860092159242964,1042,0
A6_pda,0.37435897435897436,0.7961538461538461,true,0,-0.28600904874871924,-1,NaN,200001,0,-0.28600904739893585,1040,0
A6_pda,0.43846153846153846,0.7961538461538461,true,0,-0.28600888016291814,-1,NaN,200001,0,-0.2860088788723947,1043,0
A6_pda,0.5025641025641026,0.7961538461538461,true,0,-0.28600871184032894,-1,NaN,200001,0,-0.2860087103448321,1046,0
A6_pda,0.5666666666666667,0.7961538461538461,true,0,-0.28600854349460314,-1,NaN,200001,0,-0.286008541816378,1046,0
A6_pda,0.6307692307692307,0.7961538461538461,true,0,-0.2860083746635944,-1,NaN,200001,0,-0.28600837328713746,1052,0
A6_pda,0.6948717948717948,0.7961538461538461,true,0,-0.2860082061295701,-1,NaN,200001,0,-0.2860082047572039,1044,0
A6_pda,0.7589743589743589,0.7961538461538461,true,0,-0.2860080376122274,-1,NaN,200001,0,-0.2860080362266608,1041,0
A6_pda,0.823076923076923,0.7961538461538461,true,0,-0.28600786897677466,-1,NaN,200001,0,-0.28600786769557107,1047,0
A6_pda,0.8871794871794871,0.7961538461538461,true,0,-0.2860077004057686,-1,NaN,200001,0,-0.28600769916400015,1045,0
A6_pda,0.9512820512820512,0.7961538461538461,true,0,-0.28600753221023534,-1,NaN,200001,0,-0.28600753063199114,1036,0
A6_pda,1.0153846153846153,0.7961538461538461,true,0,-0.28600736350916045,-1,NaN,200001,0,-0.28600736209959665,1033,0
A6_pda,1.0794871794871794,0.7961538461538461,true,0,-0.28600719535607455,-1,NaN,200001,0,-0.2860071935668467,1047,0
A6_pda,1.1435897435897435,0.7961538461538461,true,2,1.7139929702870695,-1,NaN,200001,2,1.713992974966216,1057,0
A6_pda,1.2076923076923076,0.7961538461538461,true,2,1.7139931387857064,-1,NaN,200001,2,1.7139931434995626,1044,0
A6_pda,1.2717948717948717,0.7961538461538461,true,2,1.7139933091797108,-1,NaN,200001,2,1.7139933120331714,1049,0
A6_pda,1.3358974358974358,0.7961538461538461,true,2,1.713993476020223,-1,NaN,200001,2,1.7139934805670132,1047,0
A6_pda,1.4,0.7961538461538461,true,2,1.7139936440212917,-1,NaN,200001,2,1.7139936491010688,1044,0
A6_pda,-1.1,0.8551282051282051,true,3,2.6745198695532606,-1,NaN,200001,3,2.674519879108227,1167,1
A6_pda,-1.035897435897436,0.8551282051282051,true,3,2.67452004194846,-1,NaN,200001,3,2.6745200461025496,1200,1
A6_pda,-0.9717948717948718,0.8551282051282051,true,2,1.6745202238440218,-1,NaN,200001,2,1.6745202441010638,1135,0
A6_pda,-0.9076923076923077,0.8551282051282051,true,2,1.6745203985568216,-1,NaN,200001,2,1.6745204085116767,1184,0
A6_pda,-0.8435897435897436,0.8551282051282051,true,2,1.674520571987082,-1,NaN,200001,2,1.6745205806309702,1169,0
A6_pda,-0.7794871794871795,0.8551282051282051,true,2,1.6745207462190925,-1,NaN,200001,2,1.6745207537362519,1157,0
A6_pda,-0.7153846153846154,0.8551282051282051,true,2,1.6745209195916888,-1,NaN,200001,2,1.6745209271613035,1221,0
A6_pda,-0.6512820512820513,0.8551282051282051,true,2,1.6745210938546984,-1,NaN,200001,2,1.674521100729776,1175,0
A6_pda,-0.5871794871794872,0.8551282051282051,true,2,1.674521267301093,-1,NaN,200001,2,1.6745212743748508,1164,0
A6_pda,-0.5230769230769231,0.8551282051282051,true,2,1.674521441434531,-1,NaN,200001,2,1.6745214480656403,1163,0
A6_pda,-0.45897435897435895,0.8551282051282051,true,2,1.674521615067026,-1,NaN,200001,2,1.6745216217858856,1173,0
A6_pda,-0.39487179487179486,0.8551282051282051,true,0,-0.32547820888756474,-1,NaN,200001,0,-0.32547820447377807,1149,0
A6_pda,-0.33076923076923076,0.8551282051282051,true,0,-0.32547803459298774,-1,NaN,200001,0,-0.3254780307191232,1196,0
A6_pda,-0.26666666666666666,0.8551282051282051,true,0,-0.3254778601124919,-1,NaN,200001,0,-0.32547785695390985,1194,0
A6_pda,-0.20256410256410257,0.8551282051282051,true,0,-0.3254776873585752,-1,NaN,200001,0,-0.3254776831806887,1138,0
A6_pda,-0.13846153846153847,0.8551282051282051,true,0,-0.32547751305221406,-1,NaN,200001,0,-0.32547750940124875,1191,0
A6_pda,-0.07435897435897436,0.8551282051282051,true,0,-0.32547733891942165,-1,NaN,200001,0,-0.3254773356168812,1157,0
A6_pda,-0.010256410256410256,0.8551282051282051,true,0,-0.325477164939068,-1,NaN,200001,0,-0.3254771618285528,1174,0
A6_pda,0.05384615384615385,0.8551282051282051,true,0,-0.32547699162682164,-1,NaN,200001,0,-0.3254769880369812,1188,0
A6_pda,0.11794871794871795,0.8551282051282051,true,0,-0.32547681790076166,-1,NaN,200001,0,-0.32547681424273,1193,0
A6_pda,0.18205128205128204,0.8551282051282051,true,0,-0.3254766436171086,-1,NaN,200001,0,-0.3254766404462375,1203,0
A6_pda,0.24615384615384617,0.8551282051282051,true,0,-0.3254764701776809,-1,NaN,200001,0,-0.3254764666478458,1161,0
A6_pda,0.31025641025641026,0.8551282051282051,true,0,-0.3254762964119846,-1,NaN,200001,0,-0.3254762928478443,1193,0
A6_pda,0.37435897435897436,0.8551282051282051,true,0,-0.3254761225456395,-1,NaN,200001,0,-0.3254761190464541,1182,0
A6_pda,0.43846153846153846,0.8551282051282051,true,0,-0.3254759485512928,-1,NaN,200001,0,-0.32547594524386425,1122,0
A6_pda,0.5025641025641026,0.8551282051282051,true,0,-0.32547577514756054,-1,NaN,200001,0,-0.32547577144022966,1197,0
A6_pda,0.5666666666666667,0.8551282051282051,true,0,-0.3254756007655373,-1,NaN,200001,0,-0.32547559763567624,1134,0
A6_pda,0.6307692307692307,0.8551282051282051,true,0,-0.3254754278939065,-1,NaN,200001,0,-0.3254754238303188,1174,0
A6_pda,0.6948717948717948,0.8551282051282051,true,0,-0.32547525348957884,-1,NaN,200001,0,-0.32547525002424926,1164,0
A6_pda,0.7589743589743589,0.8551282051282051,true,0,-0.3254750796327528,-1,NaN,200001,0,-0.325475076217546,1123,0
A6_pda,0.823076923076923,0.8551282051282051,true,0,-0.32547490579602956,-1,NaN,200001,0,-0.32547490241027677,1162,0
A6_pda,0.8871794871794871,0.8551282051282051,true,0,-0.32547473185799447,-1,NaN,200001,0,-0.3254747286024964,1166,0
A6_pda,0.9512820512820512,0.8551282051282051,true,0,-0.32547455780274515,-1,NaN,200001,0,-0.32547455479426235,1128,0
A6_pda,1.0153846153846153,0.8551282051282051,true,0,-0.3254743846611099,-1,NaN,200001,0,-0.32547438098561887,1193,0
A6_pda,1.0794871794871794,0.8551282051282051,true,0,-0.32547421056689196,-1,NaN,200001,0,-0.3254742071766048,1193,0
A6_pda,1.1435897435897435,0.8551282051282051,true,0,-0.3254740365488398,-1,NaN,200001,0,-0.32547403336724945,1115,0
A6_pda,1.2076923076923076,0.8551282051282051,true,2,1.6745261337860038,-1,NaN,200001,2,1.674526140442411,1170,0
A6_pda,1.2717948717948717,0.8551282051282051,true,2,1.6745263077774806,-1,NaN,200001,2,1.6745263142523554,1166,0
A6_pda,1.3358974358974358,0.8551282051282051,true,2,1.6745264813658467,-1,NaN,200001,2,1.6745264880625532,1145,0
A6_pda,1.4,0.8551282051282051,true,2,1.674526655495381,-1,NaN,200001,2,1.6745266618729846,1166,0
A6_pda,-1.1,0.9141025641025641,true,3,2.634443877360297,-1,NaN,200001,3,2.634443880203132,1251,1
A6_pda,-1.035897435897436,0.9141025641025641,true,3,2.634444050319101,-1,NaN,200001,3,2.6344440471339743,1294,1
A6_pda,-0.9717948717948718,0.9141025641025641,true,2,1.6344442003004562,-1,NaN,200001,2,1.6344442450690404,1275,0
A6_pda,-0.9076923076923077,0.9141025641025641,true,2,1.634444375335959,-1,NaN,200001,2,1.6344444094162234,1264,0
A6_pda,-0.8435897435897436,0.9141025641025641,true,2,1.6344445521438327,-1,NaN,200001,2,1.6344445814721136,1245,0
A6_pda,-0.7794871794871795,0.9141025641025641,true,2,1.6344447309850265,-1,NaN,200001,2,1.6344447545140146,1252,0
A6_pda,-0.7153846153846154,0.9141025641025641,true,2,1.6344448971415342,-1,NaN,200001,2,1.6344449278757096,1247,0
A6_pda,-0.6512820512820513,0.9141025641025641,true,2,1.634445067307687,-1,NaN,200001,2,1.6344451013808508,1278,0
A6_pda,-0.5871794871794872,0.9141025641025641,true,2,1.634445245511302,-1,NaN,200001,2,1.6344452749626144,1290,0
A6_pda,-0.5230769230769231,0.9141025641025641,true,2,1.634445418450586,-1,NaN,200001,2,1.6344454485901183,1260,0
A6_pda,-0.45897435897435895,0.9141025641025641,true,2,1.6344455937161437,-1,NaN,200001,2,1.634445622247098,1251,0
A6_pda,-0.39487179487179486,0.9141025641025641,true,2,1.6344457682314606,-1,NaN,200001,2,1.6344457959242025,1281,0
A6_pda,-0.33076923076923076,0.9141025641025641,true,2,1.634445942348445,-1,NaN,200001,2,1.6344459696156424,1234,0
A6_pda,-0.26666666666666666,0.9141025641025641,true,2,1.6344461142555644,-1,NaN,200001,2,1.634446143317665,1236,0
A6_pda,-0.20256410256410257,0.9141025641025641,true,2,1.6344462795739836,-1,NaN,200001,2,1.634446317027724,1293,0
A6_pda,-0.13846153846153847,0.9141025641025641,true,2,1.6344464570090027,-1,NaN,200001,2,1.6344464907440188,1249,0
A6_pda,-0.07435897435897436,0.9141025641025641,true,2,1.6344466348902245,-1,NaN,200001,2,1.6344466644652695,1263,0
A6_pda,-0.010256410256410256,0.9141025641025641,true,2,1.6344468057545964,-1,NaN,200001,2,1.6344468381905077,1298,0
A6_pda,0.05384615384615385,0.9141025641025641,true,2,1.6344469774669115,-1,NaN,200001,2,1.63444701191901,1269,0
A6_pda,0.11794871794871795,0.9141025641025641,true,2,1.6344471579947344,-1,NaN,200001,2,1.634447185650214,1267,0
A6_pda,0.18205128205128204,0.9141025641025641,true,0,-0.36555263073743194,-1,NaN,200001,0,-0.3655526406163112,1294,0
A6_pda,0.24615384615384617,0.9141025641025641,true,0,-0.365552458758035,-1,NaN,200001,0,-0.36555246688092424,1287,0
A6_pda,0.31025641025641026,0.9141025641025641,true,0,-0.3655522848407564,-1,NaN,200001,0,-0.3655522931438957,1258,0
A6_pda,0.37435897435897436,0.9141025641025641,true,0,-0.36555211135812393,-1,NaN,200001,0,-0.36555211940545385,1287,0
A6_pda,0.43846153846153846,0.9141025641025641,true,0,-0.36555193457685564,-1,NaN,200001,0,-0.36555194566578986,1287,0
A6_pda,0.5025641025641026,0.9141025641025641,true,0,-0.36555176319980287,-1,NaN,200001,0,-0.36555177192505517,1300,0
A6_pda,0.5666666666666667,0.9141025641025641,true,0,-0.36555158711135505,-1,NaN,200001,0,-0.36555159818338545,1283,0
A6_pda,0.6307692307692307,0.9141025641025641,true,0,-0.3655514157656834,-1,NaN,200001,0,-0.36555142444088107,1287,0
A6_pda,0.6948717948717948,0.9141025641025641,true,0,-0.3655512392439131,-1,NaN,200001,0,-0.36555125069764194,1247,0
A6_pda,0.7589743589743589,0.9141025641025641,true,0,-0.3655510658101375,-1,NaN,200001,0,-0.3655510769537429,1279,0
A6_pda,0.823076923076923,0.9141025641025641,true,0,-0.3655508920605528,-1,NaN,200001,0,-0.3655509032092561,1272,0
A6_pda,0.8871794871794871,0.9141025641025641,true,0,-0.3655507185814455,-1,NaN,200001,0,-0.3655507294642384,1270,0
A6_pda,0.9512820512820512,0.9141025641025641,true,0,-0.36555054421725064,-1,NaN,200001,0,-0.36555055571874284,1289,0
A6_pda,1.0153846153846153,0.9141025641025641,true,0,-0.3655503714636472,-1,NaN,200001,0,-0.36555038197280365,1281,0
A6_pda,1.0794871794871794,0.9141025641025641,true,0,-0.36555020566360086,-1,NaN,200001,0,-0.3655502082264763,1250,0
A6_pda,1.1435897435897435,0.9141025641025641,true,0,-0.3655500344308844,-1,NaN,200001,0,-0.3655500344797844,1279,0
A6_pda,1.2076923076923076,0.9141025641025641,true,0,-0.3655498606365315,-1,NaN,200001,0,-0.3655498607327634,1276,0
A6_pda,1.2717948717948717,0.9141025641025641,true,2,1.6344502787373307,-1,NaN,200001,2,1.6344503130145656,1269,0
A6_pda,1.3358974358974358,0.9141025641025641,true,2,1.6344504510021873,-1,NaN,200001,2,1.634450486762172,1259,0
A6_pda,1.4,0.9141025641025641,true,2,1.6344506224040307,-1,NaN,200001,2,1.6344506605100357,1278,0
A6_pda,-1.1,0.9730769230769231,true,3,2.5950049675712057,-1,NaN,200001,3,2.595004995587275,1689,1
A6_pda,-1.035897435897436,0.9730769230769231,true,3,2.5950051366396454,-1,NaN,200001,3,2.5950051571271215,1699,1
A6_pda,-0.9717948717948718,0.9730769230769231,true,2,1.5950053218067781,-1,NaN,200001,2,1.5950053496712189,1721,0
A6_pda,-0.9076923076923077,0.9730769230769231,true,2,1.5950054896731145,-1,NaN,200001,2,1.5950055086274502,1695,0
A6_pda,-0.8435897435897436,0.9730769230769231,true,2,1.5950056573660913,-1,NaN,200001,2,1.5950056752924122,1715,0
A6_pda,-0.7794871794871795,0.9730769230769231,true,2,1.595005825660232,-1,NaN,200001,2,1.5950058429434022,1735,0
A6_pda,-0.7153846153846154,0.9730769230769231,true,2,1.5950059957315013,-1,NaN,200001,2,1.5950060109142137,1676,0
A6_pda,-0.6512820512820513,0.9730769230769231,true,2,1.5950061626648546,-1,NaN,200001,2,1.5950061790284913,1707,0
A6_pda,-0.5871794871794872,0.9730769230769231,true,2,1.5950063328760389,-1,NaN,200001,2,1.5950063472194154,1686,0
A6_pda,-0.5230769230769231,0.9730769230769231,true,2,1.595006498296061,-1,NaN,200001,2,1.5950065154560944,1751,0
A6_pda,-0.45897435897435895,0.9730769230769231,true,2,1.5950066661059927,-1,NaN,200001,2,1.5950066837222792,1722,0
A6_pda,-0.39487179487179486,0.9730769230769231,true,2,1.595006835099618,-1,NaN,200001,2,1.5950068520086065,1680,0
A6_pda,-0.33076923076923076,0.9730769230769231,true,2,1.5950070033906734,-1,NaN,200001,2,1.5950070203092939,1700,0
A6_pda,-0.26666666666666666,0.9730769230769231,true,2,1.5950071743195813,-1,NaN,200001,2,1.5950071886205817,1713,0
A6_pda,-0.20256410256410257,0.9730769230769231,true,2,1.5950073397483662,-1,NaN,200001,2,1.5950073569399281,1702,0
A6_pda,-0.13846153846153847,0.9730769230769231,true,2,1.5950075097559318,-1,NaN,200001,2,1.5950075252655382,1712,0
A6_pda,-0.07435897435897436,0.9730769230769231,true,2,1.5950076777458007,-1,NaN,200001,2,1.5950076935961208,1677,0
A6_pda,-0.010256410256410256,0.9730769230769231,true,2,1.5950078474399063,-1,NaN,200001,2,1.595007861930708,1679,0
A6_pda,0.05384615384615385,0.9730769230769231,true,2,1.5950080184398996,-1,NaN,200001,2,1.595008030268589,1684,0
A6_pda,0.11794871794871795,0.9730769230769231,true,2,1.5950081828816067,-1,NaN,200001,2,1.5950081986091893,1682,0
A6_pda,0.18205128205128204,0.9730769230769231,true,2,1.5950083518430007,-1,NaN,200001,2,1.5950083669520794,1674,0
A6_pda,0.24615384615384617,0.9730769230769231,true,2,1.595008522095102,-1,NaN,200001,2,1.5950085352969094,1733,0
A6_pda,0.31025641025641026,0.9730769230769231,true,2,1.5950086878099046,-1,NaN,200001,2,1.5950087036434013,1711,0
A6_pda,0.37435897435897436,0.9730769230769231,true,2,1.5950088576614347,-1,NaN,200001,2,1.5950088719913273,1712,0
A6_pda,0.43846153846153846,0.9730769230769231,true,2,1.595009024928442,-1,NaN,200001,2,1.5950090403404946,1725,0
A6_pda,0.5025641025641026,0.9730769230769231,true,2,1.595009192955068,-1,NaN,200001,2,1.5950092086907555,1738,0
A6_pda,0.5666666666666667,0.9730769230769231,true,2,1.59500935962867,-1,NaN,200001,2,1.5950093770419818,1746,0
A6_pda,0.6307692307692307,0.9730769230769231,true,2,1.5950095310719894,-1,NaN,200001,2,1.5950095453940507,1679,0
A6_pda,0.6948717948717948,0.9730769230769231,true,2,1.5950096977087602,-1,NaN,200001,2,1.5950097137468826,1728,0
A6_pda,0.7589743589743589,0.9730769230769231,true,0,-0.4049901164051508,-1,NaN,200001,0,-0.40499011789960515,1734,0
A6_pda,0.823076923076923,0.9730769230769231,true,0,-0.404989931937338,-1,NaN,200001,0,-0.4049899495454843,1690,0
A6_pda,0.8871794871794871,0.9730769230769231,true,0,-0.40498977027655725,-1,NaN,200001,0,-0.4049897811908092,1724,0
A6_pda,0.9512820512820512,0.9730769230769231,true,0,-0.40498961178274984,-1,NaN,200001,0,-0.4049896128356265,1667,0
A6_pda,1.0153846153846153,0.9730769230769231,true,0,-0.4049894262878475,-1,NaN,200001,0,-0.40498944447999596,1746,0
A6_pda,1.0794871794871794,0.9730769230769231,true,0,-0.4049892575021161,-1,NaN,200001,0,-0.4049892761239404,1720,0
A6_pda,1.1435897435897435,0.9730769230769231,true,0,-0.4049890985220457,-1,NaN,200001,0,-0.40498910776750496,1716,0
A6_pda,1.2076923076923076,0.9730769230769231,true,0,-0.4049889229087875,-1,NaN,200001,0,-0.4049889394107147,1723,0
A6_pda,1.2717948717948717,0.9730769230769231,true,0,-0.40498875493661646,-1,NaN,200001,0,-0.404988771053604,1716,0
A6_pda,1.3358974358974358,0.9730769230769231,true,2,1.595011384449677,-1,NaN,200001,2,1.5950113973038111,1732,0
A6_pda,1.4,0.9730769230769231,true,2,1.5950115506878486,-1,NaN,200001,2,1.5950115656615107,1717,0
A6_pda,-1.1,1.0320512820512822,false,161,160.55733550222183,-1,NaN,200001,161,160.55733618489504,1727,1
A6_pda,-1.035897435897436,1.0320512820512822,false,161,160.55733611412248,-1,NaN,200001,161,160.5573363366509,1759,1
A6_pda,-0.9717948717948718,1.0320512820512822,false,160,159.55733629766286,-1,NaN,200001,160,159.55733651941057,1716,0
A6_pda,-0.9076923076923077,1.0320512820512822,false,160,159.55733720956405,-1,NaN,200001,160,159.55733666858282,1702,0
A6_pda,-0.8435897435897436,1.0320512820512822,false,160,159.55733746831373,-1,NaN,200001,160,159.55733682546366,1695,0
A6_pda,-0.7794871794871795,1.0320512820512822,false,160,159.55734408204498,-1,NaN,200001,160,159.5573369833307,1775,0
A6_pda,-0.7153846153846154,1.0320512820512822,false,160,159.55733737080234,-1,NaN,200001,160,159.55733714151754,1712,0
A6_pda,-0.6512820512820513,1.0320512820512822,false,160,159.55734039982357,-1,NaN,200001,160,159.5573372998474,1712,0
A6_pda,-0.5871794871794872,1.0320512820512822,false,160,159.5573380464848,-1,NaN,200001,160,159.55733745825424,1690,0
A6_pda,-0.5230769230769231,1.0320512820512822,false,160,159.5573381843056,-1,NaN,200001,160,159.55733761670677,1737,0
A6_pda,-0.45897435897435895,1.0320512820512822,false,160,159.5573383430151,-1,NaN,200001,160,159.5573377751891,1691,0
A6_pda,-0.39487179487179486,1.0320512820512822,false,160,159.55734437810014,-1,NaN,200001,160,159.55733793369126,1703,0
A6_pda,-0.33076923076923076,1.0320512820512822,false,160,159.55733822062552,-1,NaN,200001,160,159.55733809220803,1727,0
A6_pda,-0.26666666666666666,1.0320512820512822,false,160,159.55733892339188,-1,NaN,200001,160,159.5573382507351,1714,0
A6_pda,-0.20256410256410257,1.0320512820512822,false,160,159.5573388996886,-1,NaN,200001,160,159.55733840927067,1713,0
A6_pda,-0.13846153846153847,1.0320512820512822,false,160,159.5573380497797,-1,NaN,200001,160,159.55733856781225,1693,0
A6_pda,-0.07435897435897436,1.0320512820512822,false,160,159.55733914908762,-1,NaN,200001,160,159.55733872635895,1708,0
A6_pda,-0.010256410256410256,1.0320512820512822,false,160,159.55733917305062,-1,NaN,200001,160,159.5573388849096,1705,0
A6_pda,0.05384615384615385,1.0320512820512822,false,160,159.5573396900283,-1,NaN,200001,160,159.55733904346357,1707,0
A6_pda,0.11794871794871795,1.0320512820512822,false,160,159.55733954817865,-1,NaN,200001,160,159.5573392020203,1727,0
A6_pda,0.18205128205128204,1.0320512820512822,false,160,159.55734004566577,-1,NaN,200001,160,159.55733936057928,1714,0
A6_pda,0.24615384615384617,1.0320512820512822,false,160,159.55733858937342,-1,NaN,200001,160,159.55733951914019,1748,0
A6_pda,0.31025641025641026,1.0320512820512822,false,160,159.55733943454626,-1,NaN,200001,160,159.55733967770297,1682,0
A6_pda,0.37435897435897436,1.0320512820512822,false,160,159.55734012430034,-1,NaN,200001,160,159.55733983626703,1702,0
A6_pda,0.43846153846153846,1.0320512820512822,false,160,159.5573403521254,-1,NaN,200001,160,159.55733999483235,1735,0
A6_pda,0.5025641025641026,1.0320512820512822,false,160,159.5573403370301,-1,NaN,200001,160,159.55734015339885,1714,0
A6_pda,0.5666666666666667,1.0320512820512822,false,160,159.55734066068564,-1,NaN,200001,160,159.55734031196624,1745,0
A6_pda,0.6307692307692307,1.0320512820512822,false,160,159.55734089181544,-1,NaN,200001,160,159.5573404705347,1675,0
A6_pda,0.6948717948717948,1.0320512820512822,false,160,159.5573406374324,-1,NaN,200001,160,159.55734062910352,1747,0
A6_pda,0.7589743589743589,1.0320512820512822,false,160,159.55733999376042,-1,NaN,200001,160,159.5573407876734,1703,0
A6_pda,0.823076923076923,1.0320512820512822,false,160,159.55734164030687,-1,NaN,200001,160,159.55734094624376,1667,0
A6_pda,0.8871794871794871,1.0320512820512822,false,160,159.55734088579888,-1,NaN,200001,160,159.55734110481475,1751,0
A6_pda,0.9512820512820512,1.0320512820512822,false,160,159.5573430531041,-1,NaN,200001,160,159.55734126338604,1757,0
A6_pda,1.0153846153846153,1.0320512820512822,false,160,159.55734187446134,-1,NaN,200001,160,159.55734142195809,1702,0
A6_pda,1.0794871794871794,1.0320512820512822,false,160,159.55734180834207,-1,NaN,200001,160,159.55734158053056,1724,0
A6_pda,1.1435897435897435,1.0320512820512822,false,160,159.55734178116322,-1,NaN,200001,160,159.55734173910304,1697,0
A6_pda,1.2076923076923076,1.0320512820512822,false,160,159.5573422441795,-1,NaN,200001,160,159.55734189767625,1671,0
A6_pda,1.2717948717948717,1.0320512820512822,false,160,159.55734260123427,-1,NaN,200001,160,159.55734205625004,1697,0
A6_pda,1.3358974358974358,1.0320512820512822,false,158,157.5573420563576,-1,NaN,200001,158,157.5573422148238,1732,0
A6_pda,1.4,1.0320512820512822,false,160,159.55734266233446,-1,NaN,200001,160,159.55734237339794,1736,0
A6_pda,-1.1,1.091025641025641,false,161,160.52228318175176,-1,NaN,200001,161,160.52228286264688,1441,1
A6_pda,-1.035897435897436,1.091025641025641,false,161,160.52228311281888,-1,NaN,200001,161,160.5222830017099,1413,1
A6_pda,-0.9717948717948718,1.091025641025641,false,160,159.52228334474046,-1,NaN,200001,160,159.52228317177745,1422,0
A6_pda,-0.9076923076923077,1.091025641025641,false,160,159.52228344095843,-1,NaN,200001,160,159.52228330825685,1400,0
A6_pda,-0.8435897435897436,1.091025641025641,false,160,159.52228375431164,-1,NaN,200001,160,159.52228345244504,1445,0
A6_pda,-0.7794871794871795,1.091025641025641,false,160,159.52228367193212,-1,NaN,200001,160,159.5222835976192,1440,0
A6_pda,-0.7153846153846154,1.091025641025641,false,160,159.52228389905446,-1,NaN,200001,160,159.5222837431131,1440,0
A6_pda,-0.6512820512820513,1.091025641025641,false,160,159.52228244687188,-1,NaN,200001,160,159.52228388875108,1431,0
A6_pda,-0.5871794871794872,1.091025641025641,false,160,159.52228409791533,-1,NaN,200001,160,159.52228403446514,1460,0
A6_pda,-0.5230769230769231,1.091025641025641,false,160,159.52228441602207,-1,NaN,200001,160,159.5222841802253,1451,0
A6_pda,-0.45897435897435895,1.091025641025641,false,160,159.52228457483153,-1,NaN,200001,160,159.52228432601498,1400,0
A6_pda,-0.39487179487179486,1.091025641025641,false,160,159.52228392669716,-1,NaN,200001,160,159.52228447182478,1443,0
A6_pda,-0.33076923076923076,1.091025641025641,false,160,159.52228400268666,-1,NaN,200001,160,159.52228461764872,1426,0
A6_pda,-0.26666666666666666,1.091025641025641,false,160,159.52228464875185,-1,NaN,200001,160,159.52228476348347,1428,0
A6_pda,-0.20256410256410257,1.091025641025641,false,160,159.52228490754425,-1,NaN,200001,160,159.5222849093265,1439,0
A6_pda,-0.13846153846153847,1.091025641025641,false,160,159.52228526749394,-1,NaN,200001,160,159.52228505517542,1416,0
A6_pda,-0.07435897435897436,1.091025641025641,false,160,159.52228516149228,-1,NaN,200001,160,159.52228520102975,1449,0
A6_pda,-0.010256410256410256,1.091025641025641,false,160,159.5222856911326,-1,NaN,200001,160,159.52228534688768,1417,0
A6_pda,0.05384615384615385,1.091025641025641,false,160,159.52228439996418,-1,NaN,200001,160,159.52228549274935,1427,0
A6_pda,0.11794871794871795,1.091025641025641,false,160,159.52228566410295,-1,NaN,200001,160,159.5222856386138,1437,0
A6_pda,0.18205128205128204,1.091025641025641,false,160,159.5222860736874,-1,NaN,200001,160,159.52228578448023,1402,0
A6_pda,0.24615384615384617,1.091025641025641,false,160,159.52228607497776,-1,NaN,200001,160,159.52228593034863,1415,0
A6_pda,0.31025641025641026,1.091025641025641,false,160,159.52228626744292,-1,NaN,200001,160,159.5222860762189,1436,0
A6_pda,0.37435897435897436,1.091025641025641,false,160,159.5222864341032,-1,NaN,200001,160,159.52228622209051,1453,0
A6_pda,0.43846153846153846,1.091025641025641,false,160,159.52228645561337,-1,NaN,200001,160,159.5222863679634,1440,0
A6_pda,0.5025641025641026,1.091025641025641,false,160,159.52228597258218,-1,NaN,200001,160,159.5222865138375,1409,0
A6_pda,0.5666666666666667,1.091025641025641,false,160,159.52228681218776,-1,NaN,200001,160,159.5222866597124,1476,0
A6_pda,0.6307692307692307,1.091025641025641,false,160,159.52228688359585,-1,NaN,200001,160,159.52228680558818,1411,0
A6_pda,0.6948717948717948,1.091025641025641,false,160,159.52228600666103,-1,NaN,200001,160,159.52228695146505,1433,0
A6_pda,0.7589743589743589,1.091025641025641,false,160,159.5222865319015,-1,NaN,200001,160,159.52228709734248,1440,0
A6_pda,0.823076923076923,1.091025641025641,false,160,159.52228635271544,-1,NaN,200001,160,159.5222872432206,1453,0
A6_pda,0.8871794871794871,1.091025641025641,false,160,159.52228751347985,-1,NaN,200001,160,159.522287389099,1452,0
A6_pda,0.9512820512820512,1.091025641025641,false,160,159.5222873875129,-1,NaN,200001,160,159.52228753497823,1440,0
A6_pda,1.0153846153846153,1.091025641025641,false,160,159.52228784385133,-1,NaN,200001,160,159.5222876808579,1480,0
A6_pda,1.0794871794871794,1.091025641025641,false,160,159.5222877737091,-1,NaN,200001,160,159.52228782673797,1438,0
A6_pda,1.1435897435897435,1.091025641025641,false,160,159.52228717763455,-1,NaN,200001,160,159.52228797261836,1490,0
A6_pda,1.2076923076923076,1.091025641025641,false,160,159.52228729015462,-1,NaN,200001,160,159.52228811849935,1503,0
A6_pda,1.2717948717948717,1.091025641025641,false,160,159.5222879950539,-1,NaN,200001,160,159.5222882643805,1473,0
A6_pda,1.3358974358974358,1.091025641025641,false,160,159.5222887112558,-1,NaN,200001,160,159.52228841026204,1461,0
A6_pda,1.4,1.091025641025641,false,160,159.52228866910738,-1,NaN,200001,160,159.5222885561437,1482,0
A6_pda,-1.1,1.15,false,160,160.49033247621023,-1,NaN,200001,160,160.4903332477798,1156,1
A6_pda,-1.035897435897436,1.15,false,160,160.4903334053255,-1,NaN,200001,160,160.49033337278715,1168,1
A6_pda,-0.9717948717948718,1.15,false,159,159.49033393540145,-1,NaN,200001,159,159.49033352879914,1187,0
A6_pda,-0.9076923076923077,1.15,false,159,159.49033398186637,-1,NaN,200001,159,159.4903336512231,1167,0
A6_pda,-0.8435897435897436,1.15,false,159,159.49033292630205,-1,NaN,200001,159,159.49033378135573,1151,0
A6_pda,-0.7794871794871795,1.15,false,159,159.49033506615493,-1,NaN,200001,159,159.49033391247474,1169,0
A6_pda,-0.7153846153846154,1.15,false,159,159.49033345833337,-1,NaN,200001,159,159.49033404391352,1164,0
A6_pda,-0.6512820512820513,1.15,false,159,159.49033438600762,-1,NaN,200001,159,159.49033417549558,1161,0
A6_pda,-0.5871794871794872,1.15,false,159,159.49033438483548,-1,NaN,200001,159,159.49033430715446,1146,0
A6_pda,-0.5230769230769231,1.15,false,159,159.49033471532633,-1,NaN,200001,159,159.490334438859,1154,0
A6_pda,-0.45897435897435895,1.15,false,159,159.49033415201825,-1,NaN,200001,159,159.49033457059326,1162,0
A6_pda,-0.39487179487179486,1.15,false,159,159.49033508642177,-1,NaN,200001,159,159.49033470234755,1185,0
A6_pda,-0.33076923076923076,1.15,false,159,159.49033513491335,-1,NaN,200001,159,159.4903348341165,1172,0
A6_pda,-0.26666666666666666,1.15,false,159,159.4903351284497,-1,NaN,200001,159,159.4903349658956,1182,0
A6_pda,-0.20256410256410257,1.15,false,159,159.49033564566975,-1,NaN,200001,159,159.49033509768313,1176,0
A6_pda,-0.13846153846153847,1.15,false,159,159.49033513957798,-1,NaN,200001,159,159.49033522947687,1170,0
A6_pda,-0.07435897435897436,1.15,false,159,159.4903357274574,-1,NaN,200001,159,159.49033536127544,1172,0
A6_pda,-0.010256410256410256,1.15,false,159,159.49033475390672,-1,NaN,200001,159,159.4903354930784,1151,0
A6_pda,0.05384615384615385,1.15,false,159,159.49033480085868,-1,NaN,200001,159,159.49033562488432,1179,0
A6_pda,0.11794871794871795,1.15,false,159,159.49033608158484,-1,NaN,200001,159,159.49033575669324,1181,0
A6_pda,0.18205128205128204,1.15,false,159,159.4903361511966,-1,NaN,200001,159,159.4903358885044,1177,0
A6_pda,0.24615384615384617,1.15,false,159,159.49033639833542,-1,NaN,200001,159,159.49033602031756,1183,0
A6_pda,0.31025641025641026,1.15,false,159,159.4903364972889,-1,NaN,200001,159,159.49033615213227,1162,0
A6_pda,0.37435897435897436,1.15,false,159,159.49033632120413,-1,NaN,200001,159,159.49033628394858,1166,0
A6_pda,0.43846153846153846,1.15,false,159,159.49033686475772,-1,NaN,200001,159,159.49033641576605,1186,0
A6_pda,0.5025641025641026,1.15,false,159,159.4903374014685,-1,NaN,200001,159,159.49033654758477,1178,0
A6_pda,0.5666666666666667,1.15,false,159,159.49033972261694,-1,NaN,200001,159,159.49033667940452,1172,0
A6_pda,0.6307692307692307,1.15,false,159,159.49033719311214,-1,NaN,200001,159,159.49033681122498,1172,0
A6_pda,0.6948717948717948,1.15,false,159,159.49033743339024,-1,NaN,200001,159,159.49033694304623,1175,0
A6_pda,0.7589743589743589,1.15,false,159,159.49033762750778,-1,NaN,200001,159,159.49033707486828,1165,0
A6_pda,0.823076923076923,1.15,false,159,159.49033805847495,-1,NaN,200001,159,159.49033720669107,1185,0
A6_pda,0.8871794871794871,1.15,false,159,159.49033779508574,-1,NaN,200001,159,159.4903373385142,1180,0
A6_pda,0.9512820512820512,1.15,false,159,159.49033786699871,-1,NaN,200001,159,159.49033747033792,1172,0
A6_pda,1.0153846153846153,1.15,false,159,159.49033776216933,-1,NaN,200001,159,159.49033760216238,1171,0
A6_pda,1.0794871794871794,1.15,false,159,159.4903384847536,-1,NaN,200001,159,159.49033773398708,1169,0
A6_pda,1.1435897435897435,1.15,false,159,159.4903382521244,-1,NaN,200001,159,159.490337865812,1171,0
A6_pda,1.2076923076923076,1.15,false,159,159.49033842926312,-1,NaN,200001,159,159.49033799763774,1186,0
A6_pda,1.2717948717948717,1.15,false,159,159.49033836086153,-1,NaN,200001,159,159.4903381294633,1188,0
A6_pda,1.3358974358974358,1.15,false,159,159.4903385020729,-1,NaN,200001,159,159.49033826128976,1178,0
A6_pda,1.4,1.15,false,159,159.49033809432103,-1,NaN,200001,159,159.49033839311605,1181,0
